transaction_month,state,category,age_bucket,amount_bucket,total_transactions,total_revenue,total_profit,avg_transaction_value,unique_customers
2014-01,Arizona,Furniture,60+,Medium (50-500),1,181.47,-320.6,181.47,1
2014-01,Arizona,Office Supplies,60+,Low (<50),1,32.34,-23.72,32.34,1
2014-01,Arizona,Office Supplies,60+,Medium (50-500),2,164.78,56.32,82.39,1
2014-01,Arkansas,Furniture,45-59,High (500-1500),1,1067.94,224.27,1067.94,1
2014-01,Arkansas,Furniture,45-59,Low (<50),1,38.6,11.58,38.6,1
2014-01,Arkansas,Office Supplies,45-59,Low (<50),3,52.93,19.42,17.64,1
2014-01,Arkansas,Technology,45-59,High (500-1500),1,699.93,181.98,699.93,1
2014-01,California,Furniture,18-24,Medium (50-500),2,624.66,7.35,312.33,2
2014-01,California,Furniture,25-34,Low (<50),1,19.3,5.79,19.3,1
2014-01,California,Furniture,35-44,Medium (50-500),1,333.0,-16.65,333.0,1
2014-01,California,Office Supplies,18-24,High (500-1500),1,1325.85,238.65,1325.85,1
2014-01,California,Office Supplies,18-24,Low (<50),1,19.9,6.57,19.9,1
2014-01,California,Office Supplies,25-34,Low (<50),2,38.8,18.62,19.4,2
2014-01,California,Office Supplies,35-44,Low (<50),1,36.44,12.03,36.44,1
2014-01,California,Office Supplies,35-44,Medium (50-500),1,57.23,14.31,57.23,1
2014-01,Delaware,Furniture,35-44,Low (<50),1,9.94,3.08,9.94,1
2014-01,Florida,Furniture,45-59,Low (<50),1,25.25,4.1,25.25,1
2014-01,Georgia,Office Supplies,45-59,Low (<50),1,12.78,5.24,12.78,1
2014-01,Georgia,Technology,35-44,Medium (50-500),1,149.95,65.98,149.95,1
2014-01,Illinois,Office Supplies,45-59,Low (<50),2,15.32,-1.22,7.66,1
2014-01,Illinois,Office Supplies,45-59,Medium (50-500),1,272.74,-64.77,272.74,1
2014-01,Indiana,Office Supplies,18-24,Low (<50),1,5.94,0.0,5.94,1
2014-01,Kentucky,Furniture,25-34,Very High (1500+),1,2573.82,746.41,2573.82,1
2014-01,Kentucky,Office Supplies,25-34,High (500-1500),1,609.98,274.49,609.98,1
2014-01,Kentucky,Office Supplies,25-34,Low (<50),3,43.14,4.8,14.38,1
2014-01,Kentucky,Technology,25-34,High (500-1500),1,755.96,204.11,755.96,1
2014-01,Kentucky,Technology,25-34,Medium (50-500),1,391.98,113.67,391.98,1
2014-01,Louisiana,Office Supplies,45-59,High (500-1500),1,572.58,34.35,572.58,1
2014-01,Louisiana,Office Supplies,45-59,Low (<50),2,17.0,8.05,8.5,1
2014-01,Louisiana,Office Supplies,45-59,Medium (50-500),1,50.94,25.47,50.94,1
2014-01,Louisiana,Technology,45-59,High (500-1500),1,646.74,258.7,646.74,1
2014-01,Michigan,Furniture,25-34,Low (<50),1,14.73,4.86,14.73,1
2014-01,Michigan,Furniture,25-34,Medium (50-500),1,272.94,30.02,272.94,1
2014-01,Michigan,Office Supplies,25-34,Low (<50),5,117.21,43.86,23.44,2
2014-01,Michigan,Office Supplies,25-34,Medium (50-500),3,544.24,116.46,181.41,2
2014-01,Nevada,Office Supplies,25-34,Low (<50),1,40.08,19.24,40.08,1
2014-01,New York,Office Supplies,35-44,Low (<50),1,3.93,1.33,3.93,1
2014-01,Ohio,Office Supplies,45-59,Low (<50),2,40.85,10.57,20.42,1
2014-01,Oregon,Office Supplies,35-44,Medium (50-500),1,64.86,6.49,64.86,1
2014-01,Pennsylvania,Furniture,25-34,Medium (50-500),1,61.96,-53.29,61.96,1
2014-01,Pennsylvania,Furniture,60+,Medium (50-500),1,127.1,28.6,127.1,1
2014-01,Pennsylvania,Office Supplies,25-34,Low (<50),1,19.54,4.88,19.54,1
2014-01,Pennsylvania,Office Supplies,60+,Low (<50),2,48.66,-3.48,24.33,1
2014-01,Pennsylvania,Technology,60+,Medium (50-500),1,124.2,-31.05,124.2,1
2014-01,South Carolina,Furniture,18-24,High (500-1500),1,545.94,87.35,545.94,1
2014-01,South Dakota,Furniture,60+,Medium (50-500),1,141.96,39.75,141.96,1
2014-01,South Dakota,Office Supplies,60+,Low (<50),1,10.68,5.02,10.68,1
2014-01,Tennessee,Office Supplies,25-34,Medium (50-500),1,67.19,-51.52,67.19,1
2014-01,Texas,Furniture,25-34,Medium (50-500),1,76.73,-53.71,76.73,1
2014-01,Texas,Office Supplies,25-34,Low (<50),1,10.43,-18.25,10.43,1
2014-01,Texas,Office Supplies,35-44,Low (<50),1,16.45,5.55,16.45,1
2014-01,Texas,Office Supplies,60+,Low (<50),1,9.34,1.17,9.34,1
2014-01,Texas,Technology,60+,Low (<50),1,31.2,9.75,31.2,1
2014-01,Virginia,Furniture,45-59,Low (<50),1,12.42,4.47,12.42,1
2014-01,Virginia,Furniture,45-59,Medium (50-500),1,62.82,30.78,62.82,1
2014-01,Virginia,Furniture,60+,Medium (50-500),1,51.94,21.3,51.94,1
2014-01,Virginia,Office Supplies,45-59,Low (<50),2,36.12,17.67,18.06,1
2014-01,Virginia,Office Supplies,45-59,Medium (50-500),1,489.92,0.0,489.92,1
2014-01,Virginia,Office Supplies,60+,Low (<50),1,2.89,1.36,2.89,1
2014-01,Virginia,Technology,45-59,Medium (50-500),2,343.33,52.63,171.66,1
2014-02,California,Furniture,60+,Medium (50-500),1,129.57,-24.29,129.57,1
2014-02,California,Office Supplies,25-34,Low (<50),3,63.84,27.93,21.28,3
2014-02,California,Office Supplies,25-34,Medium (50-500),1,82.9,29.01,82.9,1
2014-02,California,Office Supplies,35-44,Low (<50),1,12.96,6.22,12.96,1
2014-02,California,Office Supplies,60+,Low (<50),1,19.44,9.33,19.44,1
2014-02,Florida,Office Supplies,45-59,Low (<50),1,18.34,-12.22,18.34,1
2014-02,Florida,Technology,45-59,Medium (50-500),1,180.96,13.57,180.96,1
2014-02,Illinois,Office Supplies,18-24,Low (<50),1,8.85,-13.72,8.85,1
2014-02,Illinois,Office Supplies,60+,Low (<50),1,8.95,-14.77,8.95,1
2014-02,Illinois,Office Supplies,60+,Medium (50-500),1,54.21,8.81,54.21,1
2014-02,Indiana,Furniture,60+,Low (<50),1,20.32,6.91,20.32,1
2014-02,Indiana,Technology,60+,Medium (50-500),1,62.31,22.43,62.31,1
2014-02,Missouri,Furniture,45-59,Medium (50-500),2,393.83,68.49,196.92,1
2014-02,Missouri,Office Supplies,45-59,Low (<50),2,24.58,11.31,12.29,1
2014-02,Missouri,Office Supplies,45-59,Medium (50-500),2,116.86,26.99,58.43,1
2014-02,Nevada,Furniture,25-34,Low (<50),1,14.56,5.53,14.56,1
2014-02,New Jersey,Technology,45-59,Medium (50-500),1,115.36,49.6,115.36,1
2014-02,New York,Office Supplies,45-59,Medium (50-500),1,64.96,9.74,64.96,1
2014-02,Ohio,Office Supplies,60+,Low (<50),1,19.46,3.4,19.46,1
2014-02,Oregon,Office Supplies,18-24,Low (<50),2,55.67,18.79,27.84,1
2014-02,Texas,Furniture,35-44,Low (<50),1,25.16,-11.32,25.16,1
2014-02,Texas,Office Supplies,35-44,Low (<50),2,11.36,-4.52,5.68,1
2014-02,Texas,Office Supplies,45-59,Low (<50),4,37.84,-12.12,9.46,3
2014-02,Virginia,Furniture,60+,High (500-1500),1,1256.22,75.37,1256.22,1
2014-02,Virginia,Office Supplies,45-59,Low (<50),1,15.0,7.2,15.0,1
2014-02,Virginia,Office Supplies,60+,Low (<50),1,17.46,8.21,17.46,1
2014-02,Virginia,Technology,45-59,Medium (50-500),2,306.56,84.05,153.28,1
2014-02,Virginia,Technology,60+,Medium (50-500),1,234.45,103.16,234.45,1
2014-02,Washington,Office Supplies,25-34,Low (<50),1,21.36,7.21,21.36,1
2014-02,Washington,Office Supplies,25-34,Medium (50-500),2,320.58,27.72,160.29,1
2014-02,Washington,Office Supplies,45-59,Low (<50),1,13.27,4.31,13.27,1
2014-02,Washington,Office Supplies,45-59,Medium (50-500),1,83.84,27.25,83.84,1
2014-02,Washington,Technology,25-34,Medium (50-500),1,239.97,86.39,239.97,1
2014-02,Wisconsin,Technology,60+,Medium (50-500),1,468.9,206.32,468.9,1
2014-03,Arizona,Furniture,60+,Medium (50-500),1,314.35,-35.36,314.35,1
2014-03,Arizona,Office Supplies,60+,Medium (50-500),1,74.35,23.24,74.35,1
2014-03,California,Furniture,18-24,Low (<50),1,40.48,14.57,40.48,1
2014-03,California,Furniture,25-34,High (500-1500),1,626.35,-23.49,626.35,1
2014-03,California,Furniture,35-44,Medium (50-500),1,111.0,14.43,111.0,1
2014-03,California,Furniture,45-59,Medium (50-500),1,205.67,-12.1,205.67,1
2014-03,California,Furniture,60+,High (500-1500),1,1198.33,70.49,1198.33,1
2014-03,California,Office Supplies,18-24,Low (<50),1,7.98,2.07,7.98,1
2014-03,California,Office Supplies,25-34,High (500-1500),1,673.57,252.59,673.57,1
2014-03,California,Office Supplies,25-34,Low (<50),2,31.3,10.27,15.65,1
2014-03,California,Office Supplies,25-34,Medium (50-500),1,52.98,14.83,52.98,1
2014-03,California,Office Supplies,35-44,Low (<50),1,18.75,9.0,18.75,1
2014-03,California,Office Supplies,35-44,Very High (1500+),1,1856.19,334.11,1856.19,1
2014-03,California,Office Supplies,45-59,Medium (50-500),1,330.4,85.9,330.4,1
2014-03,California,Office Supplies,60+,Low (<50),5,60.82,21.55,12.16,2
2014-03,California,Technology,25-34,Low (<50),1,28.78,2.88,28.78,1
2014-03,California,Technology,35-44,High (500-1500),1,1279.97,415.99,1279.97,1
2014-03,California,Technology,35-44,Medium (50-500),1,66.3,8.62,66.3,1
2014-03,California,Technology,45-59,High (500-1500),1,604.75,37.8,604.75,1
2014-03,California,Technology,60+,Low (<50),1,45.48,15.92,45.48,1
2014-03,Colorado,Office Supplies,60+,High (500-1500),1,636.41,-15.91,636.41,1
2014-03,Colorado,Office Supplies,60+,Medium (50-500),1,83.17,9.36,83.17,1
2014-03,Florida,Furniture,18-24,Low (<50),3,70.7,12.02,23.57,2
2014-03,Florida,Furniture,25-34,High (500-1500),1,1125.49,98.48,1125.49,1
2014-03,Florida,Furniture,60+,Low (<50),1,30.77,8.08,30.77,1
2014-03,Florida,Furniture,60+,Medium (50-500),1,122.35,15.29,122.35,1
2014-03,Florida,Office Supplies,18-24,Low (<50),5,121.94,-56.99,24.39,2
2014-03,Florida,Office Supplies,18-24,Medium (50-500),2,274.68,65.66,137.34,1
2014-03,Florida,Office Supplies,25-34,Low (<50),2,16.68,-9.06,8.34,1
2014-03,Florida,Office Supplies,35-44,Low (<50),1,1.87,-1.31,1.87,1
2014-03,Florida,Office Supplies,45-59,Medium (50-500),1,91.06,31.87,91.06,1
2014-03,Florida,Office Supplies,60+,Low (<50),5,73.79,19.96,14.76,3
2014-03,Florida,Technology,18-24,Medium (50-500),2,494.22,81.55,247.11,1
2014-03,Florida,Technology,60+,High (500-1500),1,821.3,-16.43,821.3,1
2014-03,Florida,Technology,60+,Very High (1500+),1,22638.48,-1811.08,22638.48,1
2014-03,Illinois,Furniture,45-59,High (500-1500),1,634.12,-172.12,634.12,1
2014-03,Illinois,Office Supplies,45-59,Low (<50),3,34.05,-5.51,11.35,3
2014-03,Illinois,Technology,45-59,High (500-1500),1,574.91,156.05,574.91,1
2014-03,Illinois,Technology,45-59,Medium (50-500),1,79.98,14.0,79.98,1
2014-03,Indiana,Office Supplies,60+,Low (<50),1,16.28,6.51,16.28,1
2014-03,Iowa,Furniture,60+,High (500-1500),1,1184.72,106.62,1184.72,1
2014-03,Iowa,Office Supplies,60+,Low (<50),1,6.12,2.88,6.12,1
2014-03,Kentucky,Office Supplies,35-44,Low (<50),1,14.94,7.02,14.94,1
2014-03,Kentucky,Office Supplies,35-44,Medium (50-500),1,146.76,38.16,146.76,1
2014-03,Kentucky,Technology,35-44,High (500-1500),1,587.97,164.63,587.97,1
2014-03,Kentucky,Technology,35-44,Low (<50),1,32.96,14.17,32.96,1
2014-03,Michigan,Office Supplies,45-59,Low (<50),1,22.38,10.74,22.38,1
2014-03,Minnesota,Office Supplies,25-34,Medium (50-500),1,129.3,6.46,129.3,1
2014-03,Minnesota,Office Supplies,60+,Low (<50),3,102.74,46.52,34.25,1
2014-03,Minnesota,Office Supplies,60+,Medium (50-500),2,147.18,61.67,73.59,1
2014-03,Mississippi,Office Supplies,25-34,Low (<50),5,103.5,42.81,20.7,1
2014-03,New Mexico,Technology,35-44,Medium (50-500),1,302.38,22.68,302.38,1
2014-03,New York,Furniture,25-34,High (500-1500),2,1685.48,-676.43,842.74,1
2014-03,New York,Furniture,25-34,Very High (1500+),1,1579.75,-447.59,1579.75,1
2014-03,New York,Furniture,60+,Medium (50-500),1,366.79,65.21,366.79,1
2014-03,New York,Office Supplies,18-24,Low (<50),1,10.5,2.94,10.5,1
2014-03,New York,Office Supplies,25-34,Low (<50),4,128.01,50.24,32.0,3
2014-03,New York,Office Supplies,25-34,Medium (50-500),3,312.38,137.42,104.13,2
2014-03,New York,Office Supplies,35-44,Low (<50),3,97.41,43.66,32.47,2
2014-03,New York,Office Supplies,45-59,Low (<50),1,25.32,9.18,25.32,1
2014-03,New York,Office Supplies,45-59,Medium (50-500),1,125.76,40.87,125.76,1
2014-03,New York,Office Supplies,60+,Medium (50-500),1,108.92,49.01,108.92,1
2014-03,New York,Technology,25-34,Medium (50-500),1,479.97,177.59,479.97,1
2014-03,New York,Technology,45-59,Low (<50),1,9.99,4.6,9.99,1
2014-03,New York,Technology,60+,Low (<50),1,5.94,1.6,5.94,1
2014-03,North Carolina,Office Supplies,18-24,Low (<50),1,19.46,3.4,19.46,1
2014-03,North Carolina,Office Supplies,35-44,Low (<50),1,16.27,-3.86,16.27,1
2014-03,North Carolina,Office Supplies,60+,Low (<50),1,7.64,-5.86,7.64,1
2014-03,North Carolina,Office Supplies,60+,Medium (50-500),1,51.46,-39.46,51.46,1
2014-03,North Carolina,Technology,35-44,Medium (50-500),1,471.92,29.5,471.92,1
2014-03,Ohio,Furniture,18-24,Medium (50-500),1,302.45,-199.62,302.45,1
2014-03,Ohio,Furniture,35-44,Low (<50),1,8.32,2.29,8.32,1
2014-03,Ohio,Furniture,60+,Medium (50-500),1,330.59,-143.25,330.59,1
2014-03,Ohio,Office Supplies,18-24,Low (<50),2,59.79,-5.14,29.9,1
2014-03,Ohio,Office Supplies,35-44,Low (<50),1,10.46,1.7,10.46,1
2014-03,Ohio,Office Supplies,45-59,Low (<50),2,13.46,2.79,6.73,1
2014-03,Pennsylvania,Office Supplies,18-24,Low (<50),1,0.85,-0.6,0.85,1
2014-03,Pennsylvania,Office Supplies,35-44,Medium (50-500),1,126.62,41.15,126.62,1
2014-03,Pennsylvania,Office Supplies,45-59,Low (<50),1,3.42,1.07,3.42,1
2014-03,Pennsylvania,Technology,45-59,Medium (50-500),1,151.2,32.13,151.2,1
2014-03,South Carolina,Office Supplies,60+,Medium (50-500),1,354.9,17.74,354.9,1
2014-03,Tennessee,Furniture,18-24,Low (<50),1,32.95,6.59,32.95,1
2014-03,Tennessee,Furniture,18-24,Medium (50-500),1,218.38,-10.92,218.38,1
2014-03,Tennessee,Office Supplies,18-24,Medium (50-500),1,59.2,22.2,59.2,1
2014-03,Texas,Furniture,35-44,Medium (50-500),1,376.51,-43.03,376.51,1
2014-03,Texas,Furniture,45-59,Medium (50-500),3,553.1,-44.05,184.37,2
2014-03,Texas,Furniture,60+,High (500-1500),1,890.84,-152.72,890.84,1
2014-03,Texas,Office Supplies,35-44,Medium (50-500),2,314.12,-451.02,157.06,2
2014-03,Texas,Office Supplies,45-59,Low (<50),1,18.84,-3.53,18.84,1
2014-03,Texas,Office Supplies,45-59,Medium (50-500),2,465.27,90.63,232.64,2
2014-03,Texas,Office Supplies,60+,Low (<50),3,25.18,7.66,8.39,1
2014-03,Texas,Technology,45-59,Medium (50-500),1,251.94,88.18,251.94,1
2014-03,Utah,Office Supplies,60+,Low (<50),2,54.45,16.93,27.22,1
2014-03,Utah,Office Supplies,60+,Medium (50-500),2,143.03,23.4,71.51,1
2014-03,Utah,Technology,60+,Medium (50-500),1,82.8,6.62,82.8,1
2014-03,Virginia,Furniture,25-34,High (500-1500),1,1139.92,284.98,1139.92,1
2014-03,Virginia,Office Supplies,45-59,Low (<50),2,23.72,9.33,11.86,1
2014-03,Virginia,Office Supplies,45-59,Medium (50-500),2,245.91,119.27,122.96,1
2014-03,Virginia,Technology,45-59,Very High (1500+),1,3499.93,909.98,3499.93,1
2014-03,Washington,Furniture,18-24,Medium (50-500),1,457.57,51.48,457.57,1
2014-03,Washington,Furniture,45-59,Low (<50),1,48.71,5.48,48.71,1
2014-03,Washington,Furniture,45-59,Medium (50-500),2,918.27,76.01,459.14,1
2014-03,Washington,Office Supplies,35-44,Low (<50),2,60.24,22.2,30.12,1
2014-03,Washington,Office Supplies,35-44,Medium (50-500),1,107.65,33.64,107.65,1
2014-03,Washington,Office Supplies,45-59,Low (<50),2,38.59,14.16,19.3,2
2014-03,Washington,Office Supplies,45-59,Medium (50-500),2,447.84,4.86,223.92,2
2014-04,Alabama,Furniture,35-44,High (500-1500),1,1215.92,316.14,1215.92,1
2014-04,Alabama,Furniture,45-59,Low (<50),1,8.96,2.78,8.96,1
2014-04,Arizona,Office Supplies,60+,Low (<50),3,71.17,-4.11,23.72,2
2014-04,California,Furniture,18-24,Medium (50-500),1,230.28,23.03,230.28,1
2014-04,California,Furniture,25-34,Medium (50-500),2,408.09,-15.66,204.05,2
2014-04,California,Furniture,45-59,High (500-1500),1,1487.04,148.7,1487.04,1
2014-04,California,Furniture,45-59,Medium (50-500),2,491.01,140.66,245.5,2
2014-04,California,Furniture,60+,Low (<50),1,33.11,12.91,33.11,1
2014-04,California,Furniture,60+,Medium (50-500),3,228.02,69.85,76.01,3
2014-04,California,Office Supplies,18-24,Low (<50),2,34.81,11.29,17.4,2
2014-04,California,Office Supplies,25-34,Low (<50),3,85.9,38.62,28.63,3
2014-04,California,Office Supplies,25-34,Medium (50-500),2,136.52,42.22,68.26,1
2014-04,California,Office Supplies,35-44,Low (<50),4,80.69,32.36,20.17,2
2014-04,California,Office Supplies,45-59,Medium (50-500),2,377.68,109.53,188.84,2
2014-04,California,Office Supplies,60+,Low (<50),7,112.95,44.38,16.14,5
2014-04,California,Office Supplies,60+,Medium (50-500),1,55.48,26.63,55.48,1
2014-04,California,Technology,25-34,High (500-1500),1,1075.09,94.07,1075.09,1
2014-04,California,Technology,25-34,Medium (50-500),3,1138.3,310.33,379.43,3
2014-04,California,Technology,25-34,Very High (1500+),1,1679.96,126.0,1679.96,1
2014-04,California,Technology,60+,Medium (50-500),3,510.26,177.21,170.09,2
2014-04,Delaware,Technology,45-59,Low (<50),1,19.98,5.19,19.98,1
2014-04,Florida,Office Supplies,45-59,Low (<50),2,17.28,5.96,8.64,1
2014-04,Florida,Technology,45-59,Medium (50-500),2,719.92,123.59,359.96,1
2014-04,Georgia,Office Supplies,35-44,Low (<50),1,15.84,7.13,15.84,1
2014-04,Georgia,Office Supplies,35-44,Medium (50-500),1,154.9,40.27,154.9,1
2014-04,Georgia,Office Supplies,45-59,Medium (50-500),1,58.32,27.99,58.32,1
2014-04,Georgia,Technology,35-44,High (500-1500),1,1049.93,293.98,1049.93,1
2014-04,Georgia,Technology,45-59,Medium (50-500),1,200.97,50.24,200.97,1
2014-04,Idaho,Office Supplies,25-34,Low (<50),1,9.58,3.35,9.58,1
2014-04,Illinois,Office Supplies,18-24,Low (<50),1,49.63,3.72,49.63,1
2014-04,Illinois,Office Supplies,18-24,Medium (50-500),1,52.1,3.91,52.1,1
2014-04,Indiana,Office Supplies,60+,Low (<50),1,32.4,15.55,32.4,1
2014-04,Kentucky,Office Supplies,25-34,High (500-1500),1,826.0,214.76,826.0,1
2014-04,Kentucky,Office Supplies,25-34,Medium (50-500),1,174.95,45.49,174.95,1
2014-04,Kentucky,Office Supplies,45-59,High (500-1500),1,828.84,0.0,828.84,1
2014-04,Kentucky,Office Supplies,45-59,Medium (50-500),1,115.36,56.53,115.36,1
2014-04,Louisiana,Furniture,45-59,Medium (50-500),1,51.96,12.99,51.96,1
2014-04,Louisiana,Office Supplies,45-59,Low (<50),3,50.34,24.29,16.78,2
2014-04,Louisiana,Office Supplies,45-59,Medium (50-500),1,232.55,9.3,232.55,1
2014-04,Louisiana,Technology,45-59,Medium (50-500),1,99.98,42.99,99.98,1
2014-04,Maryland,Office Supplies,35-44,Low (<50),3,29.35,12.39,9.78,1
2014-04,Maryland,Office Supplies,35-44,Medium (50-500),1,497.61,129.38,497.61,1
2014-04,Maryland,Office Supplies,45-59,Low (<50),1,7.83,3.6,7.83,1
2014-04,Massachusetts,Office Supplies,35-44,Low (<50),1,6.24,3.06,6.24,1
2014-04,Massachusetts,Office Supplies,35-44,Medium (50-500),1,66.96,2.68,66.96,1
2014-04,Michigan,Furniture,18-24,Low (<50),1,5.47,2.35,5.47,1
2014-04,Michigan,Office Supplies,18-24,Medium (50-500),1,79.36,23.81,79.36,1
2014-04,Michigan,Office Supplies,45-59,High (500-1500),1,689.82,20.69,689.82,1
2014-04,Michigan,Office Supplies,45-59,Low (<50),3,80.79,30.15,26.93,1
2014-04,Mississippi,Technology,18-24,Low (<50),1,47.79,16.25,47.79,1
2014-04,Montana,Office Supplies,60+,Medium (50-500),1,87.08,24.38,87.08,1
2014-04,Montana,Technology,60+,Medium (50-500),2,323.02,100.56,161.51,1
2014-04,New York,Furniture,60+,Low (<50),1,17.46,5.94,17.46,1
2014-04,New York,Office Supplies,35-44,Low (<50),1,9.91,3.35,9.91,1
2014-04,New York,Office Supplies,35-44,Medium (50-500),1,247.84,121.44,247.84,1
2014-04,New York,Office Supplies,45-59,Medium (50-500),1,55.48,26.63,55.48,1
2014-04,New York,Technology,60+,Medium (50-500),1,159.98,57.59,159.98,1
2014-04,North Carolina,Office Supplies,45-59,Low (<50),1,39.07,9.77,39.07,1
2014-04,North Carolina,Technology,45-59,Medium (50-500),1,302.38,37.8,302.38,1
2014-04,Ohio,Furniture,18-24,Medium (50-500),1,172.11,-94.66,172.11,1
2014-04,Ohio,Furniture,60+,Low (<50),1,22.34,7.82,22.34,1
2014-04,Ohio,Furniture,60+,Medium (50-500),2,562.74,-24.12,281.37,1
2014-04,Ohio,Office Supplies,45-59,Low (<50),2,34.01,4.54,17.0,1
2014-04,Ohio,Office Supplies,45-59,Medium (50-500),1,177.57,-37.73,177.57,1
2014-04,Ohio,Office Supplies,60+,Low (<50),1,7.49,-5.24,7.49,1
2014-04,Pennsylvania,Furniture,45-59,Medium (50-500),1,154.76,-36.11,154.76,1
2014-04,Pennsylvania,Office Supplies,35-44,High (500-1500),1,509.97,-407.98,509.97,1
2014-04,Pennsylvania,Office Supplies,35-44,Low (<50),2,48.85,11.19,24.42,1
2014-04,Pennsylvania,Office Supplies,45-59,Low (<50),2,55.21,-38.12,27.61,2
2014-04,Pennsylvania,Office Supplies,60+,Low (<50),1,2.5,-1.75,2.5,1
2014-04,Pennsylvania,Technology,35-44,Medium (50-500),1,71.93,8.39,71.93,1
2014-04,Pennsylvania,Technology,45-59,Medium (50-500),1,116.78,21.9,116.78,1
2014-04,South Carolina,Office Supplies,60+,Medium (50-500),1,122.97,60.26,122.97,1
2014-04,South Carolina,Technology,60+,High (500-1500),1,629.95,163.79,629.95,1
2014-04,Tennessee,Furniture,60+,High (500-1500),1,561.58,70.2,561.58,1
2014-04,Tennessee,Office Supplies,60+,Medium (50-500),1,99.92,-1.25,99.92,1
2014-04,Texas,Furniture,35-44,High (500-1500),1,744.1,-95.67,744.1,1
2014-04,Texas,Furniture,35-44,Medium (50-500),2,718.65,-150.07,359.32,2
2014-04,Texas,Office Supplies,35-44,Low (<50),4,107.74,26.43,26.93,3
2014-04,Texas,Office Supplies,35-44,Medium (50-500),1,149.35,50.41,149.35,1
2014-04,Texas,Office Supplies,60+,Low (<50),2,16.61,4.17,8.3,1
2014-04,Texas,Technology,35-44,Medium (50-500),1,227.98,28.5,227.98,1
2014-04,Texas,Technology,45-59,High (500-1500),1,758.35,265.42,758.35,1
2014-04,Virginia,Furniture,45-59,Medium (50-500),1,177.68,46.2,177.68,1
2014-04,Virginia,Office Supplies,18-24,Low (<50),3,58.88,20.59,19.63,1
2014-04,Virginia,Office Supplies,18-24,Very High (1500+),1,4164.05,83.28,4164.05,1
2014-04,Virginia,Office Supplies,25-34,Medium (50-500),2,129.33,60.92,64.66,1
2014-04,Virginia,Technology,18-24,Low (<50),1,28.99,8.41,28.99,1
2014-04,Washington,Furniture,25-34,High (500-1500),1,653.55,111.1,653.55,1
2014-04,Washington,Technology,25-34,Low (<50),1,33.9,2.03,33.9,1
2014-05,Alabama,Technology,45-59,Low (<50),1,44.95,12.59,44.95,1
2014-05,Alabama,Technology,45-59,Medium (50-500),1,135.98,33.99,135.98,1
2014-05,California,Furniture,25-34,Medium (50-500),1,290.67,27.36,290.67,1
2014-05,California,Furniture,35-44,Medium (50-500),3,769.12,70.52,256.37,3
2014-05,California,Furniture,45-59,High (500-1500),1,567.12,-28.36,567.12,1
2014-05,California,Furniture,60+,Medium (50-500),1,225.3,22.53,225.3,1
2014-05,California,Office Supplies,18-24,Low (<50),1,31.84,10.51,31.84,1
2014-05,California,Office Supplies,35-44,Low (<50),4,94.78,36.82,23.7,3
2014-05,California,Office Supplies,35-44,Medium (50-500),1,107.94,30.22,107.94,1
2014-05,California,Office Supplies,45-59,Medium (50-500),2,500.06,59.96,250.03,2
2014-05,California,Technology,25-34,Medium (50-500),2,285.57,51.65,142.78,1
2014-05,California,Technology,35-44,High (500-1500),1,1432.0,125.3,1432.0,1
2014-05,California,Technology,45-59,High (500-1500),1,1113.5,125.27,1113.5,1
2014-05,California,Technology,45-59,Medium (50-500),3,335.76,82.38,111.92,2
2014-05,California,Technology,60+,Medium (50-500),2,206.37,55.87,103.18,2
2014-05,Connecticut,Furniture,18-24,Low (<50),1,27.46,9.89,27.46,1
2014-05,Florida,Furniture,35-44,Medium (50-500),1,310.88,23.32,310.88,1
2014-05,Florida,Office Supplies,25-34,Low (<50),1,7.1,2.4,7.1,1
2014-05,Florida,Office Supplies,25-34,Medium (50-500),1,398.35,-331.96,398.35,1
2014-05,Florida,Technology,60+,Medium (50-500),1,479.98,90.0,479.98,1
2014-05,Illinois,Furniture,35-44,Medium (50-500),1,355.46,-184.84,355.46,1
2014-05,Illinois,Furniture,60+,Low (<50),1,29.32,-24.19,29.32,1
2014-05,Illinois,Furniture,60+,Medium (50-500),1,359.77,-5.14,359.77,1
2014-05,Illinois,Office Supplies,18-24,Low (<50),1,17.46,-30.56,17.46,1
2014-05,Illinois,Office Supplies,35-44,Low (<50),1,45.25,3.96,45.25,1
2014-05,Illinois,Office Supplies,60+,Low (<50),2,30.86,8.86,15.43,2
2014-05,Illinois,Office Supplies,60+,Medium (50-500),3,282.8,-331.18,94.27,3
2014-05,Illinois,Technology,18-24,High (500-1500),1,719.98,135.0,719.98,1
2014-05,Kentucky,Office Supplies,25-34,Low (<50),3,75.46,35.81,25.15,1
2014-05,Kentucky,Office Supplies,25-34,Medium (50-500),1,83.25,14.98,83.25,1
2014-05,Kentucky,Office Supplies,45-59,Low (<50),3,40.54,17.68,13.51,1
2014-05,Maryland,Office Supplies,18-24,Medium (50-500),1,116.28,56.98,116.28,1
2014-05,Massachusetts,Furniture,45-59,High (500-1500),1,872.32,244.25,872.32,1
2014-05,Massachusetts,Furniture,45-59,Medium (50-500),1,194.25,-38.85,194.25,1
2014-05,Massachusetts,Furniture,60+,High (500-1500),1,700.06,-130.01,700.06,1
2014-05,Massachusetts,Office Supplies,45-59,Low (<50),3,42.72,19.2,14.24,2
2014-05,Massachusetts,Office Supplies,45-59,Medium (50-500),2,693.74,288.3,346.87,1
2014-05,Michigan,Office Supplies,35-44,Medium (50-500),1,57.42,26.41,57.42,1
2014-05,Michigan,Office Supplies,45-59,Low (<50),1,46.8,21.06,46.8,1
2014-05,Mississippi,Technology,60+,High (500-1500),1,659.97,197.99,659.97,1
2014-05,Mississippi,Technology,60+,Medium (50-500),1,113.73,32.98,113.73,1
2014-05,New Hampshire,Furniture,45-59,Medium (50-500),1,139.86,60.14,139.86,1
2014-05,New Hampshire,Office Supplies,45-59,Low (<50),2,71.8,21.26,35.9,1
2014-05,New York,Office Supplies,25-34,Medium (50-500),1,70.37,26.39,70.37,1
2014-05,New York,Office Supplies,35-44,Low (<50),3,58.91,15.68,19.64,2
2014-05,New York,Office Supplies,35-44,Medium (50-500),1,208.16,56.2,208.16,1
2014-05,New York,Office Supplies,45-59,Low (<50),3,80.16,33.66,26.72,2
2014-05,New York,Office Supplies,45-59,Medium (50-500),1,235.95,77.86,235.95,1
2014-05,New York,Office Supplies,60+,Low (<50),2,51.07,18.51,25.54,1
2014-05,New York,Technology,45-59,Medium (50-500),1,464.0,134.56,464.0,1
2014-05,Ohio,Furniture,45-59,Medium (50-500),1,149.23,3.73,149.23,1
2014-05,Ohio,Office Supplies,45-59,Low (<50),2,42.07,7.74,21.04,2
2014-05,Ohio,Technology,45-59,High (500-1500),1,779.8,-168.96,779.8,1
2014-05,Pennsylvania,Furniture,25-34,Medium (50-500),1,349.96,-216.98,349.96,1
2014-05,Pennsylvania,Office Supplies,25-34,Low (<50),1,22.32,5.3,22.32,1
2014-05,Pennsylvania,Office Supplies,45-59,Low (<50),2,24.45,-0.24,12.22,1
2014-05,Pennsylvania,Technology,45-59,Medium (50-500),1,55.19,-10.12,55.19,1
2014-05,Pennsylvania,Technology,60+,Very High (1500+),1,1799.97,240.0,1799.97,1
2014-05,Texas,Furniture,35-44,Low (<50),1,10.33,-5.94,10.33,1
2014-05,Texas,Furniture,45-59,Medium (50-500),1,107.77,-29.25,107.77,1
2014-05,Texas,Furniture,60+,High (500-1500),1,1212.96,-69.31,1212.96,1
2014-05,Texas,Furniture,60+,Medium (50-500),2,193.98,-93.43,96.99,2
2014-05,Texas,Office Supplies,18-24,Low (<50),1,3.98,1.44,3.98,1
2014-05,Texas,Office Supplies,25-34,Low (<50),2,43.31,4.68,21.66,1
2014-05,Texas,Office Supplies,35-44,Low (<50),1,10.37,3.63,10.37,1
2014-05,Texas,Office Supplies,35-44,Medium (50-500),1,66.96,-13.39,66.96,1
2014-05,Texas,Office Supplies,45-59,Low (<50),2,23.07,-29.38,11.54,1
2014-05,Texas,Office Supplies,45-59,Medium (50-500),1,56.06,21.02,56.06,1
2014-05,Texas,Technology,35-44,Low (<50),2,67.65,3.98,33.82,2
2014-05,Texas,Technology,60+,Medium (50-500),2,158.9,13.56,79.45,1
2014-05,Utah,Office Supplies,35-44,Medium (50-500),1,55.5,9.99,55.5,1
2014-05,Utah,Office Supplies,60+,Low (<50),1,48.4,23.23,48.4,1
2014-05,Virginia,Office Supplies,25-34,Low (<50),1,13.62,6.13,13.62,1
2014-05,Virginia,Office Supplies,45-59,Low (<50),2,47.32,22.0,23.66,1
2014-05,Virginia,Office Supplies,60+,Low (<50),1,34.2,9.23,34.2,1
2014-05,Virginia,Office Supplies,60+,Very High (1500+),1,2715.93,1276.49,2715.93,1
2014-05,Virginia,Technology,60+,High (500-1500),1,617.97,173.03,617.97,1
2014-05,Washington,Furniture,18-24,Low (<50),1,12.18,3.9,12.18,1
2014-05,Washington,Office Supplies,18-24,Medium (50-500),1,57.68,19.03,57.68,1
2014-05,Washington,Office Supplies,25-34,Medium (50-500),1,158.13,77.48,158.13,1
2014-05,Washington,Office Supplies,35-44,Low (<50),1,12.96,6.22,12.96,1
2014-05,Washington,Office Supplies,35-44,Medium (50-500),1,136.96,51.36,136.96,1
2014-05,Washington,Technology,25-34,Low (<50),1,43.6,4.36,43.6,1
2014-05,Washington,Technology,35-44,Low (<50),1,27.6,2.21,27.6,1
2014-05,Washington,Technology,35-44,Medium (50-500),1,57.41,5.74,57.41,1
2014-05,Wisconsin,Furniture,45-59,Low (<50),1,34.79,10.78,34.79,1
2014-05,Wisconsin,Office Supplies,45-59,Medium (50-500),1,91.68,45.84,91.68,1
2014-05,Wisconsin,Office Supplies,60+,Low (<50),1,21.56,10.35,21.56,1
2014-06,Arizona,Furniture,60+,Low (<50),1,4.27,0.96,4.27,1
2014-06,Arizona,Office Supplies,25-34,Low (<50),1,8.23,-6.03,8.23,1
2014-06,Arkansas,Furniture,35-44,Low (<50),1,22.2,9.1,22.2,1
2014-06,Arkansas,Technology,35-44,High (500-1500),1,881.93,229.3,881.93,1
2014-06,California,Furniture,25-34,Low (<50),1,48.86,14.17,48.86,1
2014-06,California,Furniture,25-34,Very High (1500+),1,1706.18,85.31,1706.18,1
2014-06,California,Furniture,60+,Medium (50-500),1,447.84,11.2,447.84,1
2014-06,California,Office Supplies,25-34,Low (<50),4,56.24,18.52,14.06,2
2014-06,California,Office Supplies,25-34,Medium (50-500),1,114.9,34.47,114.9,1
2014-06,California,Office Supplies,35-44,Low (<50),1,14.52,4.79,14.52,1
2014-06,California,Office Supplies,45-59,Low (<50),1,32.4,10.37,32.4,1
2014-06,California,Technology,25-34,High (500-1500),2,1818.58,159.07,909.29,1
2014-06,California,Technology,45-59,Medium (50-500),1,139.8,12.23,139.8,1
2014-06,Colorado,Office Supplies,60+,Low (<50),2,36.25,-24.91,18.13,1
2014-06,Colorado,Technology,60+,Medium (50-500),1,196.75,56.57,196.75,1
2014-06,Connecticut,Office Supplies,35-44,Low (<50),1,21.4,6.21,21.4,1
2014-06,Delaware,Technology,25-34,Medium (50-500),1,65.97,31.01,65.97,1
2014-06,Florida,Office Supplies,60+,Low (<50),1,1.36,-0.91,1.36,1
2014-06,Florida,Office Supplies,60+,Medium (50-500),1,62.02,22.48,62.02,1
2014-06,Georgia,Office Supplies,60+,Low (<50),1,8.56,2.65,8.56,1
2014-06,Georgia,Office Supplies,60+,Medium (50-500),1,356.94,107.08,356.94,1
2014-06,Georgia,Technology,60+,Medium (50-500),1,239.97,67.19,239.97,1
2014-06,Illinois,Furniture,45-59,Medium (50-500),2,330.48,-249.77,165.24,2
2014-06,Illinois,Office Supplies,35-44,Low (<50),1,5.25,1.64,5.25,1
2014-06,Illinois,Office Supplies,45-59,Low (<50),4,66.97,-48.77,16.74,3
2014-06,Illinois,Office Supplies,45-59,Medium (50-500),1,132.7,9.95,132.7,1
2014-06,Illinois,Office Supplies,60+,Medium (50-500),1,62.02,22.48,62.02,1
2014-06,Indiana,Furniture,18-24,High (500-1500),1,647.84,32.39,647.84,1
2014-06,Michigan,Furniture,45-59,Medium (50-500),1,212.94,57.49,212.94,1
2014-06,Michigan,Office Supplies,25-34,Low (<50),1,6.08,3.04,6.08,1
2014-06,Michigan,Office Supplies,35-44,Medium (50-500),2,204.08,78.88,102.04,1
2014-06,Michigan,Office Supplies,60+,Low (<50),1,15.28,7.49,15.28,1
2014-06,Michigan,Office Supplies,60+,Medium (50-500),1,491.55,240.86,491.55,1
2014-06,Minnesota,Furniture,25-34,Very High (1500+),1,2001.86,580.54,2001.86,1
2014-06,Minnesota,Office Supplies,25-34,High (500-1500),1,501.81,0.0,501.81,1
2014-06,Minnesota,Office Supplies,25-34,Low (<50),2,73.8,36.38,36.9,1
2014-06,Minnesota,Office Supplies,25-34,Medium (50-500),2,328.66,51.4,164.33,2
2014-06,Minnesota,Office Supplies,25-34,Very High (1500+),1,1503.25,496.07,1503.25,1
2014-06,Mississippi,Furniture,60+,Medium (50-500),1,85.98,22.35,85.98,1
2014-06,Mississippi,Office Supplies,60+,Medium (50-500),1,306.2,0.0,306.2,1
2014-06,Mississippi,Technology,60+,Medium (50-500),1,223.96,53.75,223.96,1
2014-06,Nevada,Furniture,35-44,Low (<50),1,37.4,14.21,37.4,1
2014-06,Nevada,Office Supplies,35-44,Low (<50),1,18.06,4.7,18.06,1
2014-06,Nevada,Office Supplies,35-44,Medium (50-500),1,79.14,36.4,79.14,1
2014-06,New Jersey,Office Supplies,18-24,Low (<50),1,3.76,1.09,3.76,1
2014-06,New Jersey,Office Supplies,45-59,Low (<50),1,45.48,20.92,45.48,1
2014-06,New Jersey,Office Supplies,45-59,Medium (50-500),1,289.2,83.87,289.2,1
2014-06,New Jersey,Technology,18-24,High (500-1500),1,1322.93,357.19,1322.93,1
2014-06,New York,Furniture,35-44,High (500-1500),1,991.76,-347.12,991.76,1
2014-06,New York,Furniture,45-59,Low (<50),1,13.96,6.7,13.96,1
2014-06,New York,Furniture,45-59,Medium (50-500),2,410.53,-23.12,205.26,1
2014-06,New York,Office Supplies,25-34,Low (<50),1,19.65,9.04,19.65,1
2014-06,New York,Office Supplies,25-34,Medium (50-500),1,59.7,26.86,59.7,1
2014-06,New York,Office Supplies,35-44,Low (<50),4,133.09,48.75,33.27,2
2014-06,New York,Office Supplies,35-44,Medium (50-500),2,484.31,159.27,242.16,2
2014-06,New York,Office Supplies,45-59,Low (<50),1,15.56,4.05,15.56,1
2014-06,New York,Office Supplies,45-59,Medium (50-500),1,68.48,25.68,68.48,1
2014-06,New York,Office Supplies,45-59,Very High (1500+),1,1676.88,83.84,1676.88,1
2014-06,New York,Office Supplies,60+,Low (<50),4,36.57,13.56,9.14,3
2014-06,New York,Technology,25-34,High (500-1500),2,1832.82,512.98,916.41,2
2014-06,North Carolina,Office Supplies,25-34,Medium (50-500),1,310.69,108.74,310.69,1
2014-06,North Carolina,Office Supplies,45-59,Low (<50),2,23.12,2.1,11.56,1
2014-06,Ohio,Office Supplies,45-59,Low (<50),1,16.22,5.88,16.22,1
2014-06,Ohio,Office Supplies,60+,Low (<50),1,32.76,3.69,32.76,1
2014-06,Oklahoma,Office Supplies,60+,Low (<50),1,3.52,1.69,3.52,1
2014-06,Oklahoma,Office Supplies,60+,Medium (50-500),1,471.9,155.73,471.9,1
2014-06,Oregon,Office Supplies,60+,Low (<50),1,9.33,0.82,9.33,1
2014-06,Oregon,Office Supplies,60+,Medium (50-500),1,71.63,17.91,71.63,1
2014-06,Oregon,Technology,60+,Medium (50-500),1,263.96,19.8,263.96,1
2014-06,Pennsylvania,Furniture,25-34,High (500-1500),1,1228.46,0.0,1228.46,1
2014-06,Pennsylvania,Furniture,35-44,Low (<50),1,3.98,0.65,3.98,1
2014-06,Pennsylvania,Furniture,45-59,High (500-1500),1,853.93,0.0,853.93,1
2014-06,Pennsylvania,Furniture,45-59,Medium (50-500),1,170.06,-4.86,170.06,1
2014-06,Pennsylvania,Office Supplies,25-34,Low (<50),3,75.73,-10.71,25.24,1
2014-06,Pennsylvania,Office Supplies,25-34,Medium (50-500),1,335.52,117.43,335.52,1
2014-06,Pennsylvania,Office Supplies,35-44,Low (<50),3,78.32,5.08,26.11,1
2014-06,Pennsylvania,Technology,35-44,Medium (50-500),2,302.96,-143.7,151.48,1
2014-06,Pennsylvania,Technology,45-59,Medium (50-500),2,169.16,-14.1,84.58,2
2014-06,Tennessee,Furniture,60+,Medium (50-500),1,170.35,10.65,170.35,1
2014-06,Texas,Furniture,18-24,High (500-1500),1,797.94,-57.0,797.94,1
2014-06,Texas,Furniture,18-24,Medium (50-500),1,99.92,-18.56,99.92,1
2014-06,Texas,Furniture,35-44,Medium (50-500),1,193.07,-19.87,193.07,1
2014-06,Texas,Office Supplies,18-24,Low (<50),1,8.57,-14.57,8.57,1
2014-06,Texas,Office Supplies,18-24,Medium (50-500),1,70.37,6.16,70.37,1
2014-06,Texas,Office Supplies,25-34,Medium (50-500),1,100.24,33.83,100.24,1
2014-06,Texas,Office Supplies,35-44,High (500-1500),1,509.49,-127.37,509.49,1
2014-06,Texas,Office Supplies,35-44,Low (<50),4,67.14,16.31,16.78,2
2014-06,Texas,Office Supplies,60+,Low (<50),2,47.23,16.26,23.62,1
2014-06,Texas,Technology,18-24,Low (<50),1,7.99,0.6,7.99,1
2014-06,Texas,Technology,18-24,Medium (50-500),1,63.98,10.4,63.98,1
2014-06,Texas,Technology,35-44,Medium (50-500),2,620.38,-77.56,310.19,1
2014-06,Utah,Furniture,25-34,Medium (50-500),1,73.32,22.0,73.32,1
2014-06,Utah,Office Supplies,25-34,Medium (50-500),1,59.81,19.44,59.81,1
2014-06,Virginia,Furniture,60+,High (500-1500),1,1441.3,245.02,1441.3,1
2014-06,Virginia,Furniture,60+,Medium (50-500),1,104.01,14.56,104.01,1
2014-06,Virginia,Office Supplies,60+,Low (<50),1,36.84,10.32,36.84,1
2014-06,Virginia,Technology,60+,Medium (50-500),1,284.82,74.05,284.82,1
2014-06,Washington,Furniture,18-24,High (500-1500),2,1101.43,186.69,550.72,2
2014-06,Washington,Furniture,45-59,Low (<50),1,6.24,2.62,6.24,1
2014-06,Washington,Office Supplies,45-59,Low (<50),1,17.9,8.95,17.9,1
2014-06,Washington,Office Supplies,45-59,Very High (1500+),1,3266.38,1061.57,3266.38,1
2014-07,Arizona,Furniture,18-24,Medium (50-500),1,259.14,-25.91,259.14,1
2014-07,Arizona,Office Supplies,25-34,Low (<50),2,17.4,-4.79,8.7,1
2014-07,Arizona,Office Supplies,60+,Medium (50-500),1,55.92,6.29,55.92,1
2014-07,Arizona,Technology,25-34,High (500-1500),1,1023.94,179.19,1023.94,1
2014-07,Arizona,Technology,25-34,Medium (50-500),1,479.04,-29.94,479.04,1
2014-07,California,Furniture,25-34,High (500-1500),1,698.35,-17.46,698.35,1
2014-07,California,Furniture,45-59,Medium (50-500),2,598.31,54.9,299.16,2
2014-07,California,Furniture,60+,High (500-1500),3,2021.78,33.93,673.93,3
2014-07,California,Furniture,60+,Low (<50),1,43.02,15.49,43.02,1
2014-07,California,Furniture,60+,Medium (50-500),4,872.34,85.12,218.08,4
2014-07,California,Office Supplies,18-24,Low (<50),2,42.51,17.22,21.26,2
2014-07,California,Office Supplies,18-24,Medium (50-500),1,89.71,30.28,89.71,1
2014-07,California,Office Supplies,25-34,Low (<50),1,7.71,2.8,7.71,1
2014-07,California,Office Supplies,35-44,High (500-1500),1,535.41,160.62,535.41,1
2014-07,California,Office Supplies,35-44,Low (<50),2,25.08,9.67,12.54,1
2014-07,California,Office Supplies,45-59,Low (<50),5,74.26,30.1,14.85,2
2014-07,California,Office Supplies,45-59,Medium (50-500),1,249.75,44.96,249.75,1
2014-07,California,Office Supplies,60+,Low (<50),7,149.55,47.56,21.36,4
2014-07,California,Office Supplies,60+,Medium (50-500),7,1148.21,296.45,164.03,7
2014-07,California,Office Supplies,60+,Very High (1500+),1,8187.65,327.51,8187.65,1
2014-07,California,Technology,35-44,Low (<50),1,41.94,15.1,41.94,1
2014-07,California,Technology,35-44,Medium (50-500),1,238.0,38.08,238.0,1
2014-07,California,Technology,45-59,Medium (50-500),1,255.94,28.79,255.94,1
2014-07,California,Technology,60+,High (500-1500),1,604.75,60.48,604.75,1
2014-07,California,Technology,60+,Low (<50),1,45.0,4.95,45.0,1
2014-07,California,Technology,60+,Medium (50-500),1,302.38,37.8,302.38,1
2014-07,Colorado,Office Supplies,60+,Low (<50),1,32.43,3.24,32.43,1
2014-07,Colorado,Office Supplies,60+,Medium (50-500),1,177.54,62.14,177.54,1
2014-07,Connecticut,Furniture,35-44,Medium (50-500),1,70.56,-4.03,70.56,1
2014-07,Connecticut,Office Supplies,35-44,Low (<50),2,24.69,11.43,12.34,1
2014-07,Connecticut,Technology,35-44,Medium (50-500),1,359.98,93.59,359.98,1
2014-07,Delaware,Office Supplies,60+,Low (<50),1,39.48,11.05,39.48,1
2014-07,Florida,Furniture,35-44,Medium (50-500),1,129.89,12.99,129.89,1
2014-07,Florida,Furniture,60+,Low (<50),1,19.52,5.37,19.52,1
2014-07,Florida,Furniture,60+,Medium (50-500),1,213.22,15.99,213.22,1
2014-07,Florida,Office Supplies,35-44,Low (<50),2,63.26,21.71,31.63,1
2014-07,Florida,Office Supplies,45-59,Low (<50),1,5.18,-3.63,5.18,1
2014-07,Florida,Office Supplies,60+,Low (<50),1,9.81,-6.87,9.81,1
2014-07,Florida,Technology,45-59,High (500-1500),1,575.92,71.99,575.92,1
2014-07,Georgia,Furniture,60+,Low (<50),1,25.71,9.26,25.71,1
2014-07,Georgia,Furniture,60+,Medium (50-500),1,67.88,18.33,67.88,1
2014-07,Georgia,Office Supplies,60+,Medium (50-500),1,162.89,76.56,162.89,1
2014-07,Illinois,Office Supplies,18-24,Low (<50),1,29.93,-46.39,29.93,1
2014-07,Illinois,Office Supplies,35-44,Medium (50-500),1,123.55,-29.34,123.55,1
2014-07,Illinois,Office Supplies,45-59,Low (<50),1,35.86,13.0,35.86,1
2014-07,Illinois,Technology,18-24,Low (<50),1,38.27,3.83,38.27,1
2014-07,Illinois,Technology,45-59,Low (<50),1,23.84,3.28,23.84,1
2014-07,Mississippi,Office Supplies,60+,Low (<50),2,34.06,16.2,17.03,1
2014-07,Mississippi,Technology,60+,Medium (50-500),1,479.97,163.19,479.97,1
2014-07,Montana,Office Supplies,60+,Low (<50),1,6.1,2.21,6.1,1
2014-07,Nebraska,Technology,45-59,Low (<50),1,35.98,10.07,35.98,1
2014-07,Nevada,Furniture,35-44,High (500-1500),1,674.35,-109.58,674.35,1
2014-07,Nevada,Furniture,35-44,Medium (50-500),1,134.01,36.18,134.01,1
2014-07,Nevada,Technology,35-44,High (500-1500),1,911.98,114.0,911.98,1
2014-07,Nevada,Technology,35-44,Medium (50-500),1,170.97,70.1,170.97,1
2014-07,New Jersey,Furniture,60+,High (500-1500),1,854.94,213.74,854.94,1
2014-07,New Jersey,Furniture,60+,Medium (50-500),1,124.11,52.13,124.11,1
2014-07,New Jersey,Office Supplies,60+,Low (<50),2,19.98,9.23,9.99,2
2014-07,New Jersey,Office Supplies,60+,Medium (50-500),1,177.2,83.28,177.2,1
2014-07,New Jersey,Technology,60+,Medium (50-500),2,271.95,77.39,135.98,2
2014-07,New York,Furniture,45-59,Medium (50-500),1,63.88,10.65,63.88,1
2014-07,New York,Office Supplies,18-24,Medium (50-500),1,65.78,32.23,65.78,1
2014-07,New York,Office Supplies,25-34,Low (<50),1,13.9,4.52,13.9,1
2014-07,New York,Office Supplies,45-59,Low (<50),1,17.94,4.49,17.94,1
2014-07,New York,Office Supplies,60+,Low (<50),3,73.36,31.15,24.45,2
2014-07,New York,Technology,18-24,High (500-1500),1,559.99,175.0,559.99,1
2014-07,New York,Technology,25-34,Medium (50-500),1,164.85,47.81,164.85,1
2014-07,New York,Technology,35-44,Medium (50-500),1,99.98,8.0,99.98,1
2014-07,New York,Technology,60+,Medium (50-500),1,159.98,57.59,159.98,1
2014-07,Ohio,Office Supplies,60+,Low (<50),2,53.34,-27.08,26.67,1
2014-07,Pennsylvania,Furniture,45-59,Low (<50),1,31.98,1.2,31.98,1
2014-07,Pennsylvania,Furniture,60+,Medium (50-500),2,241.19,-34.66,120.6,1
2014-07,Pennsylvania,Office Supplies,45-59,Low (<50),1,41.58,4.68,41.58,1
2014-07,Pennsylvania,Technology,45-59,Low (<50),2,37.48,-16.24,18.74,1
2014-07,South Dakota,Office Supplies,60+,Low (<50),1,6.54,2.68,6.54,1
2014-07,South Dakota,Technology,60+,Low (<50),1,2.97,1.31,2.97,1
2014-07,Tennessee,Office Supplies,35-44,Low (<50),1,4.37,0.38,4.37,1
2014-07,Texas,Furniture,35-44,High (500-1500),1,657.93,-93.99,657.93,1
2014-07,Texas,Furniture,45-59,High (500-1500),1,512.36,-14.64,512.36,1
2014-07,Texas,Furniture,45-59,Low (<50),1,17.5,-10.06,17.5,1
2014-07,Texas,Furniture,60+,High (500-1500),1,981.37,-140.2,981.37,1
2014-07,Texas,Furniture,60+,Low (<50),1,16.74,-14.23,16.74,1
2014-07,Texas,Office Supplies,18-24,Low (<50),2,24.72,8.11,12.36,1
2014-07,Texas,Office Supplies,35-44,Low (<50),2,6.04,-14.81,3.02,1
2014-07,Texas,Office Supplies,35-44,Medium (50-500),1,87.92,29.67,87.92,1
2014-07,Texas,Office Supplies,45-59,Low (<50),8,109.31,-37.23,13.66,4
2014-07,Texas,Office Supplies,45-59,Medium (50-500),2,502.2,-79.33,251.1,1
2014-07,Texas,Office Supplies,45-59,Very High (1500+),1,2177.58,-3701.89,2177.58,1
2014-07,Texas,Office Supplies,60+,Medium (50-500),1,342.86,38.57,342.86,1
2014-07,Texas,Technology,45-59,High (500-1500),1,575.97,43.2,575.97,1
2014-07,Texas,Technology,45-59,Medium (50-500),1,431.14,-26.95,431.14,1
2014-07,Utah,Technology,45-59,Medium (50-500),1,111.93,34.7,111.93,1
2014-07,Virginia,Office Supplies,35-44,Low (<50),2,37.44,18.56,18.72,1
2014-07,Washington,Furniture,60+,High (500-1500),1,1367.84,259.89,1367.84,1
2014-07,Washington,Furniture,60+,Medium (50-500),1,123.14,13.85,123.14,1
2014-07,Washington,Office Supplies,35-44,Low (<50),1,19.92,6.97,19.92,1
2014-07,Washington,Office Supplies,60+,Low (<50),1,11.26,3.8,11.26,1
2014-08,Arizona,Furniture,60+,Medium (50-500),1,121.38,-3.03,121.38,1
2014-08,Arizona,Office Supplies,18-24,Low (<50),2,13.81,-7.49,6.9,1
2014-08,Arizona,Office Supplies,60+,Medium (50-500),1,93.02,33.72,93.02,1
2014-08,Arizona,Technology,60+,Medium (50-500),1,95.98,-10.8,95.98,1
2014-08,Arkansas,Furniture,18-24,High (500-1500),1,638.82,172.48,638.82,1
2014-08,Arkansas,Office Supplies,60+,Low (<50),2,30.63,12.82,15.32,1
2014-08,Arkansas,Office Supplies,60+,Medium (50-500),1,114.2,52.53,114.2,1
2014-08,Arkansas,Technology,60+,Medium (50-500),1,339.96,122.39,339.96,1
2014-08,California,Furniture,18-24,Medium (50-500),2,522.9,79.58,261.45,2
2014-08,California,Furniture,25-34,Medium (50-500),2,425.58,52.87,212.79,2
2014-08,California,Furniture,35-44,Medium (50-500),1,289.24,26.03,289.24,1
2014-08,California,Furniture,60+,Low (<50),1,6.28,2.64,6.28,1
2014-08,California,Office Supplies,18-24,Low (<50),2,64.3,21.34,32.15,1
2014-08,California,Office Supplies,18-24,Medium (50-500),4,745.25,216.77,186.31,3
2014-08,California,Office Supplies,25-34,Low (<50),1,20.94,9.84,20.94,1
2014-08,California,Office Supplies,25-34,Medium (50-500),1,110.96,53.26,110.96,1
2014-08,California,Office Supplies,35-44,Medium (50-500),1,69.46,22.57,69.46,1
2014-08,California,Office Supplies,45-59,Low (<50),5,115.09,43.23,23.02,4
2014-08,California,Office Supplies,45-59,Medium (50-500),1,109.92,53.86,109.92,1
2014-08,California,Office Supplies,60+,Low (<50),6,162.25,48.74,27.04,4
2014-08,California,Technology,18-24,High (500-1500),1,1199.98,434.99,1199.98,1
2014-08,California,Technology,18-24,Medium (50-500),2,622.76,78.73,311.38,2
2014-08,California,Technology,25-34,High (500-1500),1,806.34,50.4,806.34,1
2014-08,California,Technology,45-59,Medium (50-500),1,213.48,16.01,213.48,1
2014-08,California,Technology,60+,Low (<50),1,16.36,1.64,16.36,1
2014-08,California,Technology,60+,Medium (50-500),1,95.1,30.43,95.1,1
2014-08,Colorado,Furniture,45-59,Medium (50-500),1,218.75,-161.88,218.75,1
2014-08,Colorado,Furniture,60+,Low (<50),1,4.22,1.27,4.22,1
2014-08,Colorado,Office Supplies,45-59,Low (<50),1,2.6,0.29,2.6,1
2014-08,Colorado,Office Supplies,60+,Low (<50),3,53.46,16.84,17.82,1
2014-08,Colorado,Office Supplies,60+,Medium (50-500),1,223.06,69.7,223.06,1
2014-08,Colorado,Technology,60+,Medium (50-500),1,143.64,10.77,143.64,1
2014-08,Connecticut,Furniture,18-24,High (500-1500),1,1133.35,294.67,1133.35,1
2014-08,Connecticut,Office Supplies,18-24,Low (<50),1,4.56,2.01,4.56,1
2014-08,Connecticut,Office Supplies,18-24,Medium (50-500),1,79.47,22.25,79.47,1
2014-08,Connecticut,Office Supplies,45-59,Low (<50),1,25.3,11.89,25.3,1
2014-08,Connecticut,Office Supplies,45-59,Medium (50-500),2,158.88,39.81,79.44,2
2014-08,Delaware,Furniture,60+,Low (<50),1,10.68,4.06,10.68,1
2014-08,Delaware,Office Supplies,60+,Low (<50),3,29.36,12.56,9.79,2
2014-08,Delaware,Technology,60+,Medium (50-500),1,149.97,52.49,149.97,1
2014-08,Florida,Furniture,35-44,Medium (50-500),1,155.46,-7.77,155.46,1
2014-08,Florida,Furniture,45-59,Medium (50-500),1,174.06,-110.76,174.06,1
2014-08,Florida,Office Supplies,25-34,Low (<50),1,15.55,5.44,15.55,1
2014-08,Florida,Office Supplies,35-44,Low (<50),1,7.63,-1.81,7.63,1
2014-08,Florida,Office Supplies,45-59,High (500-1500),1,505.18,-336.78,505.18,1
2014-08,Florida,Office Supplies,45-59,Low (<50),1,29.81,10.81,29.81,1
2014-08,Florida,Office Supplies,45-59,Medium (50-500),2,243.6,46.82,121.8,1
2014-08,Florida,Office Supplies,60+,Low (<50),4,87.57,15.04,21.89,1
2014-08,Florida,Office Supplies,60+,Medium (50-500),1,211.25,15.84,211.25,1
2014-08,Florida,Technology,25-34,Medium (50-500),1,178.38,22.3,178.38,1
2014-08,Florida,Technology,60+,Medium (50-500),1,158.93,41.72,158.93,1
2014-08,Georgia,Office Supplies,18-24,Medium (50-500),1,344.91,10.35,344.91,1
2014-08,Georgia,Office Supplies,60+,Low (<50),1,14.04,6.74,14.04,1
2014-08,Georgia,Technology,60+,Medium (50-500),1,272.61,98.14,272.61,1
2014-08,Illinois,Furniture,18-24,Medium (50-500),1,421.37,-6.02,421.37,1
2014-08,Kentucky,Office Supplies,45-59,Low (<50),1,25.5,6.63,25.5,1
2014-08,Maine,Office Supplies,25-34,Medium (50-500),2,361.7,152.2,180.85,1
2014-08,Maine,Technology,25-34,Medium (50-500),1,255.42,104.72,255.42,1
2014-08,Michigan,Furniture,45-59,Medium (50-500),1,53.88,22.63,53.88,1
2014-08,Michigan,Office Supplies,45-59,Low (<50),2,57.78,26.78,28.89,2
2014-08,Michigan,Office Supplies,45-59,Medium (50-500),1,167.54,37.23,167.54,1
2014-08,Michigan,Technology,45-59,High (500-1500),1,549.99,275.0,549.99,1
2014-08,Michigan,Technology,45-59,Medium (50-500),1,299.98,83.99,299.98,1
2014-08,Missouri,Office Supplies,60+,High (500-1500),1,838.38,226.36,838.38,1
2014-08,Missouri,Office Supplies,60+,Low (<50),2,38.26,18.21,19.13,2
2014-08,Missouri,Technology,60+,Low (<50),1,21.2,9.12,21.2,1
2014-08,Montana,Office Supplies,45-59,Low (<50),1,8.29,2.69,8.29,1
2014-08,New Jersey,Office Supplies,35-44,Medium (50-500),1,196.21,98.1,196.21,1
2014-08,New Mexico,Technology,35-44,Medium (50-500),1,92.52,18.5,92.52,1
2014-08,New York,Furniture,45-59,Low (<50),1,13.28,6.37,13.28,1
2014-08,New York,Office Supplies,45-59,Low (<50),4,100.47,46.4,25.12,3
2014-08,New York,Office Supplies,60+,Low (<50),2,61.32,24.55,30.66,1
2014-08,New York,Office Supplies,60+,Medium (50-500),2,477.64,45.36,238.82,2
2014-08,New York,Technology,18-24,Medium (50-500),1,199.98,83.99,199.98,1
2014-08,New York,Technology,45-59,Medium (50-500),1,135.99,36.72,135.99,1
2014-08,North Carolina,Furniture,45-59,Low (<50),1,44.13,12.14,44.13,1
2014-08,North Carolina,Office Supplies,45-59,Low (<50),1,17.54,5.92,17.54,1
2014-08,North Carolina,Office Supplies,45-59,Medium (50-500),2,141.22,39.59,70.61,1
2014-08,Ohio,Office Supplies,25-34,Low (<50),4,34.16,-22.52,8.54,2
2014-08,Ohio,Office Supplies,35-44,Low (<50),1,9.18,1.15,9.18,1
2014-08,Ohio,Office Supplies,35-44,Medium (50-500),1,76.78,-58.86,76.78,1
2014-08,Ohio,Office Supplies,45-59,Low (<50),3,68.79,23.68,22.93,1
2014-08,Ohio,Office Supplies,45-59,Medium (50-500),1,130.46,44.03,130.46,1
2014-08,Ohio,Office Supplies,60+,Low (<50),1,10.72,1.74,10.72,1
2014-08,Pennsylvania,Furniture,45-59,High (500-1500),1,853.09,-227.49,853.09,1
2014-08,Pennsylvania,Office Supplies,18-24,Low (<50),1,5.68,1.92,5.68,1
2014-08,South Carolina,Technology,25-34,Medium (50-500),1,62.91,22.65,62.91,1
2014-08,Texas,Furniture,35-44,Medium (50-500),1,489.23,41.93,489.23,1
2014-08,Texas,Office Supplies,35-44,Low (<50),1,30.96,-52.63,30.96,1
2014-08,Texas,Office Supplies,45-59,Low (<50),1,15.55,5.44,15.55,1
2014-08,Texas,Office Supplies,60+,Low (<50),2,38.06,-59.62,19.03,1
2014-08,Utah,Office Supplies,35-44,High (500-1500),1,1089.75,305.13,1089.75,1
2014-08,Utah,Office Supplies,35-44,Low (<50),2,29.58,9.04,14.79,1
2014-08,Utah,Office Supplies,35-44,Medium (50-500),2,606.74,227.39,303.37,1
2014-08,Utah,Technology,35-44,Medium (50-500),1,399.96,35.0,399.96,1
2014-08,Virginia,Furniture,35-44,High (500-1500),1,1202.94,300.74,1202.94,1
2014-08,Virginia,Furniture,35-44,Low (<50),1,29.12,12.52,29.12,1
2014-08,Virginia,Furniture,60+,High (500-1500),1,500.24,145.07,500.24,1
2014-08,Virginia,Office Supplies,45-59,Low (<50),1,13.36,6.41,13.36,1
2014-08,Virginia,Office Supplies,60+,High (500-1500),1,896.99,421.59,896.99,1
2014-08,Virginia,Office Supplies,60+,Low (<50),1,20.12,9.26,20.12,1
2014-08,Virginia,Technology,35-44,High (500-1500),1,579.95,168.19,579.95,1
2014-08,Washington,Furniture,35-44,Low (<50),1,12.35,5.43,12.35,1
2014-08,Washington,Office Supplies,35-44,Low (<50),2,63.93,21.44,31.96,1
2014-08,Washington,Office Supplies,45-59,Very High (1500+),1,2060.74,643.98,2060.74,1
2014-08,Washington,Technology,25-34,High (500-1500),1,1091.17,68.2,1091.17,1
2014-08,Washington,Technology,25-34,Medium (50-500),1,219.17,-43.83,219.17,1
2014-08,Washington,Technology,45-59,High (500-1500),1,1007.94,75.6,1007.94,1
2014-09,Arizona,Furniture,45-59,Medium (50-500),1,73.92,-45.83,73.92,1
2014-09,Arizona,Office Supplies,45-59,Medium (50-500),1,79.4,5.96,79.4,1
2014-09,Arkansas,Office Supplies,60+,Very High (1500+),1,1793.98,843.17,1793.98,1
2014-09,California,Furniture,18-24,High (500-1500),1,603.92,45.29,603.92,1
2014-09,California,Furniture,18-24,Medium (50-500),1,436.0,20.52,436.0,1
2014-09,California,Furniture,45-59,Medium (50-500),1,127.95,21.75,127.95,1
2014-09,California,Furniture,60+,High (500-1500),1,585.55,73.19,585.55,1
2014-09,California,Furniture,60+,Low (<50),1,41.88,12.15,41.88,1
2014-09,California,Furniture,60+,Medium (50-500),2,350.17,53.2,175.08,2
2014-09,California,Office Supplies,18-24,Medium (50-500),2,135.92,55.81,67.96,2
2014-09,California,Office Supplies,25-34,Low (<50),3,104.83,18.84,34.94,2
2014-09,California,Office Supplies,25-34,Medium (50-500),2,381.41,50.84,190.7,2
2014-09,California,Office Supplies,35-44,Low (<50),3,38.84,18.8,12.95,2
2014-09,California,Office Supplies,45-59,Medium (50-500),1,182.94,85.98,182.94,1
2014-09,California,Office Supplies,60+,Low (<50),13,197.82,79.64,15.22,8
2014-09,California,Office Supplies,60+,Medium (50-500),6,399.1,152.4,66.52,5
2014-09,California,Technology,18-24,Medium (50-500),1,83.98,31.49,83.98,1
2014-09,California,Technology,35-44,Low (<50),1,49.98,8.5,49.98,1
2014-09,California,Technology,60+,High (500-1500),1,686.32,223.05,686.32,1
2014-09,California,Technology,60+,Medium (50-500),1,239.98,24.0,239.98,1
2014-09,Colorado,Office Supplies,25-34,Low (<50),1,14.58,2.37,14.58,1
2014-09,Delaware,Office Supplies,25-34,Low (<50),1,11.12,5.45,11.12,1
2014-09,Delaware,Office Supplies,60+,Low (<50),2,44.34,18.38,22.17,1
2014-09,Florida,Furniture,25-34,Low (<50),1,13.13,3.77,13.13,1
2014-09,Florida,Furniture,25-34,Medium (50-500),1,337.09,16.85,337.09,1
2014-09,Florida,Furniture,60+,Low (<50),1,31.98,2.0,31.98,1
2014-09,Florida,Office Supplies,18-24,Low (<50),1,4.61,1.67,4.61,1
2014-09,Florida,Office Supplies,25-34,Low (<50),2,28.55,6.74,14.28,2
2014-09,Florida,Office Supplies,45-59,Low (<50),1,2.82,0.99,2.82,1
2014-09,Georgia,Furniture,25-34,Medium (50-500),1,142.4,52.69,142.4,1
2014-09,Georgia,Office Supplies,25-34,Low (<50),1,7.16,3.44,7.16,1
2014-09,Georgia,Technology,45-59,Low (<50),1,32.97,12.86,32.97,1
2014-09,Georgia,Technology,45-59,Medium (50-500),1,83.88,30.2,83.88,1
2014-09,Illinois,Furniture,18-24,Medium (50-500),1,493.43,-70.49,493.43,1
2014-09,Illinois,Furniture,60+,High (500-1500),1,617.7,-407.68,617.7,1
2014-09,Illinois,Office Supplies,35-44,Low (<50),3,37.15,4.16,12.38,2
2014-09,Illinois,Office Supplies,35-44,Medium (50-500),2,357.44,-664.85,178.72,2
2014-09,Illinois,Office Supplies,45-59,Medium (50-500),1,331.54,-82.88,331.54,1
2014-09,Illinois,Office Supplies,60+,Low (<50),1,10.9,3.4,10.9,1
2014-09,Illinois,Technology,18-24,Low (<50),1,11.12,3.48,11.12,1
2014-09,Illinois,Technology,45-59,Medium (50-500),1,153.82,38.46,153.82,1
2014-09,Illinois,Technology,60+,Medium (50-500),2,715.92,149.18,357.96,2
2014-09,Kansas,Furniture,25-34,Low (<50),1,40.56,12.98,40.56,1
2014-09,Kansas,Office Supplies,25-34,Medium (50-500),2,689.89,156.54,344.94,1
2014-09,Kansas,Technology,25-34,Medium (50-500),1,57.4,10.91,57.4,1
2014-09,Maryland,Furniture,45-59,Medium (50-500),2,527.16,87.2,263.58,1
2014-09,Maryland,Technology,45-59,Medium (50-500),1,59.98,26.39,59.98,1
2014-09,Massachusetts,Furniture,45-59,High (500-1500),1,785.88,212.19,785.88,1
2014-09,Massachusetts,Office Supplies,25-34,Low (<50),1,46.26,12.49,46.26,1
2014-09,Massachusetts,Office Supplies,45-59,High (500-1500),1,1325.85,238.65,1325.85,1
2014-09,Massachusetts,Office Supplies,45-59,Low (<50),1,26.2,12.84,26.2,1
2014-09,Massachusetts,Office Supplies,45-59,Medium (50-500),1,166.44,79.89,166.44,1
2014-09,Michigan,Office Supplies,18-24,Medium (50-500),1,103.6,51.8,103.6,1
2014-09,Minnesota,Office Supplies,60+,Low (<50),2,45.34,22.02,22.67,1
2014-09,Minnesota,Office Supplies,60+,Medium (50-500),1,404.9,16.2,404.9,1
2014-09,Minnesota,Office Supplies,60+,Very High (1500+),1,9449.95,4630.48,9449.95,1
2014-09,Nebraska,Office Supplies,18-24,Low (<50),3,68.71,21.52,22.9,1
2014-09,New Jersey,Furniture,35-44,Medium (50-500),1,87.54,37.64,87.54,1
2014-09,New Jersey,Furniture,45-59,Medium (50-500),1,254.9,76.47,254.9,1
2014-09,New Jersey,Office Supplies,45-59,Medium (50-500),1,81.92,22.12,81.92,1
2014-09,New York,Furniture,18-24,High (500-1500),1,887.1,177.42,887.1,1
2014-09,New York,Furniture,25-34,High (500-1500),1,579.53,83.71,579.53,1
2014-09,New York,Furniture,25-34,Low (<50),1,14.56,6.26,14.56,1
2014-09,New York,Furniture,25-34,Medium (50-500),2,168.15,40.03,84.07,2
2014-09,New York,Furniture,35-44,Very High (1500+),1,3785.29,420.59,3785.29,1
2014-09,New York,Furniture,45-59,High (500-1500),2,1433.35,130.38,716.68,1
2014-09,New York,Furniture,45-59,Low (<50),1,15.24,5.18,15.24,1
2014-09,New York,Furniture,60+,Medium (50-500),3,754.42,-58.52,251.47,3
2014-09,New York,Office Supplies,18-24,Low (<50),2,38.68,15.33,19.34,2
2014-09,New York,Office Supplies,18-24,Medium (50-500),1,57.75,16.17,57.75,1
2014-09,New York,Office Supplies,25-34,Low (<50),5,66.26,30.16,13.25,4
2014-09,New York,Office Supplies,35-44,Low (<50),3,78.47,36.49,26.16,3
2014-09,New York,Office Supplies,35-44,Medium (50-500),2,515.18,26.15,257.59,2
2014-09,New York,Office Supplies,45-59,Low (<50),3,69.99,22.11,23.33,3
2014-09,New York,Office Supplies,45-59,Medium (50-500),2,214.62,82.4,107.31,2
2014-09,New York,Office Supplies,60+,High (500-1500),2,1996.84,561.27,998.42,2
2014-09,New York,Office Supplies,60+,Low (<50),5,105.26,43.72,21.05,5
2014-09,New York,Office Supplies,60+,Medium (50-500),2,145.98,69.48,72.99,2
2014-09,New York,Technology,18-24,Medium (50-500),1,357.0,57.12,357.0,1
2014-09,New York,Technology,35-44,Medium (50-500),1,377.97,109.61,377.97,1
2014-09,New York,Technology,45-59,High (500-1500),2,1979.86,818.94,989.93,1
2014-09,New York,Technology,45-59,Medium (50-500),1,69.99,30.1,69.99,1
2014-09,New York,Technology,60+,Low (<50),1,16.99,4.42,16.99,1
2014-09,New York,Technology,60+,Medium (50-500),1,287.97,80.63,287.97,1
2014-09,New York,Technology,60+,Very High (1500+),1,2799.96,1371.98,2799.96,1
2014-09,North Carolina,Office Supplies,45-59,Low (<50),2,21.06,7.37,10.53,2
2014-09,North Carolina,Office Supplies,45-59,Medium (50-500),2,263.1,50.05,131.55,2
2014-09,North Carolina,Office Supplies,60+,Low (<50),2,23.27,-10.76,11.64,2
2014-09,North Carolina,Office Supplies,60+,Medium (50-500),1,67.34,7.58,67.34,1
2014-09,North Carolina,Technology,25-34,High (500-1500),1,1299.99,-572.0,1299.99,1
2014-09,North Carolina,Technology,45-59,Low (<50),1,15.22,2.28,15.22,1
2014-09,North Carolina,Technology,60+,Low (<50),1,47.98,13.2,47.98,1
2014-09,North Carolina,Technology,60+,Very High (1500+),1,2624.98,-944.99,2624.98,1
2014-09,Ohio,Furniture,60+,Medium (50-500),1,60.67,12.89,60.67,1
2014-09,Ohio,Office Supplies,18-24,Low (<50),1,2.5,-2.0,2.5,1
2014-09,Ohio,Office Supplies,25-34,Medium (50-500),2,328.24,-27.05,164.12,2
2014-09,Ohio,Office Supplies,35-44,High (500-1500),1,795.41,59.66,795.41,1
2014-09,Ohio,Office Supplies,60+,Low (<50),4,109.22,25.13,27.3,3
2014-09,Ohio,Technology,60+,Low (<50),1,3.15,0.47,3.15,1
2014-09,Oklahoma,Furniture,45-59,High (500-1500),1,821.88,213.69,821.88,1
2014-09,Oklahoma,Furniture,45-59,Medium (50-500),3,649.55,180.78,216.52,2
2014-09,Oklahoma,Office Supplies,45-59,Low (<50),4,107.69,47.49,26.92,2
2014-09,Oklahoma,Technology,45-59,Medium (50-500),1,104.85,28.31,104.85,1
2014-09,Oregon,Furniture,60+,High (500-1500),1,1487.04,148.7,1487.04,1
2014-09,Oregon,Office Supplies,45-59,Low (<50),3,83.74,18.32,27.91,1
2014-09,Oregon,Office Supplies,45-59,Medium (50-500),1,148.7,46.47,148.7,1
2014-09,Oregon,Office Supplies,60+,Low (<50),1,21.73,7.6,21.73,1
2014-09,Oregon,Technology,45-59,Low (<50),1,29.92,-21.94,29.92,1
2014-09,Oregon,Technology,45-59,Medium (50-500),1,55.92,16.78,55.92,1
2014-09,Pennsylvania,Furniture,25-34,Low (<50),1,42.37,8.47,42.37,1
2014-09,Pennsylvania,Furniture,35-44,Low (<50),1,17.47,5.02,17.47,1
2014-09,Pennsylvania,Furniture,35-44,Medium (50-500),2,476.45,-102.01,238.22,1
2014-09,Pennsylvania,Furniture,45-59,Low (<50),1,21.18,4.77,21.18,1
2014-09,Pennsylvania,Furniture,60+,Medium (50-500),1,103.94,16.89,103.94,1
2014-09,Pennsylvania,Office Supplies,25-34,Medium (50-500),1,64.78,-14.58,64.78,1
2014-09,Pennsylvania,Office Supplies,35-44,Low (<50),5,62.83,14.13,12.57,4
2014-09,Pennsylvania,Office Supplies,35-44,Medium (50-500),1,55.44,18.02,55.44,1
2014-09,Pennsylvania,Office Supplies,35-44,Very High (1500+),1,1801.63,-337.81,1801.63,1
2014-09,Pennsylvania,Office Supplies,45-59,Low (<50),4,79.51,9.66,19.88,2
2014-09,Pennsylvania,Office Supplies,45-59,Medium (50-500),1,143.95,14.4,143.95,1
2014-09,Pennsylvania,Office Supplies,60+,Low (<50),1,5.89,-4.12,5.89,1
2014-09,Pennsylvania,Technology,25-34,Low (<50),1,32.38,4.32,32.38,1
2014-09,Pennsylvania,Technology,25-34,Medium (50-500),1,399.54,-559.36,399.54,1
2014-09,Pennsylvania,Technology,35-44,Medium (50-500),3,452.22,17.08,150.74,2
2014-09,Tennessee,Office Supplies,60+,Medium (50-500),1,69.22,11.25,69.22,1
2014-09,Texas,Furniture,25-34,Low (<50),1,9.96,-6.72,9.96,1
2014-09,Texas,Furniture,35-44,Medium (50-500),1,300.53,-97.23,300.53,1
2014-09,Texas,Furniture,45-59,Medium (50-500),2,540.91,-32.67,270.46,2
2014-09,Texas,Furniture,45-59,Very High (1500+),1,1740.06,-24.86,1740.06,1
2014-09,Texas,Furniture,60+,High (500-1500),1,966.7,-13.81,966.7,1
2014-09,Texas,Furniture,60+,Low (<50),1,8.54,-7.48,8.54,1
2014-09,Texas,Office Supplies,25-34,Low (<50),5,56.2,-8.04,11.24,2
2014-09,Texas,Office Supplies,35-44,Low (<50),3,39.78,7.3,13.26,1
2014-09,Texas,Office Supplies,35-44,Medium (50-500),1,51.18,-79.34,51.18,1
2014-09,Texas,Office Supplies,45-59,Low (<50),5,74.46,-3.24,14.89,3
2014-09,Texas,Office Supplies,45-59,Medium (50-500),2,453.91,-512.48,226.95,1
2014-09,Texas,Office Supplies,60+,Low (<50),3,23.96,-3.16,7.99,3
2014-09,Texas,Office Supplies,60+,Medium (50-500),1,182.11,61.46,182.11,1
2014-09,Texas,Technology,25-34,High (500-1500),1,559.71,-121.27,559.71,1
2014-09,Texas,Technology,25-34,Very High (1500+),2,5579.94,-761.99,2789.97,1
2014-09,Texas,Technology,45-59,Low (<50),1,46.69,-2.92,46.69,1
2014-09,Texas,Technology,45-59,Medium (50-500),2,340.75,23.76,170.38,2
2014-09,Texas,Technology,45-59,Very High (1500+),1,8159.95,-1359.99,8159.95,1
2014-09,Virginia,Office Supplies,45-59,Low (<50),1,45.0,21.6,45.0,1
2014-09,Virginia,Office Supplies,60+,Low (<50),1,9.64,4.72,9.64,1
2014-09,Virginia,Technology,45-59,Medium (50-500),1,209.97,90.29,209.97,1
2014-09,Washington,Furniture,18-24,High (500-1500),1,975.92,121.99,975.92,1
2014-09,Washington,Furniture,18-24,Low (<50),1,14.19,5.53,14.19,1
2014-09,Washington,Furniture,60+,Low (<50),2,41.5,16.39,20.75,2
2014-09,Washington,Furniture,60+,Very High (1500+),1,2348.82,399.3,2348.82,1
2014-09,Washington,Office Supplies,18-24,Low (<50),5,90.48,41.73,18.1,2
2014-09,Washington,Office Supplies,18-24,Medium (50-500),2,789.72,110.59,394.86,1
2014-09,Washington,Office Supplies,35-44,High (500-1500),1,807.75,153.47,807.75,1
2014-09,Washington,Office Supplies,35-44,Low (<50),2,53.22,16.63,26.61,2
2014-09,Washington,Office Supplies,35-44,Medium (50-500),1,92.52,24.98,92.52,1
2014-09,Washington,Office Supplies,45-59,Medium (50-500),1,310.12,80.63,310.12,1
2014-09,Washington,Office Supplies,60+,Low (<50),1,30.28,1.21,30.28,1
2014-09,Washington,Office Supplies,60+,Medium (50-500),2,195.17,62.54,97.58,1
2014-09,Washington,Technology,18-24,Medium (50-500),3,462.94,156.94,154.31,1
2014-09,Washington,Technology,35-44,Medium (50-500),1,246.38,27.72,246.38,1
2014-09,Washington,Technology,35-44,Very High (1500+),1,1799.97,701.99,1799.97,1
2014-10,Alabama,Furniture,18-24,High (500-1500),1,545.88,70.96,545.88,1
2014-10,Alabama,Office Supplies,18-24,Medium (50-500),1,275.97,11.04,275.97,1
2014-10,Alabama,Technology,18-24,High (500-1500),1,1394.95,362.69,1394.95,1
2014-10,Arizona,Furniture,45-59,Low (<50),1,46.87,3.52,46.87,1
2014-10,Arizona,Office Supplies,60+,Low (<50),4,42.21,6.23,10.55,1
2014-10,Arizona,Technology,45-59,High (500-1500),1,742.34,83.51,742.34,1
2014-10,Arizona,Technology,60+,Low (<50),1,7.16,-0.09,7.16,1
2014-10,Arizona,Technology,60+,Medium (50-500),2,548.78,127.62,274.39,1
2014-10,Arkansas,Furniture,45-59,Low (<50),1,8.92,3.92,8.92,1
2014-10,Arkansas,Furniture,60+,High (500-1500),1,605.34,145.28,605.34,1
2014-10,Arkansas,Office Supplies,45-59,Low (<50),1,7.31,3.44,7.31,1
2014-10,California,Furniture,18-24,Medium (50-500),1,146.35,-9.15,146.35,1
2014-10,California,Furniture,35-44,Medium (50-500),2,555.92,-51.27,277.96,2
2014-10,California,Furniture,45-59,Medium (50-500),2,265.78,17.35,132.89,1
2014-10,California,Furniture,60+,High (500-1500),1,617.0,-36.29,617.0,1
2014-10,California,Office Supplies,18-24,Low (<50),9,142.71,52.38,15.86,4
2014-10,California,Office Supplies,18-24,Medium (50-500),4,697.41,132.44,174.35,2
2014-10,California,Office Supplies,25-34,Low (<50),1,14.35,5.02,14.35,1
2014-10,California,Office Supplies,35-44,Low (<50),4,110.05,40.9,27.51,4
2014-10,California,Office Supplies,35-44,Medium (50-500),1,144.6,41.93,144.6,1
2014-10,California,Office Supplies,45-59,Low (<50),4,87.1,29.44,21.78,3
2014-10,California,Office Supplies,45-59,Medium (50-500),1,95.65,31.09,95.65,1
2014-10,California,Office Supplies,60+,Low (<50),2,13.46,2.31,6.73,1
2014-10,California,Office Supplies,60+,Medium (50-500),2,622.14,52.6,311.07,1
2014-10,California,Technology,18-24,Medium (50-500),2,369.49,59.62,184.74,2
2014-10,California,Technology,25-34,Low (<50),1,9.09,1.91,9.09,1
2014-10,California,Technology,25-34,Medium (50-500),1,179.97,86.39,179.97,1
2014-10,California,Technology,35-44,Low (<50),1,15.99,-3.0,15.99,1
2014-10,California,Technology,35-44,Medium (50-500),2,173.56,43.27,86.78,2
2014-10,California,Technology,60+,Medium (50-500),1,321.55,20.1,321.55,1
2014-10,Florida,Furniture,60+,Low (<50),1,15.38,4.04,15.38,1
2014-10,Florida,Office Supplies,45-59,Low (<50),1,10.37,3.63,10.37,1
2014-10,Illinois,Furniture,35-44,Medium (50-500),1,258.28,-70.1,258.28,1
2014-10,Illinois,Office Supplies,25-34,Low (<50),1,22.24,2.5,22.24,1
2014-10,Illinois,Office Supplies,45-59,High (500-1500),1,505.32,31.58,505.32,1
2014-10,Illinois,Office Supplies,45-59,Low (<50),3,36.91,-5.58,12.3,1
2014-10,Illinois,Office Supplies,60+,Low (<50),2,22.08,2.08,11.04,1
2014-10,Illinois,Office Supplies,60+,Medium (50-500),1,322.19,100.68,322.19,1
2014-10,Illinois,Technology,45-59,Medium (50-500),1,319.97,71.99,319.97,1
2014-10,Illinois,Technology,60+,Very High (1500+),1,2735.95,341.99,2735.95,1
2014-10,Indiana,Office Supplies,60+,Medium (50-500),2,462.22,89.75,231.11,2
2014-10,Indiana,Technology,60+,Low (<50),1,1.98,0.89,1.98,1
2014-10,Kansas,Technology,60+,Medium (50-500),1,257.98,74.81,257.98,1
2014-10,Louisiana,Furniture,45-59,Medium (50-500),1,129.92,10.39,129.92,1
2014-10,Massachusetts,Furniture,60+,Very High (1500+),1,1628.82,260.61,1628.82,1
2014-10,Massachusetts,Office Supplies,60+,Medium (50-500),1,79.45,22.25,79.45,1
2014-10,Massachusetts,Technology,60+,Medium (50-500),1,177.0,30.09,177.0,1
2014-10,Michigan,Office Supplies,45-59,Medium (50-500),1,211.96,8.48,211.96,1
2014-10,Nebraska,Office Supplies,25-34,Low (<50),1,15.36,7.68,15.36,1
2014-10,Nevada,Office Supplies,45-59,Low (<50),1,4.71,0.0,4.71,1
2014-10,New Hampshire,Office Supplies,25-34,Low (<50),1,22.92,11.0,22.92,1
2014-10,New Hampshire,Office Supplies,25-34,Medium (50-500),1,269.9,16.19,269.9,1
2014-10,New Jersey,Furniture,25-34,Medium (50-500),1,245.98,27.06,245.98,1
2014-10,New Jersey,Office Supplies,25-34,Low (<50),1,18.94,9.47,18.94,1
2014-10,New Mexico,Office Supplies,18-24,Medium (50-500),1,255.85,112.57,255.85,1
2014-10,New York,Furniture,60+,High (500-1500),1,589.41,-6.55,589.41,1
2014-10,New York,Office Supplies,18-24,Low (<50),1,7.75,2.81,7.75,1
2014-10,New York,Office Supplies,45-59,Medium (50-500),1,123.92,55.76,123.92,1
2014-10,North Carolina,Office Supplies,35-44,Low (<50),1,6.19,0.46,6.19,1
2014-10,North Carolina,Office Supplies,35-44,Medium (50-500),1,61.57,4.62,61.57,1
2014-10,North Carolina,Office Supplies,45-59,Low (<50),2,22.32,7.66,11.16,1
2014-10,North Carolina,Office Supplies,45-59,Medium (50-500),1,88.77,31.07,88.77,1
2014-10,North Carolina,Technology,35-44,Low (<50),1,23.47,4.99,23.47,1
2014-10,Ohio,Furniture,18-24,Medium (50-500),1,93.89,12.91,93.89,1
2014-10,Ohio,Furniture,45-59,Medium (50-500),1,409.59,-122.88,409.59,1
2014-10,Ohio,Furniture,60+,High (500-1500),1,1421.66,-734.53,1421.66,1
2014-10,Ohio,Furniture,60+,Medium (50-500),1,183.37,-7.86,183.37,1
2014-10,Ohio,Office Supplies,18-24,Low (<50),1,18.26,-13.39,18.26,1
2014-10,Ohio,Office Supplies,25-34,Low (<50),1,14.48,4.89,14.48,1
2014-10,Ohio,Office Supplies,25-34,Medium (50-500),1,55.98,4.2,55.98,1
2014-10,Ohio,Office Supplies,45-59,Medium (50-500),1,121.79,13.7,121.79,1
2014-10,Ohio,Office Supplies,60+,Low (<50),1,7.97,2.89,7.97,1
2014-10,Ohio,Office Supplies,60+,Medium (50-500),1,91.92,11.49,91.92,1
2014-10,Ohio,Technology,18-24,Medium (50-500),1,101.99,-71.4,101.99,1
2014-10,Ohio,Technology,25-34,Medium (50-500),1,142.49,-3.56,142.49,1
2014-10,Pennsylvania,Furniture,45-59,Medium (50-500),1,129.92,21.11,129.92,1
2014-10,Pennsylvania,Office Supplies,35-44,Medium (50-500),2,483.34,78.55,241.67,1
2014-10,Pennsylvania,Office Supplies,45-59,Low (<50),1,13.7,-9.59,13.7,1
2014-10,Pennsylvania,Office Supplies,60+,Low (<50),1,10.05,3.14,10.05,1
2014-10,Pennsylvania,Office Supplies,60+,Medium (50-500),3,323.34,-28.99,107.78,2
2014-10,Pennsylvania,Technology,45-59,Low (<50),1,40.78,0.51,40.78,1
2014-10,Rhode Island,Furniture,45-59,Low (<50),2,32.43,12.06,16.22,1
2014-10,Rhode Island,Furniture,45-59,Medium (50-500),1,385.69,-60.61,385.69,1
2014-10,Rhode Island,Furniture,45-59,Very High (1500+),1,1604.9,481.47,1604.9,1
2014-10,Rhode Island,Office Supplies,45-59,Low (<50),3,93.49,39.17,31.16,1
2014-10,South Carolina,Office Supplies,60+,Low (<50),1,11.85,3.79,11.85,1
2014-10,Tennessee,Furniture,35-44,Medium (50-500),1,328.59,-147.87,328.59,1
2014-10,Tennessee,Office Supplies,35-44,Medium (50-500),1,98.35,-24.59,98.35,1
2014-10,Texas,Furniture,35-44,Low (<50),1,5.31,-1.59,5.31,1
2014-10,Texas,Furniture,45-59,Low (<50),1,31.78,-19.07,31.78,1
2014-10,Texas,Office Supplies,18-24,Medium (50-500),1,107.44,10.74,107.44,1
2014-10,Texas,Office Supplies,45-59,Low (<50),7,49.79,-42.2,7.11,3
2014-10,Texas,Office Supplies,60+,Low (<50),1,3.16,-8.53,3.16,1
2014-10,Texas,Technology,45-59,High (500-1500),2,1475.9,138.14,737.95,1
2014-10,Texas,Technology,45-59,Medium (50-500),1,119.98,-18.0,119.98,1
2014-10,Texas,Technology,60+,Very High (1500+),1,1999.96,624.99,1999.96,1
2014-10,Virginia,Furniture,25-34,High (500-1500),1,591.32,112.35,591.32,1
2014-10,Virginia,Office Supplies,25-34,Low (<50),3,54.42,25.49,18.14,2
2014-10,Virginia,Office Supplies,25-34,Medium (50-500),2,509.9,16.04,254.95,2
2014-10,Virginia,Technology,25-34,Low (<50),1,22.96,4.36,22.96,1
2014-10,Washington,Furniture,60+,High (500-1500),1,1298.55,311.65,1298.55,1
2014-10,Washington,Furniture,60+,Medium (50-500),2,127.39,22.24,63.7,2
2014-10,Washington,Office Supplies,60+,Low (<50),3,42.1,17.44,14.03,3
2014-10,Washington,Office Supplies,60+,Medium (50-500),2,275.88,89.92,137.94,2
2014-10,Washington,Technology,60+,Low (<50),1,25.78,2.58,25.78,1
2014-10,Washington,Technology,60+,Medium (50-500),2,728.96,97.05,364.48,2
2014-11,Alabama,Office Supplies,45-59,Low (<50),1,14.67,3.96,14.67,1
2014-11,Arizona,Office Supplies,60+,Low (<50),2,71.46,12.4,35.73,2
2014-11,Arizona,Technology,60+,Medium (50-500),1,102.24,-16.61,102.24,1
2014-11,California,Furniture,18-24,High (500-1500),1,725.34,54.4,725.34,1
2014-11,California,Furniture,25-34,Low (<50),1,20.04,8.82,20.04,1
2014-11,California,Furniture,35-44,High (500-1500),1,573.73,-64.54,573.73,1
2014-11,California,Furniture,35-44,Low (<50),1,10.11,3.24,10.11,1
2014-11,California,Furniture,35-44,Medium (50-500),4,801.07,44.88,200.27,4
2014-11,California,Furniture,45-59,High (500-1500),1,629.06,31.45,629.06,1
2014-11,California,Furniture,45-59,Low (<50),2,63.76,21.67,31.88,2
2014-11,California,Furniture,45-59,Medium (50-500),1,53.2,14.9,53.2,1
2014-11,California,Furniture,60+,High (500-1500),1,603.92,-67.94,603.92,1
2014-11,California,Furniture,60+,Low (<50),1,35.34,13.43,35.34,1
2014-11,California,Furniture,60+,Medium (50-500),3,905.42,30.27,301.81,3
2014-11,California,Office Supplies,18-24,Low (<50),4,49.64,23.23,12.41,4
2014-11,California,Office Supplies,18-24,Medium (50-500),1,123.14,46.18,123.14,1
2014-11,California,Office Supplies,25-34,Low (<50),1,10.95,3.28,10.95,1
2014-11,California,Office Supplies,25-34,Medium (50-500),1,362.92,105.25,362.92,1
2014-11,California,Office Supplies,35-44,High (500-1500),1,733.95,352.3,733.95,1
2014-11,California,Office Supplies,35-44,Low (<50),5,127.64,54.71,25.53,3
2014-11,California,Office Supplies,35-44,Medium (50-500),6,1177.29,185.52,196.22,3
2014-11,California,Office Supplies,45-59,Low (<50),6,96.0,42.67,16.0,6
2014-11,California,Office Supplies,45-59,Medium (50-500),5,642.84,241.22,128.57,5
2014-11,California,Office Supplies,60+,Low (<50),10,224.83,78.89,22.48,6
2014-11,California,Technology,18-24,High (500-1500),2,1115.84,119.23,557.92,2
2014-11,California,Technology,18-24,Medium (50-500),1,94.99,28.5,94.99,1
2014-11,California,Technology,25-34,Low (<50),1,46.38,5.22,46.38,1
2014-11,California,Technology,35-44,High (500-1500),3,2142.78,301.4,714.26,3
2014-11,California,Technology,35-44,Medium (50-500),3,627.92,130.0,209.31,3
2014-11,California,Technology,45-59,High (500-1500),2,1177.46,117.75,588.73,2
2014-11,California,Technology,45-59,Low (<50),1,10.99,4.29,10.99,1
2014-11,California,Technology,60+,Low (<50),1,29.99,6.3,29.99,1
2014-11,California,Technology,60+,Medium (50-500),2,473.51,60.0,236.75,2
2014-11,Colorado,Furniture,35-44,Medium (50-500),1,145.98,-99.27,145.98,1
2014-11,Colorado,Furniture,45-59,High (500-1500),1,603.92,75.49,603.92,1
2014-11,Colorado,Office Supplies,35-44,Low (<50),2,78.98,16.85,39.49,2
2014-11,Colorado,Office Supplies,45-59,Low (<50),1,3.39,0.81,3.39,1
2014-11,Colorado,Technology,35-44,Very High (1500+),1,1983.97,248.0,1983.97,1
2014-11,Colorado,Technology,45-59,High (500-1500),1,559.98,56.0,559.98,1
2014-11,Connecticut,Office Supplies,18-24,Low (<50),1,11.64,3.38,11.64,1
2014-11,Connecticut,Office Supplies,60+,Low (<50),1,43.8,21.02,43.8,1
2014-11,Connecticut,Technology,60+,High (500-1500),1,832.93,233.22,832.93,1
2014-11,Delaware,Furniture,45-59,Medium (50-500),1,124.41,14.93,124.41,1
2014-11,Delaware,Furniture,60+,High (500-1500),1,1025.88,235.95,1025.88,1
2014-11,Delaware,Office Supplies,45-59,Medium (50-500),1,57.75,26.56,57.75,1
2014-11,Delaware,Office Supplies,45-59,Very High (1500+),1,2934.33,792.27,2934.33,1
2014-11,Delaware,Office Supplies,60+,Low (<50),2,32.46,15.38,16.23,1
2014-11,Delaware,Office Supplies,60+,Medium (50-500),1,213.08,102.28,213.08,1
2014-11,Florida,Office Supplies,45-59,Low (<50),1,6.64,-4.43,6.64,1
2014-11,Florida,Technology,60+,High (500-1500),1,799.92,239.98,799.92,1
2014-11,Georgia,Office Supplies,18-24,Low (<50),1,43.68,20.97,43.68,1
2014-11,Georgia,Office Supplies,35-44,High (500-1500),1,675.12,290.3,675.12,1
2014-11,Georgia,Office Supplies,35-44,Low (<50),2,27.59,13.29,13.8,1
2014-11,Georgia,Office Supplies,35-44,Medium (50-500),1,319.9,156.75,319.9,1
2014-11,Georgia,Office Supplies,45-59,Low (<50),1,9.96,4.88,9.96,1
2014-11,Illinois,Furniture,25-34,High (500-1500),1,797.94,-57.0,797.94,1
2014-11,Illinois,Furniture,25-34,Low (<50),2,48.28,-9.03,24.14,2
2014-11,Illinois,Furniture,35-44,Low (<50),1,8.54,-7.48,8.54,1
2014-11,Illinois,Furniture,35-44,Medium (50-500),2,716.22,-205.55,358.11,1
2014-11,Illinois,Office Supplies,25-34,High (500-1500),1,646.2,-8.08,646.2,1
2014-11,Illinois,Office Supplies,25-34,Low (<50),1,9.98,-16.47,9.98,1
2014-11,Illinois,Office Supplies,35-44,Low (<50),2,18.59,0.18,9.29,2
2014-11,Illinois,Office Supplies,35-44,Medium (50-500),1,381.72,-66.8,381.72,1
2014-11,Illinois,Office Supplies,60+,Low (<50),2,27.1,-19.95,13.55,2
2014-11,Indiana,Office Supplies,35-44,Low (<50),2,60.8,28.52,30.4,1
2014-11,Indiana,Office Supplies,35-44,Medium (50-500),2,247.8,79.19,123.9,1
2014-11,Indiana,Office Supplies,60+,Medium (50-500),1,64.02,29.45,64.02,1
2014-11,Kansas,Technology,35-44,Medium (50-500),1,273.96,10.96,273.96,1
2014-11,Kentucky,Office Supplies,25-34,High (500-1500),1,629.1,301.97,629.1,1
2014-11,Kentucky,Office Supplies,25-34,Low (<50),1,5.46,1.47,5.46,1
2014-11,Kentucky,Office Supplies,25-34,Medium (50-500),1,193.95,9.7,193.95,1
2014-11,Kentucky,Office Supplies,45-59,Low (<50),1,5.64,1.64,5.64,1
2014-11,Kentucky,Office Supplies,45-59,Medium (50-500),1,69.52,19.47,69.52,1
2014-11,Kentucky,Technology,25-34,Low (<50),1,36.99,9.99,36.99,1
2014-11,Louisiana,Technology,45-59,High (500-1500),1,503.96,131.03,503.96,1
2014-11,Louisiana,Technology,45-59,Low (<50),1,29.0,7.25,29.0,1
2014-11,Louisiana,Technology,45-59,Medium (50-500),1,149.95,41.99,149.95,1
2014-11,Michigan,Furniture,35-44,High (500-1500),1,563.94,112.79,563.94,1
2014-11,Michigan,Office Supplies,25-34,Low (<50),1,15.96,7.98,15.96,1
2014-11,Michigan,Office Supplies,25-34,Medium (50-500),3,492.66,211.1,164.22,1
2014-11,Michigan,Office Supplies,35-44,High (500-1500),1,535.41,160.62,535.41,1
2014-11,Michigan,Office Supplies,35-44,Low (<50),3,32.58,14.43,10.86,1
2014-11,Michigan,Office Supplies,35-44,Medium (50-500),1,62.94,11.96,62.94,1
2014-11,Michigan,Office Supplies,45-59,Low (<50),3,38.91,18.75,12.97,2
2014-11,Minnesota,Furniture,45-59,Medium (50-500),1,479.9,81.58,479.9,1
2014-11,Minnesota,Office Supplies,45-59,Medium (50-500),2,288.31,74.29,144.16,2
2014-11,Minnesota,Technology,45-59,Medium (50-500),1,281.97,78.95,281.97,1
2014-11,Missouri,Technology,18-24,Medium (50-500),1,111.79,43.6,111.79,1
2014-11,Nebraska,Technology,45-59,Medium (50-500),1,89.97,18.89,89.97,1
2014-11,New Jersey,Office Supplies,25-34,Low (<50),1,5.76,2.82,5.76,1
2014-11,New Jersey,Office Supplies,25-34,Medium (50-500),1,76.12,22.07,76.12,1
2014-11,New York,Furniture,18-24,Medium (50-500),1,89.34,24.12,89.34,1
2014-11,New York,Furniture,25-34,Low (<50),1,31.68,9.82,31.68,1
2014-11,New York,Furniture,25-34,Medium (50-500),1,135.88,24.16,135.88,1
2014-11,New York,Furniture,35-44,Very High (1500+),1,4007.84,-50.1,4007.84,1
2014-11,New York,Furniture,45-59,Medium (50-500),3,325.68,76.08,108.56,3
2014-11,New York,Furniture,60+,Medium (50-500),1,275.95,-37.94,275.95,1
2014-11,New York,Office Supplies,18-24,Low (<50),3,91.61,37.22,30.54,2
2014-11,New York,Office Supplies,25-34,High (500-1500),1,533.94,154.84,533.94,1
2014-11,New York,Office Supplies,25-34,Low (<50),4,85.09,29.16,21.27,2
2014-11,New York,Office Supplies,25-34,Medium (50-500),2,261.09,127.0,130.55,2
2014-11,New York,Office Supplies,35-44,Low (<50),6,131.03,59.64,21.84,3
2014-11,New York,Office Supplies,35-44,Medium (50-500),1,223.92,109.72,223.92,1
2014-11,New York,Office Supplies,35-44,Very High (1500+),1,2152.78,726.56,2152.78,1
2014-11,New York,Office Supplies,45-59,Low (<50),4,81.9,39.17,20.48,3
2014-11,New York,Office Supplies,45-59,Medium (50-500),2,114.34,48.14,57.17,2
2014-11,New York,Office Supplies,60+,High (500-1500),1,1117.92,55.9,1117.92,1
2014-11,New York,Office Supplies,60+,Low (<50),2,42.31,17.82,21.15,2
2014-11,New York,Technology,18-24,High (500-1500),1,783.96,219.51,783.96,1
2014-11,New York,Technology,18-24,Very High (1500+),1,4548.81,1228.18,4548.81,1
2014-11,New York,Technology,25-34,Medium (50-500),3,915.9,288.01,305.3,2
2014-11,New York,Technology,25-34,Very High (1500+),1,3991.98,1995.99,3991.98,1
2014-11,New York,Technology,35-44,High (500-1500),1,833.94,216.82,833.94,1
2014-11,North Carolina,Furniture,25-34,High (500-1500),1,945.04,-299.26,945.04,1
2014-11,North Carolina,Furniture,25-34,Medium (50-500),1,410.35,-51.29,410.35,1
2014-11,North Carolina,Office Supplies,18-24,Low (<50),3,65.6,17.85,21.87,1
2014-11,North Carolina,Office Supplies,25-34,Low (<50),3,48.16,-11.23,16.05,2
2014-11,North Carolina,Office Supplies,45-59,Low (<50),1,8.38,2.72,8.38,1
2014-11,North Carolina,Office Supplies,45-59,Medium (50-500),1,58.24,5.1,58.24,1
2014-11,North Carolina,Technology,18-24,High (500-1500),1,978.84,110.12,978.84,1
2014-11,Ohio,Furniture,18-24,Low (<50),1,35.17,9.67,35.17,1
2014-11,Ohio,Furniture,35-44,High (500-1500),1,611.06,-34.92,611.06,1
2014-11,Ohio,Furniture,60+,Medium (50-500),1,68.7,16.32,68.7,1
2014-11,Ohio,Office Supplies,18-24,Low (<50),1,19.24,-13.47,19.24,1
2014-11,Ohio,Office Supplies,35-44,Low (<50),1,5.74,-4.59,5.74,1
2014-11,Ohio,Office Supplies,45-59,Low (<50),1,2.62,0.43,2.62,1
2014-11,Ohio,Office Supplies,60+,Low (<50),3,37.37,-29.21,12.46,2
2014-11,Ohio,Technology,18-24,High (500-1500),1,539.96,-107.99,539.96,1
2014-11,Ohio,Technology,18-24,Medium (50-500),1,50.23,-10.05,50.23,1
2014-11,Ohio,Technology,18-24,Very High (1500+),1,1502.38,-250.4,1502.38,1
2014-11,Ohio,Technology,35-44,High (500-1500),1,1049.97,-209.99,1049.97,1
2014-11,Ohio,Technology,60+,Low (<50),1,9.59,-2.08,9.59,1
2014-11,Oregon,Office Supplies,18-24,Medium (50-500),1,443.92,-94.33,443.92,1
2014-11,Oregon,Office Supplies,25-34,Medium (50-500),1,51.02,8.29,51.02,1
2014-11,Oregon,Office Supplies,35-44,High (500-1500),1,669.08,-167.27,669.08,1
2014-11,Oregon,Office Supplies,35-44,Low (<50),2,41.47,14.52,20.74,2
2014-11,Oregon,Office Supplies,35-44,Medium (50-500),1,120.77,9.06,120.77,1
2014-11,Oregon,Technology,18-24,Medium (50-500),1,155.98,54.59,155.98,1
2014-11,Oregon,Technology,35-44,Medium (50-500),1,438.34,-87.67,438.34,1
2014-11,Pennsylvania,Furniture,18-24,Medium (50-500),1,60.31,5.28,60.31,1
2014-11,Pennsylvania,Furniture,25-34,High (500-1500),1,657.93,-93.99,657.93,1
2014-11,Pennsylvania,Furniture,60+,High (500-1500),1,521.96,-250.54,521.96,1
2014-11,Pennsylvania,Furniture,60+,Low (<50),1,23.97,7.79,23.97,1
2014-11,Pennsylvania,Furniture,60+,Medium (50-500),1,273.57,-34.2,273.57,1
2014-11,Pennsylvania,Office Supplies,18-24,Low (<50),1,1.94,-1.43,1.94,1
2014-11,Pennsylvania,Office Supplies,18-24,Medium (50-500),2,127.79,-57.12,63.89,1
2014-11,Pennsylvania,Office Supplies,25-34,Low (<50),1,12.45,3.89,12.45,1
2014-11,Pennsylvania,Office Supplies,35-44,Medium (50-500),1,286.34,-64.43,286.34,1
2014-11,Pennsylvania,Office Supplies,45-59,Low (<50),1,5.88,1.98,5.88,1
2014-11,Pennsylvania,Office Supplies,60+,High (500-1500),1,1080.1,-94.51,1080.1,1
2014-11,Pennsylvania,Office Supplies,60+,Low (<50),2,18.23,-7.03,9.12,2
2014-11,Pennsylvania,Office Supplies,60+,Medium (50-500),1,62.81,21.2,62.81,1
2014-11,Pennsylvania,Technology,18-24,High (500-1500),1,539.96,-107.99,539.96,1
2014-11,Pennsylvania,Technology,45-59,Low (<50),1,47.5,-1.19,47.5,1
2014-11,Pennsylvania,Technology,60+,Medium (50-500),2,109.98,10.35,54.99,1
2014-11,Rhode Island,Furniture,60+,Medium (50-500),1,52.96,20.12,52.96,1
2014-11,South Carolina,Furniture,45-59,Medium (50-500),1,397.6,43.74,397.6,1
2014-11,South Carolina,Office Supplies,45-59,Low (<50),2,58.78,26.7,29.39,1
2014-11,South Carolina,Office Supplies,45-59,Medium (50-500),1,85.96,40.4,85.96,1
2014-11,Tennessee,Office Supplies,35-44,Low (<50),2,29.12,8.26,14.56,1
2014-11,Tennessee,Office Supplies,35-44,Medium (50-500),1,333.06,29.14,333.06,1
2014-11,Tennessee,Office Supplies,45-59,Low (<50),1,3.49,1.18,3.49,1
2014-11,Tennessee,Office Supplies,45-59,Medium (50-500),1,143.86,48.55,143.86,1
2014-11,Texas,Furniture,18-24,High (500-1500),1,683.14,0.0,683.14,1
2014-11,Texas,Furniture,25-34,Medium (50-500),1,155.37,-35.51,155.37,1
2014-11,Texas,Furniture,35-44,High (500-1500),1,1218.73,-121.87,1218.73,1
2014-11,Texas,Furniture,35-44,Low (<50),2,31.22,-10.87,15.61,2
2014-11,Texas,Furniture,35-44,Medium (50-500),1,67.99,-13.0,67.99,1
2014-11,Texas,Furniture,45-59,Low (<50),1,6.37,-2.55,6.37,1
2014-11,Texas,Furniture,60+,Low (<50),1,19.3,-14.48,19.3,1
2014-11,Texas,Office Supplies,18-24,Low (<50),2,42.19,1.35,21.09,1
2014-11,Texas,Office Supplies,25-34,Low (<50),1,49.63,4.96,49.63,1
2014-11,Texas,Office Supplies,35-44,High (500-1500),1,604.66,204.07,604.66,1
2014-11,Texas,Office Supplies,35-44,Low (<50),7,105.78,-26.39,15.11,3
2014-11,Texas,Office Supplies,35-44,Medium (50-500),1,74.35,26.95,74.35,1
2014-11,Texas,Office Supplies,45-59,High (500-1500),1,896.99,-1480.03,896.99,1
2014-11,Texas,Office Supplies,45-59,Low (<50),7,115.55,-73.72,16.51,6
2014-11,Texas,Office Supplies,45-59,Medium (50-500),2,329.9,101.85,164.95,1
2014-11,Texas,Office Supplies,60+,Low (<50),1,1.63,0.55,1.63,1
2014-11,Texas,Technology,35-44,Low (<50),1,24.67,0.0,24.67,1
2014-11,Texas,Technology,35-44,Medium (50-500),2,207.5,46.47,103.75,2
2014-11,Texas,Technology,45-59,Low (<50),1,5.54,1.66,5.54,1
2014-11,Texas,Technology,45-59,Medium (50-500),2,389.66,31.78,194.83,1
2014-11,Texas,Technology,60+,High (500-1500),1,998.85,-199.77,998.85,1
2014-11,Texas,Technology,60+,Medium (50-500),2,356.74,24.52,178.37,2
2014-11,Utah,Office Supplies,18-24,Low (<50),1,21.98,9.89,21.98,1
2014-11,Utah,Office Supplies,35-44,Medium (50-500),1,166.44,79.89,166.44,1
2014-11,Virginia,Furniture,45-59,Medium (50-500),2,261.05,89.38,130.52,2
2014-11,Virginia,Office Supplies,60+,Low (<50),1,32.4,15.55,32.4,1
2014-11,Virginia,Technology,35-44,Low (<50),1,47.79,16.25,47.79,1
2014-11,Washington,Furniture,45-59,High (500-1500),1,730.2,94.93,730.2,1
2014-11,Washington,Furniture,45-59,Medium (50-500),1,137.54,55.02,137.54,1
2014-11,Washington,Office Supplies,25-34,Low (<50),2,38.02,16.68,19.01,1
2014-11,Washington,Office Supplies,25-34,Medium (50-500),2,683.46,63.06,341.73,1
2014-11,Washington,Office Supplies,60+,Low (<50),1,22.98,6.89,22.98,1
2014-11,Washington,Office Supplies,60+,Very High (1500+),1,2033.58,762.59,2033.58,1
2014-11,Washington,Technology,25-34,Low (<50),1,41.94,15.1,41.94,1
2014-11,Washington,Technology,25-34,Medium (50-500),1,52.79,4.62,52.79,1
2014-11,Washington,Technology,60+,Medium (50-500),1,102.13,15.32,102.13,1
2014-11,Wisconsin,Furniture,25-34,Medium (50-500),1,392.94,43.22,392.94,1
2014-11,Wisconsin,Office Supplies,18-24,Low (<50),3,71.6,21.58,23.87,1
2014-11,Wisconsin,Office Supplies,18-24,Medium (50-500),1,245.88,68.85,245.88,1
2014-11,Wisconsin,Office Supplies,35-44,High (500-1500),1,665.88,13.32,665.88,1
2014-12,Alabama,Furniture,45-59,Very High (1500+),1,1819.86,163.79,1819.86,1
2014-12,Alabama,Office Supplies,35-44,Low (<50),1,23.92,11.72,23.92,1
2014-12,Alabama,Office Supplies,45-59,Low (<50),1,7.27,1.96,7.27,1
2014-12,Alabama,Office Supplies,45-59,Medium (50-500),1,152.76,74.85,152.76,1
2014-12,Alabama,Technology,35-44,Medium (50-500),1,498.0,184.26,498.0,1
2014-12,Arizona,Furniture,45-59,Medium (50-500),3,382.28,-24.32,127.43,2
2014-12,Arizona,Office Supplies,18-24,High (500-1500),1,946.76,-694.29,946.76,1
2014-12,Arizona,Office Supplies,25-34,High (500-1500),1,1113.02,111.3,1113.02,1
2014-12,Arizona,Office Supplies,35-44,Medium (50-500),1,100.7,-1.26,100.7,1
2014-12,Arizona,Office Supplies,45-59,Low (<50),2,13.66,-1.53,6.83,2
2014-12,Arizona,Office Supplies,45-59,Medium (50-500),1,221.92,77.67,221.92,1
2014-12,Arizona,Office Supplies,60+,High (500-1500),1,551.98,-459.99,551.98,1
2014-12,Arizona,Technology,25-34,Medium (50-500),1,167.97,62.99,167.97,1
2014-12,Arizona,Technology,45-59,Medium (50-500),1,71.98,21.59,71.98,1
2014-12,California,Furniture,18-24,High (500-1500),2,1897.92,184.91,948.96,1
2014-12,California,Furniture,18-24,Low (<50),3,54.1,17.76,18.03,3
2014-12,California,Furniture,18-24,Medium (50-500),1,241.57,18.12,241.57,1
2014-12,California,Furniture,25-34,High (500-1500),2,2168.61,165.78,1084.3,2
2014-12,California,Furniture,25-34,Medium (50-500),2,313.17,40.52,156.59,2
2014-12,California,Furniture,25-34,Very High (1500+),1,3610.85,135.41,3610.85,1
2014-12,California,Furniture,35-44,Low (<50),2,68.21,12.55,34.11,2
2014-12,California,Furniture,35-44,Medium (50-500),2,300.84,47.02,150.42,2
2014-12,California,Furniture,45-59,Low (<50),4,85.65,25.63,21.41,3
2014-12,California,Furniture,45-59,Medium (50-500),2,371.71,46.87,185.86,2
2014-12,California,Office Supplies,18-24,Low (<50),1,11.91,0.12,11.91,1
2014-12,California,Office Supplies,18-24,Medium (50-500),1,90.24,41.51,90.24,1
2014-12,California,Office Supplies,25-34,Low (<50),4,69.87,24.11,17.47,2
2014-12,California,Office Supplies,25-34,Medium (50-500),3,305.13,139.08,101.71,3
2014-12,California,Office Supplies,35-44,Low (<50),5,68.51,27.8,13.7,4
2014-12,California,Office Supplies,35-44,Medium (50-500),1,274.77,126.39,274.77,1
2014-12,California,Office Supplies,45-59,Low (<50),6,112.89,36.66,18.82,5
2014-12,California,Office Supplies,45-59,Medium (50-500),2,504.82,142.78,252.41,2
2014-12,California,Office Supplies,60+,High (500-1500),2,2260.15,357.91,1130.08,2
2014-12,California,Office Supplies,60+,Low (<50),5,142.01,55.65,28.4,2
2014-12,California,Office Supplies,60+,Medium (50-500),4,944.51,288.78,236.13,3
2014-12,California,Technology,18-24,High (500-1500),1,627.17,70.56,627.17,1
2014-12,California,Technology,18-24,Medium (50-500),1,395.0,39.5,395.0,1
2014-12,California,Technology,25-34,Medium (50-500),1,319.97,36.0,319.97,1
2014-12,California,Technology,35-44,High (500-1500),1,767.95,287.98,767.95,1
2014-12,California,Technology,35-44,Medium (50-500),1,191.98,19.2,191.98,1
2014-12,California,Technology,45-59,High (500-1500),2,1402.18,124.12,701.09,2
2014-12,California,Technology,45-59,Medium (50-500),3,447.67,46.4,149.22,2
2014-12,Colorado,Furniture,18-24,Medium (50-500),3,749.12,74.45,249.71,1
2014-12,Colorado,Office Supplies,18-24,Low (<50),1,27.55,9.3,27.55,1
2014-12,Colorado,Office Supplies,18-24,Medium (50-500),1,78.6,-62.88,78.6,1
2014-12,Colorado,Technology,60+,Medium (50-500),1,447.94,89.59,447.94,1
2014-12,Delaware,Office Supplies,25-34,Low (<50),1,17.28,7.95,17.28,1
2014-12,Florida,Furniture,45-59,High (500-1500),1,1013.83,101.38,1013.83,1
2014-12,Florida,Furniture,60+,Medium (50-500),2,251.09,20.45,125.54,2
2014-12,Florida,Office Supplies,25-34,Low (<50),1,1.17,-0.86,1.17,1
2014-12,Florida,Office Supplies,35-44,Low (<50),1,4.81,-3.69,4.81,1
2014-12,Florida,Office Supplies,45-59,Low (<50),2,11.55,4.14,5.78,2
2014-12,Florida,Office Supplies,60+,Low (<50),3,70.34,24.07,23.45,2
2014-12,Florida,Office Supplies,60+,Medium (50-500),2,508.19,-11.66,254.1,1
2014-12,Florida,Technology,35-44,Medium (50-500),1,247.8,-18.58,247.8,1
2014-12,Georgia,Office Supplies,25-34,Low (<50),1,40.05,11.21,40.05,1
2014-12,Georgia,Office Supplies,35-44,Low (<50),1,15.24,7.16,15.24,1
2014-12,Georgia,Technology,35-44,Low (<50),1,5.95,0.83,5.95,1
2014-12,Idaho,Furniture,60+,Medium (50-500),1,338.35,4.23,338.35,1
2014-12,Idaho,Office Supplies,60+,Low (<50),1,25.92,12.44,25.92,1
2014-12,Idaho,Office Supplies,60+,Medium (50-500),1,91.36,42.03,91.36,1
2014-12,Illinois,Furniture,25-34,Low (<50),1,8.74,-4.8,8.74,1
2014-12,Illinois,Furniture,25-34,Medium (50-500),1,94.43,-42.49,94.43,1
2014-12,Illinois,Furniture,45-59,Low (<50),1,8.54,-7.48,8.54,1
2014-12,Illinois,Furniture,60+,Low (<50),3,82.7,-75.29,27.57,3
2014-12,Illinois,Furniture,60+,Medium (50-500),1,214.95,-120.37,214.95,1
2014-12,Illinois,Office Supplies,18-24,Low (<50),2,48.14,-2.3,24.07,1
2014-12,Illinois,Office Supplies,25-34,Low (<50),2,27.17,-45.23,13.58,2
2014-12,Illinois,Office Supplies,25-34,Medium (50-500),2,256.19,54.87,128.1,1
2014-12,Illinois,Office Supplies,35-44,Low (<50),3,53.65,-48.19,17.88,2
2014-12,Illinois,Office Supplies,60+,Low (<50),8,102.88,-74.26,12.86,5
2014-12,Illinois,Technology,18-24,Medium (50-500),1,323.98,36.45,323.98,1
2014-12,Illinois,Technology,35-44,Medium (50-500),1,408.74,76.64,408.74,1
2014-12,Illinois,Technology,60+,Low (<50),2,70.06,-9.2,35.03,2
2014-12,Indiana,Office Supplies,18-24,Medium (50-500),1,207.24,58.03,207.24,1
2014-12,Indiana,Office Supplies,60+,High (500-1500),1,1103.97,496.79,1103.97,1
2014-12,Indiana,Office Supplies,60+,Low (<50),1,3.69,1.73,3.69,1
2014-12,Kentucky,Office Supplies,18-24,Low (<50),1,12.39,5.82,12.39,1
2014-12,Maryland,Furniture,45-59,Medium (50-500),2,300.56,88.44,150.28,1
2014-12,Maryland,Office Supplies,45-59,Low (<50),1,15.66,7.2,15.66,1
2014-12,Maryland,Office Supplies,45-59,Medium (50-500),1,146.82,73.41,146.82,1
2014-12,Massachusetts,Furniture,45-59,Low (<50),2,55.66,18.83,27.83,1
2014-12,Massachusetts,Furniture,45-59,Medium (50-500),1,63.2,23.38,63.2,1
2014-12,Massachusetts,Office Supplies,60+,High (500-1500),1,704.25,84.51,704.25,1
2014-12,Massachusetts,Office Supplies,60+,Medium (50-500),1,141.76,66.63,141.76,1
2014-12,Massachusetts,Office Supplies,60+,Very High (1500+),1,1737.18,503.78,1737.18,1
2014-12,Massachusetts,Technology,45-59,Medium (50-500),2,385.87,106.2,192.94,2
2014-12,Michigan,Office Supplies,25-34,Medium (50-500),1,114.2,52.53,114.2,1
2014-12,Michigan,Office Supplies,60+,Low (<50),1,9.84,2.85,9.84,1
2014-12,Minnesota,Office Supplies,60+,Low (<50),1,24.56,6.88,24.56,1
2014-12,Minnesota,Technology,60+,Medium (50-500),1,119.8,47.92,119.8,1
2014-12,Missouri,Office Supplies,25-34,Low (<50),1,29.68,11.58,29.68,1
2014-12,Missouri,Office Supplies,60+,Low (<50),1,25.92,12.44,25.92,1
2014-12,Missouri,Technology,25-34,Low (<50),1,47.53,16.16,47.53,1
2014-12,Nevada,Technology,35-44,Medium (50-500),1,475.94,59.49,475.94,1
2014-12,New Mexico,Office Supplies,45-59,Low (<50),1,33.29,7.99,33.29,1
2014-12,New Mexico,Technology,45-59,Low (<50),1,23.98,-5.69,23.98,1
2014-12,New York,Furniture,18-24,High (500-1500),1,767.21,161.97,767.21,1
2014-12,New York,Furniture,25-34,High (500-1500),1,883.92,-110.49,883.92,1
2014-12,New York,Furniture,35-44,Medium (50-500),1,192.19,36.3,192.19,1
2014-12,New York,Furniture,45-59,Medium (50-500),1,53.32,-19.55,53.32,1
2014-12,New York,Furniture,45-59,Very High (1500+),1,1573.49,196.69,1573.49,1
2014-12,New York,Office Supplies,18-24,Medium (50-500),1,216.4,56.26,216.4,1
2014-12,New York,Office Supplies,25-34,Low (<50),1,46.72,15.77,46.72,1
2014-12,New York,Office Supplies,35-44,Low (<50),2,54.35,21.54,27.17,2
2014-12,New York,Office Supplies,35-44,Medium (50-500),1,122.94,30.74,122.94,1
2014-12,New York,Office Supplies,45-59,Medium (50-500),2,248.4,35.01,124.2,2
2014-12,New York,Office Supplies,60+,Low (<50),1,11.36,5.23,11.36,1
2014-12,New York,Office Supplies,60+,Medium (50-500),2,403.06,137.36,201.53,2
2014-12,New York,Technology,25-34,Medium (50-500),1,119.96,52.78,119.96,1
2014-12,New York,Technology,35-44,Low (<50),1,34.77,11.47,34.77,1
2014-12,New York,Technology,45-59,Medium (50-500),1,129.98,62.39,129.98,1
2014-12,New York,Technology,45-59,Very High (1500+),1,6999.96,2239.99,6999.96,1
2014-12,North Carolina,Technology,25-34,Medium (50-500),1,95.97,9.6,95.97,1
2014-12,Ohio,Furniture,18-24,Low (<50),1,30.36,8.73,30.36,1
2014-12,Ohio,Furniture,35-44,High (500-1500),1,909.72,-51.98,909.72,1
2014-12,Ohio,Furniture,35-44,Low (<50),1,8.13,1.42,8.13,1
2014-12,Ohio,Furniture,35-44,Medium (50-500),1,136.53,-52.34,136.53,1
2014-12,Ohio,Furniture,60+,Medium (50-500),2,373.2,-39.71,186.6,2
2014-12,Ohio,Office Supplies,35-44,Low (<50),3,44.4,8.97,14.8,3
2014-12,Ohio,Office Supplies,45-59,Low (<50),1,48.36,6.04,48.36,1
2014-12,Ohio,Office Supplies,60+,Low (<50),2,47.41,-18.27,23.71,1
2014-12,Ohio,Office Supplies,60+,Medium (50-500),2,216.54,10.55,108.27,2
2014-12,Ohio,Technology,35-44,High (500-1500),1,659.99,110.0,659.99,1
2014-12,Ohio,Technology,35-44,Medium (50-500),2,383.76,72.84,191.88,2
2014-12,Ohio,Technology,60+,Low (<50),1,36.74,-9.18,36.74,1
2014-12,Ohio,Technology,60+,Medium (50-500),1,179.94,-44.98,179.94,1
2014-12,Oklahoma,Technology,45-59,Medium (50-500),1,479.96,134.39,479.96,1
2014-12,Oregon,Furniture,45-59,Medium (50-500),1,275.49,-170.8,275.49,1
2014-12,Oregon,Office Supplies,45-59,Medium (50-500),1,53.42,4.67,53.42,1
2014-12,Oregon,Office Supplies,60+,Low (<50),6,109.18,12.25,18.2,1
2014-12,Oregon,Technology,60+,Medium (50-500),2,156.6,1.57,78.3,1
2014-12,Pennsylvania,Furniture,60+,High (500-1500),1,523.76,-192.05,523.76,1
2014-12,Pennsylvania,Furniture,60+,Medium (50-500),1,445.8,-108.27,445.8,1
2014-12,Pennsylvania,Office Supplies,35-44,Low (<50),1,30.67,9.59,30.67,1
2014-12,Pennsylvania,Office Supplies,35-44,Medium (50-500),2,521.22,87.39,260.61,1
2014-12,Pennsylvania,Office Supplies,45-59,Medium (50-500),1,99.14,8.67,99.14,1
2014-12,Pennsylvania,Office Supplies,60+,Low (<50),3,60.94,12.9,20.31,2
2014-12,Pennsylvania,Office Supplies,60+,Medium (50-500),2,308.69,-34.43,154.34,1
2014-12,Pennsylvania,Technology,35-44,High (500-1500),1,1079.98,126.0,1079.98,1
2014-12,Pennsylvania,Technology,45-59,Low (<50),1,27.97,6.99,27.97,1
2014-12,Pennsylvania,Technology,60+,Medium (50-500),1,251.96,-50.39,251.96,1
2014-12,Rhode Island,Furniture,60+,High (500-1500),1,605.88,151.47,605.88,1
2014-12,Rhode Island,Furniture,60+,Medium (50-500),1,341.96,78.65,341.96,1
2014-12,Rhode Island,Office Supplies,60+,Low (<50),1,14.94,7.02,14.94,1
2014-12,Rhode Island,Office Supplies,60+,Medium (50-500),1,195.64,91.95,195.64,1
2014-12,Rhode Island,Technology,60+,Very High (1500+),1,1687.8,742.63,1687.8,1
2014-12,Tennessee,Furniture,45-59,High (500-1500),1,662.88,74.57,662.88,1
2014-12,Tennessee,Office Supplies,45-59,Low (<50),4,150.77,17.79,37.69,3
2014-12,Tennessee,Office Supplies,60+,Low (<50),1,18.24,-14.59,18.24,1
2014-12,Texas,Furniture,18-24,High (500-1500),1,674.06,-19.26,674.06,1
2014-12,Texas,Furniture,25-34,Low (<50),1,8.62,-2.59,8.62,1
2014-12,Texas,Furniture,35-44,Medium (50-500),1,56.57,-74.95,56.57,1
2014-12,Texas,Furniture,45-59,High (500-1500),2,1363.84,-30.39,681.92,2
2014-12,Texas,Furniture,45-59,Low (<50),2,63.94,-38.36,31.97,2
2014-12,Texas,Furniture,45-59,Medium (50-500),1,58.36,-24.8,58.36,1
2014-12,Texas,Office Supplies,35-44,Low (<50),2,55.72,-36.85,27.86,2
2014-12,Texas,Office Supplies,45-59,Low (<50),2,66.03,19.41,33.02,2
2014-12,Texas,Office Supplies,60+,Low (<50),6,39.05,-1.5,6.51,5
2014-12,Texas,Office Supplies,60+,Medium (50-500),3,507.9,-309.84,169.3,3
2014-12,Texas,Technology,25-34,Medium (50-500),1,319.97,95.99,319.97,1
2014-12,Texas,Technology,35-44,Medium (50-500),1,65.44,-8.18,65.44,1
2014-12,Texas,Technology,45-59,Low (<50),1,40.68,-9.15,40.68,1
2014-12,Texas,Technology,60+,Low (<50),1,47.98,14.4,47.98,1
2014-12,Texas,Technology,60+,Medium (50-500),2,546.36,47.81,273.18,1
2014-12,Virginia,Furniture,18-24,Low (<50),1,29.46,9.72,29.46,1
2014-12,Virginia,Furniture,60+,Medium (50-500),1,455.1,100.12,455.1,1
2014-12,Virginia,Furniture,60+,Very High (1500+),1,2244.48,493.79,2244.48,1
2014-12,Virginia,Office Supplies,60+,Low (<50),1,24.56,6.88,24.56,1
2014-12,Virginia,Office Supplies,60+,Medium (50-500),3,290.31,77.82,96.77,2
2014-12,Virginia,Technology,18-24,Medium (50-500),1,99.98,8.0,99.98,1
2014-12,Washington,Furniture,60+,High (500-1500),1,603.92,45.29,603.92,1
2014-12,Washington,Office Supplies,18-24,Medium (50-500),1,269.36,70.03,269.36,1
2014-12,Washington,Office Supplies,35-44,Low (<50),1,31.05,14.9,31.05,1
2014-12,Washington,Office Supplies,60+,Low (<50),1,45.68,21.01,45.68,1
2014-12,Wisconsin,Furniture,18-24,Very High (1500+),1,2807.84,673.88,2807.84,1
2014-12,Wisconsin,Office Supplies,18-24,Low (<50),1,46.64,12.59,46.64,1
2015-01,California,Furniture,25-34,Very High (1500+),1,2803.92,0.0,2803.92,1
2015-01,California,Furniture,60+,Medium (50-500),3,769.81,212.84,256.6,2
2015-01,California,Office Supplies,35-44,Medium (50-500),3,326.24,125.19,108.75,2
2015-01,California,Office Supplies,60+,Medium (50-500),1,70.01,24.5,70.01,1
2015-01,California,Technology,60+,Very High (1500+),1,1919.98,216.0,1919.98,1
2015-01,Colorado,Office Supplies,60+,Low (<50),2,31.54,7.89,15.77,1
2015-01,Delaware,Office Supplies,18-24,Low (<50),2,29.88,12.28,14.94,1
2015-01,Delaware,Office Supplies,18-24,Medium (50-500),1,85.52,22.24,85.52,1
2015-01,Delaware,Office Supplies,60+,Medium (50-500),1,465.18,120.95,465.18,1
2015-01,Florida,Office Supplies,25-34,Low (<50),1,13.12,2.13,13.12,1
2015-01,Georgia,Office Supplies,25-34,Low (<50),1,9.82,4.81,9.82,1
2015-01,Illinois,Furniture,60+,Medium (50-500),1,254.74,-312.06,254.74,1
2015-01,Kentucky,Office Supplies,60+,Low (<50),1,42.76,11.12,42.76,1
2015-01,Kentucky,Office Supplies,60+,Medium (50-500),3,321.31,119.96,107.1,1
2015-01,Massachusetts,Office Supplies,25-34,Low (<50),1,6.68,2.0,6.68,1
2015-01,Minnesota,Furniture,60+,Medium (50-500),1,53.34,16.54,53.34,1
2015-01,Minnesota,Office Supplies,45-59,Low (<50),2,72.24,35.47,36.12,1
2015-01,Minnesota,Office Supplies,60+,Low (<50),2,45.92,22.37,22.96,1
2015-01,Montana,Office Supplies,18-24,Low (<50),2,43.66,20.81,21.83,1
2015-01,New York,Furniture,45-59,High (500-1500),1,1018.1,-373.3,1018.1,1
2015-01,New York,Office Supplies,35-44,Low (<50),2,30.65,12.82,15.32,1
2015-01,New York,Office Supplies,35-44,Medium (50-500),1,59.52,15.48,59.52,1
2015-01,North Carolina,Furniture,45-59,Very High (1500+),1,4297.64,-1862.31,4297.64,1
2015-01,Ohio,Furniture,35-44,Medium (50-500),1,181.99,-54.6,181.99,1
2015-01,Ohio,Furniture,60+,Medium (50-500),1,452.45,-244.32,452.45,1
2015-01,Ohio,Office Supplies,25-34,Low (<50),1,10.37,1.56,10.37,1
2015-01,Ohio,Office Supplies,60+,Low (<50),1,23.68,8.88,23.68,1
2015-01,Ohio,Technology,25-34,Low (<50),2,36.76,4.84,18.38,1
2015-01,Ohio,Technology,25-34,Medium (50-500),2,342.31,-64.54,171.15,1
2015-01,Ohio,Technology,35-44,Medium (50-500),2,587.35,-137.05,293.67,1
2015-01,Ohio,Technology,60+,High (500-1500),1,1188.0,-950.4,1188.0,1
2015-01,Ohio,Technology,60+,Medium (50-500),2,152.57,-10.22,76.28,1
2015-01,Tennessee,Office Supplies,45-59,Medium (50-500),1,88.96,10.01,88.96,1
2015-01,Texas,Furniture,45-59,High (500-1500),1,1352.4,-437.54,1352.4,1
2015-01,Texas,Furniture,45-59,Medium (50-500),2,301.74,-21.71,150.87,1
2015-01,Texas,Office Supplies,35-44,Low (<50),1,14.3,5.01,14.3,1
2015-01,Texas,Office Supplies,45-59,Low (<50),2,17.42,4.42,8.71,2
2015-01,Texas,Technology,45-59,Medium (50-500),1,398.4,84.66,398.4,1
2015-01,Virginia,Furniture,35-44,Medium (50-500),1,192.22,69.2,192.22,1
2015-01,Washington,Furniture,35-44,Medium (50-500),1,61.58,-6.93,61.58,1
2015-02,Arkansas,Technology,60+,Low (<50),1,29.99,3.0,29.99,1
2015-02,California,Furniture,35-44,Low (<50),1,35.54,-0.89,35.54,1
2015-02,California,Furniture,60+,Medium (50-500),2,340.84,64.02,170.42,2
2015-02,California,Office Supplies,25-34,High (500-1500),1,541.44,157.02,541.44,1
2015-02,California,Office Supplies,25-34,Low (<50),4,86.04,32.96,21.51,1
2015-02,California,Office Supplies,35-44,Low (<50),1,36.84,17.31,36.84,1
2015-02,California,Office Supplies,35-44,Medium (50-500),2,148.77,69.31,74.38,2
2015-02,California,Office Supplies,60+,Low (<50),1,9.24,4.44,9.24,1
2015-02,Delaware,Furniture,60+,High (500-1500),1,1268.82,266.45,1268.82,1
2015-02,Delaware,Furniture,60+,Medium (50-500),1,283.92,82.34,283.92,1
2015-02,Delaware,Office Supplies,60+,Low (<50),1,5.68,1.76,5.68,1
2015-02,Georgia,Office Supplies,60+,Medium (50-500),1,74.52,35.02,74.52,1
2015-02,Illinois,Technology,35-44,Medium (50-500),1,479.95,89.99,479.95,1
2015-02,Kansas,Office Supplies,25-34,Low (<50),3,21.11,7.82,7.04,1
2015-02,Maryland,Office Supplies,35-44,Very High (1500+),1,2541.98,1270.99,2541.98,1
2015-02,Massachusetts,Office Supplies,35-44,Low (<50),2,25.87,11.74,12.93,1
2015-02,Michigan,Office Supplies,60+,Medium (50-500),1,79.36,20.63,79.36,1
2015-02,Nebraska,Furniture,18-24,Low (<50),1,28.4,11.08,28.4,1
2015-02,Nebraska,Technology,18-24,Medium (50-500),1,149.97,50.99,149.97,1
2015-02,New Hampshire,Office Supplies,45-59,Low (<50),1,35.88,16.15,35.88,1
2015-02,New Jersey,Office Supplies,60+,Medium (50-500),1,286.79,74.57,286.79,1
2015-02,New Mexico,Office Supplies,60+,Low (<50),1,49.12,23.09,49.12,1
2015-02,New York,Furniture,35-44,Medium (50-500),1,90.88,15.15,90.88,1
2015-02,New York,Office Supplies,45-59,Low (<50),3,64.2,20.11,21.4,2
2015-02,New York,Technology,45-59,High (500-1500),1,625.99,187.8,625.99,1
2015-02,Ohio,Office Supplies,60+,Low (<50),3,31.59,-12.74,10.53,1
2015-02,Ohio,Technology,35-44,Medium (50-500),1,107.98,-27.0,107.98,1
2015-02,Ohio,Technology,60+,Medium (50-500),2,395.96,-80.1,197.98,1
2015-02,Pennsylvania,Office Supplies,35-44,Medium (50-500),1,77.24,7.72,77.24,1
2015-02,Pennsylvania,Office Supplies,60+,Low (<50),2,20.45,-1.18,10.23,1
2015-02,Rhode Island,Furniture,60+,Medium (50-500),1,493.92,-28.22,493.92,1
2015-02,Rhode Island,Technology,60+,Medium (50-500),1,105.98,1.06,105.98,1
2015-02,Tennessee,Furniture,35-44,Medium (50-500),2,551.26,15.57,275.63,1
2015-02,Texas,Furniture,35-44,Low (<50),1,40.78,-30.59,40.78,1
2015-02,Texas,Office Supplies,35-44,High (500-1500),1,670.75,-125.77,670.75,1
2015-02,Texas,Office Supplies,35-44,Low (<50),2,43.03,8.54,21.51,2
2015-02,Texas,Technology,35-44,Low (<50),1,18.53,4.4,18.53,1
2015-02,Texas,Technology,60+,Low (<50),1,20.8,6.5,20.8,1
2015-02,Utah,Office Supplies,18-24,Low (<50),1,12.14,4.1,12.14,1
2015-02,Virginia,Office Supplies,25-34,Low (<50),1,12.96,6.35,12.96,1
2015-02,Virginia,Office Supplies,25-34,Medium (50-500),1,311.15,146.24,311.15,1
2015-02,Virginia,Office Supplies,60+,Low (<50),1,29.9,13.46,29.9,1
2015-02,Virginia,Office Supplies,60+,Medium (50-500),1,146.73,2.93,146.73,1
2015-02,Washington,Office Supplies,60+,Low (<50),1,5.28,1.53,5.28,1
2015-02,Washington,Technology,45-59,High (500-1500),1,538.92,80.84,538.92,1
2015-02,Wisconsin,Technology,45-59,High (500-1500),1,699.98,195.99,699.98,1
2015-02,Wisconsin,Technology,45-59,Medium (50-500),2,274.92,91.38,137.46,1
2015-03,Alabama,Office Supplies,18-24,Low (<50),1,7.38,3.39,7.38,1
2015-03,Alabama,Office Supplies,18-24,Medium (50-500),1,491.55,240.86,491.55,1
2015-03,Alabama,Office Supplies,35-44,Low (<50),1,19.56,5.48,19.56,1
2015-03,California,Furniture,18-24,Low (<50),1,19.92,9.56,19.92,1
2015-03,California,Furniture,25-34,Medium (50-500),1,184.75,-20.78,184.75,1
2015-03,California,Furniture,35-44,Medium (50-500),1,91.96,15.63,91.96,1
2015-03,California,Furniture,45-59,Medium (50-500),1,435.26,95.76,435.26,1
2015-03,California,Furniture,60+,High (500-1500),1,915.14,102.95,915.14,1
2015-03,California,Furniture,60+,Low (<50),1,43.13,18.11,43.13,1
2015-03,California,Furniture,60+,Medium (50-500),1,327.76,91.77,327.76,1
2015-03,California,Office Supplies,18-24,Low (<50),1,9.87,4.54,9.87,1
2015-03,California,Office Supplies,18-24,Medium (50-500),1,212.64,99.94,212.64,1
2015-03,California,Office Supplies,25-34,Low (<50),2,52.84,25.36,26.42,2
2015-03,California,Office Supplies,25-34,Medium (50-500),1,192.72,92.51,192.72,1
2015-03,California,Office Supplies,35-44,Low (<50),1,11.96,5.86,11.96,1
2015-03,California,Office Supplies,35-44,Medium (50-500),1,105.52,48.54,105.52,1
2015-03,California,Office Supplies,45-59,Low (<50),2,44.26,20.28,22.13,2
2015-03,California,Office Supplies,60+,Low (<50),4,105.69,41.58,26.42,1
2015-03,California,Technology,18-24,Medium (50-500),1,53.25,20.77,53.25,1
2015-03,California,Technology,25-34,Low (<50),1,15.98,1.2,15.98,1
2015-03,California,Technology,25-34,Medium (50-500),2,406.21,111.33,203.1,2
2015-03,California,Technology,35-44,High (500-1500),1,1487.98,186.0,1487.98,1
2015-03,California,Technology,45-59,High (500-1500),1,1119.98,377.99,1119.98,1
2015-03,California,Technology,45-59,Low (<50),1,15.98,1.2,15.98,1
2015-03,Colorado,Office Supplies,18-24,Low (<50),1,3.41,0.89,3.41,1
2015-03,Delaware,Office Supplies,60+,Low (<50),1,30.44,14.92,30.44,1
2015-03,Delaware,Office Supplies,60+,Medium (50-500),1,69.28,33.25,69.28,1
2015-03,Delaware,Technology,60+,High (500-1500),1,587.97,170.51,587.97,1
2015-03,Delaware,Technology,60+,Medium (50-500),1,119.85,52.73,119.85,1
2015-03,Florida,Furniture,35-44,High (500-1500),1,1166.92,131.28,1166.92,1
2015-03,Florida,Furniture,60+,Low (<50),2,37.29,5.3,18.64,1
2015-03,Florida,Office Supplies,18-24,Low (<50),1,6.99,0.52,6.99,1
2015-03,Florida,Office Supplies,45-59,Low (<50),1,14.5,4.89,14.5,1
2015-03,Florida,Office Supplies,60+,Low (<50),1,8.69,2.93,8.69,1
2015-03,Florida,Office Supplies,60+,Medium (50-500),2,224.76,-10.61,112.38,2
2015-03,Florida,Technology,25-34,Medium (50-500),1,79.96,27.99,79.96,1
2015-03,Florida,Technology,60+,Medium (50-500),1,447.94,89.59,447.94,1
2015-03,Georgia,Office Supplies,45-59,Medium (50-500),1,58.72,27.01,58.72,1
2015-03,Georgia,Office Supplies,60+,Low (<50),3,57.82,14.59,19.27,1
2015-03,Georgia,Office Supplies,60+,Very High (1500+),1,6354.95,3177.48,6354.95,1
2015-03,Illinois,Furniture,18-24,Low (<50),1,4.71,-1.88,4.71,1
2015-03,Illinois,Furniture,35-44,Medium (50-500),1,366.74,-110.02,366.74,1
2015-03,Illinois,Furniture,60+,Medium (50-500),1,359.06,-35.91,359.06,1
2015-03,Illinois,Office Supplies,18-24,Low (<50),2,34.73,-8.29,17.37,2
2015-03,Illinois,Office Supplies,18-24,Medium (50-500),2,241.4,-464.51,120.7,1
2015-03,Illinois,Office Supplies,45-59,Low (<50),1,7.1,2.49,7.1,1
2015-03,Illinois,Office Supplies,60+,Low (<50),1,8.57,-14.57,8.57,1
2015-03,Illinois,Technology,18-24,Medium (50-500),1,180.96,13.57,180.96,1
2015-03,Indiana,Office Supplies,18-24,Medium (50-500),1,60.69,16.39,60.69,1
2015-03,Indiana,Office Supplies,45-59,Low (<50),1,10.16,2.64,10.16,1
2015-03,Indiana,Office Supplies,45-59,Medium (50-500),1,101.88,50.94,101.88,1
2015-03,Indiana,Technology,18-24,Low (<50),1,23.92,6.7,23.92,1
2015-03,Maryland,Office Supplies,45-59,Medium (50-500),1,89.82,25.15,89.82,1
2015-03,New Hampshire,Office Supplies,18-24,High (500-1500),1,671.94,315.81,671.94,1
2015-03,New Hampshire,Office Supplies,18-24,Low (<50),1,16.52,7.6,16.52,1
2015-03,New York,Furniture,45-59,Medium (50-500),1,383.61,63.93,383.61,1
2015-03,New York,Office Supplies,25-34,High (500-1500),1,1087.94,353.58,1087.94,1
2015-03,New York,Office Supplies,25-34,Low (<50),4,125.3,46.06,31.32,3
2015-03,New York,Office Supplies,25-34,Medium (50-500),1,83.92,20.14,83.92,1
2015-03,New York,Office Supplies,35-44,High (500-1500),1,1085.42,282.21,1085.42,1
2015-03,New York,Office Supplies,35-44,Low (<50),2,36.03,14.64,18.02,2
2015-03,New York,Office Supplies,45-59,High (500-1500),1,563.4,67.61,563.4,1
2015-03,New York,Office Supplies,45-59,Low (<50),2,48.78,24.0,24.39,2
2015-03,New York,Office Supplies,60+,Low (<50),1,17.52,6.31,17.52,1
2015-03,New York,Technology,25-34,Low (<50),1,15.02,2.7,15.02,1
2015-03,New York,Technology,25-34,Medium (50-500),1,199.98,53.99,199.98,1
2015-03,New York,Technology,60+,Medium (50-500),1,85.9,2.58,85.9,1
2015-03,North Carolina,Office Supplies,35-44,Low (<50),2,9.65,3.43,4.82,2
2015-03,North Carolina,Office Supplies,60+,High (500-1500),1,962.08,156.34,962.08,1
2015-03,North Carolina,Office Supplies,60+,Low (<50),1,12.84,-9.85,12.84,1
2015-03,North Carolina,Office Supplies,60+,Medium (50-500),1,295.46,96.02,295.46,1
2015-03,Oregon,Office Supplies,60+,Low (<50),1,29.3,2.56,29.3,1
2015-03,Pennsylvania,Furniture,35-44,Low (<50),1,33.57,-5.45,33.57,1
2015-03,Pennsylvania,Furniture,35-44,Medium (50-500),1,99.37,-7.1,99.37,1
2015-03,Pennsylvania,Office Supplies,18-24,Low (<50),1,3.55,0.44,3.55,1
2015-03,Pennsylvania,Office Supplies,35-44,Low (<50),3,23.34,5.35,7.78,2
2015-03,Pennsylvania,Office Supplies,60+,Low (<50),1,40.03,12.51,40.03,1
2015-03,Pennsylvania,Technology,35-44,Low (<50),1,10.31,-1.29,10.31,1
2015-03,Pennsylvania,Technology,35-44,Medium (50-500),1,466.16,-93.23,466.16,1
2015-03,Pennsylvania,Technology,60+,Low (<50),1,16.78,5.03,16.78,1
2015-03,South Carolina,Office Supplies,60+,Low (<50),2,59.48,14.76,29.74,1
2015-03,Texas,Furniture,18-24,Medium (50-500),1,383.47,-67.67,383.47,1
2015-03,Texas,Furniture,25-34,Medium (50-500),1,107.77,-29.25,107.77,1
2015-03,Texas,Furniture,45-59,High (500-1500),1,1228.0,-36.12,1228.0,1
2015-03,Texas,Furniture,60+,Low (<50),1,22.38,-7.83,22.38,1
2015-03,Texas,Office Supplies,18-24,Medium (50-500),1,65.58,23.77,65.58,1
2015-03,Texas,Office Supplies,35-44,Low (<50),2,21.38,1.73,10.69,1
2015-03,Texas,Office Supplies,45-59,Medium (50-500),1,55.33,6.22,55.33,1
2015-03,Texas,Office Supplies,60+,Low (<50),2,15.22,-23.06,7.61,2
2015-03,Texas,Office Supplies,60+,Medium (50-500),2,227.94,9.75,113.97,2
2015-03,Texas,Technology,25-34,Low (<50),1,31.92,2.39,31.92,1
2015-03,Texas,Technology,25-34,Medium (50-500),1,95.84,34.74,95.84,1
2015-03,Texas,Technology,60+,Low (<50),1,18.39,5.29,18.39,1
2015-03,Texas,Technology,60+,Medium (50-500),2,473.4,52.29,236.7,1
2015-03,Utah,Technology,25-34,Low (<50),1,16.78,1.68,16.78,1
2015-03,Virginia,Office Supplies,18-24,Low (<50),1,5.56,1.45,5.56,1
2015-03,Washington,Furniture,18-24,Medium (50-500),1,141.96,39.75,141.96,1
2015-03,Washington,Furniture,25-34,Very High (1500+),1,3393.68,610.86,3393.68,1
2015-03,Washington,Furniture,35-44,Medium (50-500),1,171.96,44.71,171.96,1
2015-03,Washington,Furniture,45-59,Low (<50),1,46.9,13.13,46.9,1
2015-03,Washington,Furniture,60+,High (500-1500),1,787.53,165.38,787.53,1
2015-03,Washington,Office Supplies,25-34,Medium (50-500),2,156.98,24.6,78.49,2
2015-03,Washington,Office Supplies,35-44,High (500-1500),1,1247.64,349.34,1247.64,1
2015-03,Washington,Office Supplies,35-44,Medium (50-500),1,209.7,100.66,209.7,1
2015-03,Washington,Technology,35-44,Very High (1500+),1,3149.93,1480.47,3149.93,1
2015-03,Washington,Technology,45-59,Medium (50-500),1,453.58,39.69,453.58,1
2015-03,Wisconsin,Furniture,25-34,High (500-1500),2,1373.87,286.86,686.94,1
2015-03,Wisconsin,Furniture,25-34,Medium (50-500),1,373.08,82.08,373.08,1
2015-03,Wisconsin,Office Supplies,25-34,Low (<50),1,14.98,4.49,14.98,1
2015-03,Wisconsin,Office Supplies,45-59,Medium (50-500),1,51.84,24.88,51.84,1
2015-03,Wisconsin,Technology,25-34,High (500-1500),1,769.95,223.29,769.95,1
2015-04,Arizona,Office Supplies,18-24,Low (<50),1,10.74,0.81,10.74,1
2015-04,Arizona,Office Supplies,60+,Low (<50),1,31.1,10.89,31.1,1
2015-04,Arizona,Office Supplies,60+,Medium (50-500),1,54.82,17.82,54.82,1
2015-04,Arizona,Technology,45-59,Medium (50-500),1,87.8,32.92,87.8,1
2015-04,California,Furniture,45-59,Medium (50-500),2,433.85,-7.48,216.92,2
2015-04,California,Furniture,60+,High (500-1500),2,1603.06,-8.52,801.53,2
2015-04,California,Furniture,60+,Low (<50),1,37.68,15.83,37.68,1
2015-04,California,Furniture,60+,Medium (50-500),1,241.57,-15.1,241.57,1
2015-04,California,Office Supplies,18-24,High (500-1500),1,1447.65,419.82,1447.65,1
2015-04,California,Office Supplies,18-24,Low (<50),3,31.46,12.62,10.49,2
2015-04,California,Office Supplies,25-34,High (500-1500),1,947.17,9.47,947.17,1
2015-04,California,Office Supplies,25-34,Medium (50-500),1,61.96,27.88,61.96,1
2015-04,California,Office Supplies,35-44,Low (<50),1,12.83,4.33,12.83,1
2015-04,California,Office Supplies,45-59,Low (<50),2,55.99,19.52,27.99,2
2015-04,California,Office Supplies,45-59,Medium (50-500),2,109.87,33.1,54.94,1
2015-04,California,Office Supplies,60+,Medium (50-500),4,308.18,100.54,77.04,4
2015-04,California,Technology,18-24,High (500-1500),1,783.96,68.6,783.96,1
2015-04,California,Technology,18-24,Medium (50-500),1,323.37,129.35,323.37,1
2015-04,California,Technology,25-34,Medium (50-500),1,71.98,24.29,71.98,1
2015-04,California,Technology,45-59,Low (<50),1,19.8,1.73,19.8,1
2015-04,California,Technology,45-59,Medium (50-500),1,311.98,39.0,311.98,1
2015-04,California,Technology,60+,High (500-1500),1,639.97,215.99,639.97,1
2015-04,California,Technology,60+,Medium (50-500),4,1027.23,139.14,256.81,4
2015-04,Colorado,Office Supplies,25-34,Low (<50),2,49.4,4.0,24.7,1
2015-04,Connecticut,Office Supplies,60+,Medium (50-500),1,370.14,144.35,370.14,1
2015-04,District of Columbia,Furniture,35-44,High (500-1500),1,1267.53,316.88,1267.53,1
2015-04,District of Columbia,Office Supplies,35-44,Low (<50),1,22.74,8.87,22.74,1
2015-04,District of Columbia,Technology,35-44,High (500-1500),1,1379.92,648.56,1379.92,1
2015-04,Florida,Furniture,60+,Medium (50-500),3,313.4,-52.19,104.47,2
2015-04,Florida,Office Supplies,60+,Low (<50),1,2.62,0.43,2.62,1
2015-04,Georgia,Furniture,60+,High (500-1500),1,595.38,297.69,595.38,1
2015-04,Georgia,Office Supplies,60+,Low (<50),1,12.96,6.22,12.96,1
2015-04,Georgia,Technology,60+,Medium (50-500),1,287.97,77.75,287.97,1
2015-04,Illinois,Furniture,45-59,Medium (50-500),1,213.12,-15.22,213.12,1
2015-04,Illinois,Furniture,60+,Medium (50-500),1,128.06,-23.78,128.06,1
2015-04,Illinois,Office Supplies,60+,Medium (50-500),1,221.02,-55.26,221.02,1
2015-04,Illinois,Technology,18-24,High (500-1500),1,1439.97,485.99,1439.97,1
2015-04,Illinois,Technology,18-24,Low (<50),1,43.56,-4.9,43.56,1
2015-04,Indiana,Furniture,35-44,Low (<50),1,6.16,2.96,6.16,1
2015-04,Indiana,Furniture,35-44,Medium (50-500),1,89.99,17.1,89.99,1
2015-04,Indiana,Office Supplies,35-44,Low (<50),1,38.22,17.96,38.22,1
2015-04,Indiana,Office Supplies,35-44,Medium (50-500),1,75.18,35.33,75.18,1
2015-04,Kentucky,Furniture,35-44,Medium (50-500),2,401.84,87.51,200.92,1
2015-04,Kentucky,Office Supplies,35-44,Low (<50),1,21.3,9.8,21.3,1
2015-04,Kentucky,Technology,35-44,Medium (50-500),1,469.95,131.59,469.95,1
2015-04,Louisiana,Technology,60+,Medium (50-500),1,106.5,41.54,106.5,1
2015-04,Massachusetts,Furniture,35-44,Low (<50),3,65.18,27.43,21.73,1
2015-04,Massachusetts,Office Supplies,35-44,Low (<50),1,6.48,3.11,6.48,1
2015-04,Massachusetts,Technology,35-44,Medium (50-500),1,209.5,58.66,209.5,1
2015-04,Michigan,Office Supplies,25-34,High (500-1500),1,644.08,107.35,644.08,1
2015-04,Michigan,Office Supplies,25-34,Low (<50),2,18.6,8.5,9.3,1
2015-04,Michigan,Office Supplies,45-59,Medium (50-500),2,367.69,122.93,183.85,2
2015-04,Michigan,Office Supplies,45-59,Very High (1500+),1,3812.97,1906.48,3812.97,1
2015-04,Michigan,Technology,25-34,High (500-1500),1,599.98,209.99,599.98,1
2015-04,Michigan,Technology,25-34,Low (<50),1,10.95,0.44,10.95,1
2015-04,Nebraska,Office Supplies,60+,Low (<50),1,17.43,8.02,17.43,1
2015-04,New Mexico,Office Supplies,35-44,Low (<50),1,12.88,0.39,12.88,1
2015-04,New York,Furniture,25-34,Medium (50-500),1,127.76,2.84,127.76,1
2015-04,New York,Furniture,60+,Medium (50-500),1,108.4,22.76,108.4,1
2015-04,New York,Office Supplies,18-24,Low (<50),2,48.5,18.31,24.25,1
2015-04,New York,Office Supplies,25-34,Low (<50),2,47.92,17.84,23.96,2
2015-04,New York,Office Supplies,25-34,Medium (50-500),1,406.6,113.85,406.6,1
2015-04,New York,Office Supplies,35-44,Low (<50),1,10.71,2.78,10.71,1
2015-04,New York,Office Supplies,35-44,Medium (50-500),1,62.3,21.02,62.3,1
2015-04,New York,Office Supplies,45-59,Low (<50),1,17.94,3.05,17.94,1
2015-04,New York,Office Supplies,45-59,Medium (50-500),1,206.43,90.83,206.43,1
2015-04,New York,Office Supplies,60+,Low (<50),3,34.92,13.66,11.64,2
2015-04,New York,Office Supplies,60+,Medium (50-500),2,224.38,66.14,112.19,2
2015-04,New York,Technology,25-34,Low (<50),1,21.99,10.56,21.99,1
2015-04,New York,Technology,25-34,Medium (50-500),1,85.14,34.91,85.14,1
2015-04,New York,Technology,35-44,Medium (50-500),1,99.6,36.85,99.6,1
2015-04,North Carolina,Office Supplies,60+,Low (<50),1,47.95,16.18,47.95,1
2015-04,Ohio,Office Supplies,60+,Low (<50),4,64.95,3.82,16.24,1
2015-04,Ohio,Office Supplies,60+,Medium (50-500),1,55.47,-46.22,55.47,1
2015-04,Ohio,Technology,60+,High (500-1500),1,1022.97,-255.74,1022.97,1
2015-04,Ohio,Technology,60+,Medium (50-500),1,118.78,-27.72,118.78,1
2015-04,Oregon,Office Supplies,60+,Low (<50),1,35.21,2.64,35.21,1
2015-04,Pennsylvania,Furniture,25-34,High (500-1500),1,547.14,-68.39,547.14,1
2015-04,Pennsylvania,Furniture,25-34,Low (<50),1,7.58,2.37,7.58,1
2015-04,Pennsylvania,Furniture,25-34,Medium (50-500),1,352.45,-211.47,352.45,1
2015-04,Pennsylvania,Office Supplies,18-24,Low (<50),1,11.74,1.03,11.74,1
2015-04,Pennsylvania,Office Supplies,25-34,High (500-1500),1,563.81,21.14,563.81,1
2015-04,Pennsylvania,Office Supplies,25-34,Low (<50),1,10.43,-6.95,10.43,1
2015-04,Pennsylvania,Office Supplies,25-34,Medium (50-500),1,98.11,18.4,98.11,1
2015-04,Pennsylvania,Office Supplies,45-59,Low (<50),2,36.48,11.86,18.24,2
2015-04,Pennsylvania,Office Supplies,60+,Low (<50),1,7.97,2.89,7.97,1
2015-04,Pennsylvania,Technology,25-34,Low (<50),2,56.84,-13.01,28.42,1
2015-04,Tennessee,Furniture,60+,High (500-1500),1,831.94,-114.39,831.94,1
2015-04,Tennessee,Furniture,60+,Medium (50-500),1,97.04,1.21,97.04,1
2015-04,Tennessee,Office Supplies,18-24,Medium (50-500),1,157.79,-115.72,157.79,1
2015-04,Tennessee,Office Supplies,60+,Medium (50-500),1,72.78,-18.2,72.78,1
2015-04,Texas,Furniture,35-44,High (500-1500),1,609.98,-113.28,609.98,1
2015-04,Texas,Furniture,35-44,Medium (50-500),3,676.48,-71.37,225.49,3
2015-04,Texas,Office Supplies,25-34,Low (<50),2,41.35,-94.21,20.67,2
2015-04,Texas,Office Supplies,35-44,Low (<50),7,73.87,-39.38,10.55,2
2015-04,Texas,Office Supplies,35-44,Medium (50-500),2,191.81,50.55,95.9,2
2015-04,Texas,Office Supplies,45-59,Low (<50),1,19.57,-52.83,19.57,1
2015-04,Texas,Office Supplies,45-59,Medium (50-500),2,773.64,-1693.43,386.82,2
2015-04,Texas,Office Supplies,60+,Low (<50),4,66.56,-20.81,16.64,1
2015-04,Texas,Technology,25-34,Low (<50),1,47.98,1.8,47.98,1
2015-04,Texas,Technology,25-34,Medium (50-500),1,50.12,-0.63,50.12,1
2015-04,Texas,Technology,35-44,Low (<50),1,41.42,8.28,41.42,1
2015-04,Texas,Technology,35-44,Medium (50-500),3,582.71,48.6,194.24,2
2015-04,Texas,Technology,45-59,Medium (50-500),1,383.95,47.99,383.95,1
2015-04,Texas,Technology,60+,Low (<50),1,25.49,4.46,25.49,1
2015-04,Virginia,Furniture,60+,High (500-1500),2,1720.12,245.27,860.06,1
2015-04,Virginia,Office Supplies,60+,Low (<50),1,9.14,4.57,9.14,1
2015-04,Virginia,Technology,60+,High (500-1500),1,569.64,148.11,569.64,1
2015-04,Washington,Office Supplies,18-24,Low (<50),1,40.74,0.41,40.74,1
2015-04,Washington,Office Supplies,60+,Low (<50),1,23.84,6.44,23.84,1
2015-04,Washington,Technology,60+,Medium (50-500),1,239.94,26.39,239.94,1
2015-04,Wisconsin,Office Supplies,35-44,Medium (50-500),2,330.15,92.44,165.08,1
2015-05,Arizona,Furniture,45-59,Medium (50-500),1,191.97,16.8,191.97,1
2015-05,Arizona,Office Supplies,60+,Low (<50),1,19.19,-12.8,19.19,1
2015-05,Arizona,Office Supplies,60+,Medium (50-500),1,121.79,13.7,121.79,1
2015-05,California,Furniture,18-24,High (500-1500),2,1232.31,123.26,616.15,1
2015-05,California,Furniture,18-24,Medium (50-500),2,220.48,28.32,110.24,1
2015-05,California,Furniture,35-44,Low (<50),1,14.73,4.86,14.73,1
2015-05,California,Furniture,45-59,High (500-1500),1,665.88,106.54,665.88,1
2015-05,California,Office Supplies,18-24,Low (<50),1,8.26,3.8,8.26,1
2015-05,California,Office Supplies,18-24,Medium (50-500),1,104.79,29.34,104.79,1
2015-05,California,Office Supplies,35-44,Low (<50),2,38.52,17.33,19.26,1
2015-05,California,Office Supplies,45-59,Low (<50),2,58.39,19.91,29.19,1
2015-05,California,Office Supplies,45-59,Medium (50-500),4,307.28,117.71,76.82,2
2015-05,California,Office Supplies,60+,High (500-1500),1,1117.92,55.9,1117.92,1
2015-05,California,Office Supplies,60+,Low (<50),5,109.26,35.9,21.85,3
2015-05,California,Technology,18-24,High (500-1500),1,775.73,58.18,775.73,1
2015-05,California,Technology,18-24,Very High (1500+),1,2973.32,334.5,2973.32,1
2015-05,California,Technology,35-44,Medium (50-500),1,88.75,11.09,88.75,1
2015-05,California,Technology,45-59,Medium (50-500),1,339.96,122.39,339.96,1
2015-05,Colorado,Office Supplies,35-44,High (500-1500),1,845.73,84.57,845.73,1
2015-05,Colorado,Technology,18-24,Medium (50-500),1,201.58,20.16,201.58,1
2015-05,Colorado,Technology,25-34,Low (<50),1,46.69,-2.92,46.69,1
2015-05,Connecticut,Furniture,35-44,Low (<50),1,22.2,9.1,22.2,1
2015-05,Connecticut,Office Supplies,18-24,Low (<50),1,16.24,2.44,16.24,1
2015-05,Connecticut,Office Supplies,18-24,Medium (50-500),1,77.55,21.71,77.55,1
2015-05,Florida,Furniture,35-44,Medium (50-500),1,63.55,14.3,63.55,1
2015-05,Florida,Office Supplies,35-44,Low (<50),1,41.38,4.65,41.38,1
2015-05,Florida,Office Supplies,35-44,Medium (50-500),1,172.7,10.79,172.7,1
2015-05,Florida,Technology,45-59,Medium (50-500),1,255.97,32.0,255.97,1
2015-05,Georgia,Office Supplies,45-59,Low (<50),1,17.94,8.79,17.94,1
2015-05,Illinois,Furniture,25-34,High (500-1500),1,602.65,-163.58,602.65,1
2015-05,Illinois,Furniture,60+,Low (<50),1,22.29,-8.92,22.29,1
2015-05,Illinois,Furniture,60+,Medium (50-500),1,51.56,-61.87,51.56,1
2015-05,Illinois,Office Supplies,25-34,Low (<50),1,7.66,-13.02,7.66,1
2015-05,Illinois,Office Supplies,45-59,Low (<50),1,16.0,5.6,16.0,1
2015-05,Illinois,Office Supplies,60+,Low (<50),4,67.02,-53.52,16.76,3
2015-05,Illinois,Office Supplies,60+,Medium (50-500),2,244.46,-137.4,122.23,2
2015-05,Illinois,Technology,45-59,Medium (50-500),1,222.38,16.68,222.38,1
2015-05,Indiana,Office Supplies,60+,Low (<50),1,12.39,5.7,12.39,1
2015-05,Indiana,Office Supplies,60+,Medium (50-500),1,125.93,35.26,125.93,1
2015-05,Kansas,Office Supplies,25-34,Low (<50),1,21.24,8.07,21.24,1
2015-05,Kansas,Office Supplies,25-34,Medium (50-500),1,127.96,60.14,127.96,1
2015-05,Kentucky,Office Supplies,45-59,Low (<50),1,48.81,23.92,48.81,1
2015-05,Kentucky,Office Supplies,60+,Low (<50),1,45.68,21.01,45.68,1
2015-05,Michigan,Furniture,25-34,Medium (50-500),1,75.33,19.59,75.33,1
2015-05,Michigan,Office Supplies,25-34,High (500-1500),1,850.5,245.7,850.5,1
2015-05,Minnesota,Furniture,25-34,Medium (50-500),1,123.96,11.16,123.96,1
2015-05,Minnesota,Furniture,45-59,Very High (1500+),1,2567.84,770.35,2567.84,1
2015-05,Minnesota,Office Supplies,25-34,Low (<50),1,43.98,21.99,43.98,1
2015-05,Minnesota,Technology,25-34,Medium (50-500),1,377.97,105.83,377.97,1
2015-05,New Jersey,Furniture,35-44,Low (<50),1,8.28,2.98,8.28,1
2015-05,New Jersey,Office Supplies,35-44,Medium (50-500),2,336.98,151.44,168.49,1
2015-05,New York,Furniture,18-24,Low (<50),1,26.8,12.86,26.8,1
2015-05,New York,Furniture,35-44,Medium (50-500),2,207.2,51.48,103.6,1
2015-05,New York,Office Supplies,18-24,Low (<50),2,45.5,18.51,22.75,2
2015-05,New York,Office Supplies,25-34,Low (<50),1,31.5,15.12,31.5,1
2015-05,New York,Office Supplies,25-34,Medium (50-500),1,55.6,16.12,55.6,1
2015-05,New York,Office Supplies,35-44,High (500-1500),1,535.41,160.62,535.41,1
2015-05,New York,Office Supplies,35-44,Low (<50),3,70.9,33.16,23.63,2
2015-05,New York,Office Supplies,35-44,Medium (50-500),1,357.93,7.16,357.93,1
2015-05,New York,Office Supplies,60+,Low (<50),3,97.5,30.24,32.5,2
2015-05,New York,Office Supplies,60+,Medium (50-500),1,160.32,44.89,160.32,1
2015-05,New York,Technology,35-44,Low (<50),1,45.99,13.34,45.99,1
2015-05,New York,Technology,35-44,Very High (1500+),1,2799.94,1014.98,2799.94,1
2015-05,New York,Technology,60+,Medium (50-500),2,368.82,6.27,184.41,1
2015-05,North Carolina,Furniture,60+,Medium (50-500),1,163.14,20.39,163.14,1
2015-05,North Carolina,Office Supplies,45-59,Low (<50),2,30.5,10.37,15.25,1
2015-05,North Carolina,Office Supplies,45-59,Medium (50-500),1,153.73,53.8,153.73,1
2015-05,North Carolina,Office Supplies,60+,Low (<50),2,16.68,-3.76,8.34,2
2015-05,North Carolina,Technology,45-59,Medium (50-500),1,167.94,50.38,167.94,1
2015-05,Ohio,Furniture,18-24,Low (<50),1,8.35,1.25,8.35,1
2015-05,Ohio,Furniture,60+,Low (<50),1,41.57,-4.16,41.57,1
2015-05,Ohio,Furniture,60+,Medium (50-500),1,317.06,-86.06,317.06,1
2015-05,Ohio,Office Supplies,18-24,Medium (50-500),1,85.06,28.71,85.06,1
2015-05,Ohio,Office Supplies,60+,Low (<50),1,8.04,2.91,8.04,1
2015-05,Oregon,Office Supplies,18-24,Low (<50),1,5.25,0.59,5.25,1
2015-05,Pennsylvania,Furniture,60+,High (500-1500),1,844.12,-36.18,844.12,1
2015-05,Pennsylvania,Office Supplies,18-24,Medium (50-500),1,51.97,-10.39,51.97,1
2015-05,Pennsylvania,Office Supplies,45-59,Low (<50),4,73.54,1.51,18.39,1
2015-05,Pennsylvania,Office Supplies,45-59,Medium (50-500),3,496.95,111.91,165.65,1
2015-05,Pennsylvania,Office Supplies,60+,Low (<50),4,74.45,-6.58,18.61,2
2015-05,Pennsylvania,Office Supplies,60+,Medium (50-500),2,136.66,4.63,68.33,1
2015-05,Pennsylvania,Technology,60+,Low (<50),1,27.55,-0.34,27.55,1
2015-05,Rhode Island,Office Supplies,45-59,Medium (50-500),1,51.45,13.89,51.45,1
2015-05,South Carolina,Office Supplies,60+,Medium (50-500),1,186.69,87.74,186.69,1
2015-05,Tennessee,Technology,60+,Medium (50-500),1,467.04,58.38,467.04,1
2015-05,Texas,Furniture,25-34,Low (<50),1,21.97,-15.93,21.97,1
2015-05,Texas,Furniture,35-44,Medium (50-500),3,454.62,-64.56,151.54,2
2015-05,Texas,Office Supplies,25-34,Low (<50),2,54.74,13.41,27.37,1
2015-05,Texas,Office Supplies,25-34,Medium (50-500),1,127.9,41.57,127.9,1
2015-05,Texas,Office Supplies,35-44,Low (<50),1,15.94,5.38,15.94,1
2015-05,Texas,Office Supplies,45-59,Low (<50),2,47.37,-44.99,23.68,1
2015-05,Texas,Office Supplies,60+,Low (<50),1,8.86,2.99,8.86,1
2015-05,Texas,Technology,25-34,High (500-1500),1,619.15,69.65,619.15,1
2015-05,Texas,Technology,25-34,Medium (50-500),1,207.98,36.4,207.98,1
2015-05,Texas,Technology,35-44,Medium (50-500),1,399.54,-79.91,399.54,1
2015-05,Texas,Technology,45-59,High (500-1500),1,946.34,118.29,946.34,1
2015-05,Texas,Technology,60+,Medium (50-500),1,158.38,13.86,158.38,1
2015-05,Utah,Furniture,18-24,High (500-1500),1,1406.86,140.69,1406.86,1
2015-05,Utah,Office Supplies,18-24,Low (<50),1,15.75,7.56,15.75,1
2015-05,Utah,Office Supplies,18-24,Medium (50-500),1,323.1,61.39,323.1,1
2015-05,Virginia,Technology,18-24,Medium (50-500),1,151.96,36.47,151.96,1
2015-05,Washington,Furniture,45-59,Low (<50),1,20.24,7.89,20.24,1
2015-05,Washington,Office Supplies,18-24,Low (<50),1,14.59,4.92,14.59,1
2015-05,Washington,Office Supplies,25-34,Low (<50),1,6.63,1.79,6.63,1
2015-05,Washington,Office Supplies,45-59,High (500-1500),1,540.57,140.55,540.57,1
2015-05,Washington,Office Supplies,45-59,Low (<50),1,32.4,15.55,32.4,1
2015-05,Washington,Office Supplies,45-59,Medium (50-500),1,167.76,62.91,167.76,1
2015-05,Washington,Office Supplies,60+,Low (<50),1,26.98,8.77,26.98,1
2015-06,Alabama,Office Supplies,25-34,Low (<50),3,76.32,31.29,25.44,1
2015-06,Alabama,Technology,25-34,High (500-1500),1,899.97,314.99,899.97,1
2015-06,Arizona,Furniture,35-44,Medium (50-500),1,75.36,20.72,75.36,1
2015-06,Arizona,Furniture,45-59,Low (<50),1,40.26,11.07,40.26,1
2015-06,Arizona,Furniture,45-59,Medium (50-500),1,364.7,-36.47,364.7,1
2015-06,Arizona,Furniture,60+,High (500-1500),1,621.76,46.63,621.76,1
2015-06,Arizona,Office Supplies,35-44,Low (<50),3,25.64,-5.1,8.55,1
2015-06,Arizona,Office Supplies,45-59,Low (<50),1,9.57,2.99,9.57,1
2015-06,Arizona,Office Supplies,45-59,Medium (50-500),1,82.37,-19.56,82.37,1
2015-06,Arizona,Office Supplies,60+,Low (<50),1,5.9,1.99,5.9,1
2015-06,California,Furniture,35-44,Medium (50-500),2,462.49,157.84,231.24,2
2015-06,California,Furniture,45-59,Low (<50),1,12.56,4.02,12.56,1
2015-06,California,Office Supplies,25-34,Low (<50),1,20.96,5.24,20.96,1
2015-06,California,Office Supplies,25-34,Medium (50-500),2,392.98,36.86,196.49,1
2015-06,California,Office Supplies,45-59,Low (<50),5,67.81,27.03,13.56,5
2015-06,California,Office Supplies,45-59,Medium (50-500),1,186.69,87.74,186.69,1
2015-06,California,Office Supplies,60+,Medium (50-500),1,51.98,15.07,51.98,1
2015-06,California,Technology,35-44,Medium (50-500),1,125.98,47.24,125.98,1
2015-06,California,Technology,45-59,Medium (50-500),2,361.56,28.04,180.78,1
2015-06,California,Technology,60+,High (500-1500),1,989.97,395.99,989.97,1
2015-06,California,Technology,60+,Medium (50-500),2,345.56,58.55,172.78,2
2015-06,Colorado,Technology,25-34,Medium (50-500),1,125.94,15.74,125.94,1
2015-06,Delaware,Office Supplies,18-24,Low (<50),1,29.9,5.08,29.9,1
2015-06,Florida,Furniture,25-34,High (500-1500),1,1123.92,-182.64,1123.92,1
2015-06,Florida,Furniture,25-34,Low (<50),1,48.67,7.3,48.67,1
2015-06,Florida,Furniture,35-44,Medium (50-500),1,173.21,45.47,173.21,1
2015-06,Florida,Office Supplies,25-34,High (500-1500),2,1600.43,72.97,800.22,1
2015-06,Florida,Office Supplies,25-34,Low (<50),2,17.4,0.44,8.7,2
2015-06,Florida,Office Supplies,25-34,Medium (50-500),2,139.37,-55.28,69.68,1
2015-06,Florida,Office Supplies,35-44,High (500-1500),1,516.96,-6.46,516.96,1
2015-06,Florida,Office Supplies,35-44,Low (<50),5,112.47,-23.67,22.49,2
2015-06,Florida,Office Supplies,35-44,Medium (50-500),2,237.69,11.42,118.84,2
2015-06,Florida,Technology,18-24,Medium (50-500),1,107.98,37.79,107.98,1
2015-06,Florida,Technology,25-34,Medium (50-500),2,305.57,35.4,152.78,2
2015-06,Florida,Technology,35-44,Medium (50-500),1,72.6,-8.17,72.6,1
2015-06,Florida,Technology,45-59,Low (<50),1,11.67,-0.73,11.67,1
2015-06,Georgia,Furniture,45-59,Low (<50),1,27.42,9.32,27.42,1
2015-06,Georgia,Office Supplies,45-59,Low (<50),1,6.48,3.11,6.48,1
2015-06,Georgia,Office Supplies,45-59,Medium (50-500),3,426.29,171.91,142.1,2
2015-06,Georgia,Technology,45-59,Medium (50-500),1,75.0,18.0,75.0,1
2015-06,Idaho,Furniture,25-34,Medium (50-500),1,355.36,92.39,355.36,1
2015-06,Idaho,Technology,25-34,Medium (50-500),1,140.38,8.77,140.38,1
2015-06,Illinois,Furniture,35-44,High (500-1500),1,796.42,-525.64,796.42,1
2015-06,Illinois,Office Supplies,60+,Medium (50-500),1,143.13,-393.6,143.13,1
2015-06,Illinois,Technology,60+,Low (<50),1,2.38,0.74,2.38,1
2015-06,Indiana,Office Supplies,45-59,Low (<50),1,24.56,6.88,24.56,1
2015-06,Louisiana,Furniture,18-24,Low (<50),1,29.16,10.79,29.16,1
2015-06,Louisiana,Office Supplies,18-24,Low (<50),2,68.66,32.23,34.33,1
2015-06,Louisiana,Office Supplies,18-24,Medium (50-500),1,56.3,15.76,56.3,1
2015-06,Louisiana,Technology,18-24,Medium (50-500),1,53.7,10.2,53.7,1
2015-06,Maine,Office Supplies,60+,Low (<50),2,38.1,17.31,19.05,1
2015-06,Maine,Technology,60+,Medium (50-500),1,67.98,14.96,67.98,1
2015-06,Michigan,Office Supplies,18-24,Low (<50),1,28.91,13.3,28.91,1
2015-06,Michigan,Office Supplies,18-24,Medium (50-500),1,403.68,181.66,403.68,1
2015-06,Michigan,Office Supplies,60+,Low (<50),1,12.96,6.22,12.96,1
2015-06,Michigan,Technology,18-24,Low (<50),1,41.9,11.73,41.9,1
2015-06,Michigan,Technology,18-24,Medium (50-500),1,299.98,83.99,299.98,1
2015-06,Michigan,Technology,60+,Low (<50),1,41.9,8.8,41.9,1
2015-06,Missouri,Office Supplies,25-34,Low (<50),1,10.56,4.75,10.56,1
2015-06,Nebraska,Technology,45-59,Medium (50-500),1,269.98,72.89,269.98,1
2015-06,New York,Furniture,45-59,Low (<50),1,35.28,12.0,35.28,1
2015-06,New York,Furniture,60+,Medium (50-500),1,117.88,1.31,117.88,1
2015-06,New York,Furniture,60+,Very High (1500+),1,1522.64,169.18,1522.64,1
2015-06,New York,Office Supplies,35-44,High (500-1500),1,1217.57,456.59,1217.57,1
2015-06,New York,Office Supplies,45-59,Low (<50),1,30.44,14.31,30.44,1
2015-06,New York,Office Supplies,45-59,Very High (1500+),1,3050.38,1143.89,3050.38,1
2015-06,New York,Office Supplies,60+,Low (<50),1,24.96,11.23,24.96,1
2015-06,New York,Technology,45-59,Medium (50-500),1,133.98,33.49,133.98,1
2015-06,Ohio,Furniture,45-59,Medium (50-500),1,482.94,-376.69,482.94,1
2015-06,Ohio,Office Supplies,18-24,Low (<50),1,3.42,0.3,3.42,1
2015-06,Ohio,Office Supplies,35-44,Low (<50),1,43.06,15.61,43.06,1
2015-06,Ohio,Office Supplies,45-59,Low (<50),1,15.55,5.44,15.55,1
2015-06,Pennsylvania,Furniture,18-24,Low (<50),1,20.1,1.76,20.1,1
2015-06,Pennsylvania,Furniture,45-59,Low (<50),1,43.3,4.33,43.3,1
2015-06,Pennsylvania,Furniture,45-59,Medium (50-500),1,51.07,5.11,51.07,1
2015-06,Pennsylvania,Office Supplies,35-44,Low (<50),1,31.1,10.89,31.1,1
2015-06,Pennsylvania,Office Supplies,35-44,Medium (50-500),1,78.26,-17.61,78.26,1
2015-06,Pennsylvania,Office Supplies,45-59,Low (<50),1,20.74,7.26,20.74,1
2015-06,Pennsylvania,Office Supplies,60+,Low (<50),5,64.36,2.03,12.87,3
2015-06,Pennsylvania,Technology,45-59,Medium (50-500),1,319.98,92.0,319.98,1
2015-06,Tennessee,Furniture,60+,High (500-1500),1,643.14,56.27,643.14,1
2015-06,Tennessee,Office Supplies,60+,Low (<50),2,26.86,2.76,13.43,1
2015-06,Texas,Furniture,25-34,Medium (50-500),2,272.76,-46.11,136.38,2
2015-06,Texas,Office Supplies,25-34,Low (<50),6,115.3,26.03,19.22,3
2015-06,Texas,Office Supplies,60+,Low (<50),2,47.97,4.04,23.98,1
2015-06,Texas,Office Supplies,60+,Medium (50-500),1,228.92,14.31,228.92,1
2015-06,Texas,Technology,35-44,High (500-1500),1,971.88,109.34,971.88,1
2015-06,Utah,Office Supplies,60+,Low (<50),1,4.96,2.33,4.96,1
2015-06,Virginia,Furniture,35-44,Medium (50-500),1,60.84,19.47,60.84,1
2015-06,Virginia,Furniture,60+,Medium (50-500),1,332.94,79.91,332.94,1
2015-06,Virginia,Office Supplies,35-44,Low (<50),2,67.62,32.46,33.81,1
2015-06,Virginia,Office Supplies,35-44,Medium (50-500),1,450.04,58.51,450.04,1
2015-06,Virginia,Office Supplies,60+,Low (<50),2,58.46,25.25,29.23,1
2015-06,Virginia,Office Supplies,60+,Medium (50-500),2,257.06,125.65,128.53,2
2015-06,Virginia,Technology,35-44,Medium (50-500),1,467.97,140.39,467.97,1
2015-06,Washington,Office Supplies,60+,Low (<50),2,16.64,6.52,8.32,1
2015-06,Washington,Technology,45-59,Medium (50-500),1,201.57,22.68,201.57,1
2015-07,Alabama,Furniture,60+,Medium (50-500),1,358.58,39.44,358.58,1
2015-07,Alabama,Office Supplies,60+,Medium (50-500),1,98.46,49.23,98.46,1
2015-07,Arizona,Furniture,25-34,Medium (50-500),1,393.16,-204.45,393.16,1
2015-07,Arizona,Furniture,35-44,Medium (50-500),2,569.68,-141.93,284.84,1
2015-07,Arizona,Furniture,45-59,Medium (50-500),1,266.35,13.32,266.35,1
2015-07,Arizona,Office Supplies,35-44,Low (<50),1,18.5,6.7,18.5,1
2015-07,Arizona,Office Supplies,35-44,Medium (50-500),1,272.74,-64.77,272.74,1
2015-07,Arizona,Office Supplies,45-59,Low (<50),1,2.02,-1.35,2.02,1
2015-07,Arizona,Office Supplies,60+,Low (<50),1,3.37,-2.24,3.37,1
2015-07,California,Furniture,35-44,Low (<50),1,5.28,2.32,5.28,1
2015-07,California,Furniture,35-44,Medium (50-500),1,195.47,-13.8,195.47,1
2015-07,California,Furniture,45-59,High (500-1500),2,2048.86,-140.4,1024.43,1
2015-07,California,Furniture,60+,Medium (50-500),1,170.35,-17.04,170.35,1
2015-07,California,Office Supplies,25-34,Low (<50),1,39.92,12.97,39.92,1
2015-07,California,Office Supplies,35-44,Low (<50),2,33.77,11.52,16.88,2
2015-07,California,Office Supplies,35-44,Medium (50-500),1,167.86,78.89,167.86,1
2015-07,California,Office Supplies,45-59,Low (<50),2,32.28,11.47,16.14,1
2015-07,California,Office Supplies,45-59,Medium (50-500),1,99.2,25.79,99.2,1
2015-07,California,Technology,25-34,High (500-1500),1,519.96,176.79,519.96,1
2015-07,California,Technology,35-44,Medium (50-500),1,209.93,92.37,209.93,1
2015-07,California,Technology,45-59,High (500-1500),1,623.96,39.0,623.96,1
2015-07,Delaware,Furniture,60+,Medium (50-500),1,199.84,-37.11,199.84,1
2015-07,Delaware,Office Supplies,60+,Medium (50-500),1,221.06,103.9,221.06,1
2015-07,Delaware,Technology,60+,High (500-1500),1,716.0,193.32,716.0,1
2015-07,Florida,Furniture,35-44,Medium (50-500),1,231.92,5.8,231.92,1
2015-07,Florida,Office Supplies,60+,Low (<50),2,27.5,9.67,13.75,1
2015-07,Georgia,Office Supplies,45-59,Low (<50),1,38.88,18.66,38.88,1
2015-07,Illinois,Furniture,35-44,High (500-1500),1,913.43,-52.2,913.43,1
2015-07,Illinois,Furniture,35-44,Medium (50-500),1,384.94,-126.48,384.94,1
2015-07,Illinois,Furniture,45-59,Medium (50-500),2,790.54,-98.63,395.27,1
2015-07,Illinois,Furniture,60+,Low (<50),1,7.76,-2.13,7.76,1
2015-07,Illinois,Furniture,60+,Medium (50-500),1,383.61,-5.48,383.61,1
2015-07,Illinois,Office Supplies,35-44,Low (<50),1,2.88,-4.46,2.88,1
2015-07,Illinois,Office Supplies,45-59,Low (<50),1,11.17,3.77,11.17,1
2015-07,Illinois,Office Supplies,45-59,Medium (50-500),2,504.1,55.0,252.05,1
2015-07,Illinois,Office Supplies,60+,Low (<50),2,8.84,-2.3,4.42,1
2015-07,Illinois,Technology,35-44,Medium (50-500),1,153.58,13.44,153.58,1
2015-07,Illinois,Technology,60+,High (500-1500),2,1196.71,103.19,598.36,1
2015-07,Illinois,Technology,60+,Medium (50-500),1,148.48,16.7,148.48,1
2015-07,Indiana,Office Supplies,45-59,Low (<50),2,61.16,21.61,30.58,1
2015-07,Indiana,Office Supplies,45-59,Medium (50-500),3,345.97,133.26,115.32,1
2015-07,Indiana,Technology,45-59,High (500-1500),1,831.2,124.68,831.2,1
2015-07,Kentucky,Furniture,25-34,Medium (50-500),1,70.98,4.97,70.98,1
2015-07,Kentucky,Furniture,60+,Low (<50),1,20.94,6.07,20.94,1
2015-07,Kentucky,Office Supplies,25-34,Medium (50-500),1,294.93,144.52,294.93,1
2015-07,Kentucky,Office Supplies,60+,Medium (50-500),2,225.15,103.57,112.58,1
2015-07,Kentucky,Technology,45-59,Low (<50),1,29.97,0.3,29.97,1
2015-07,Kentucky,Technology,60+,Medium (50-500),1,279.86,64.37,279.86,1
2015-07,Maryland,Furniture,25-34,Medium (50-500),1,150.98,43.78,150.98,1
2015-07,Maryland,Furniture,60+,Medium (50-500),1,181.96,20.02,181.96,1
2015-07,Maryland,Office Supplies,25-34,Low (<50),1,11.52,5.41,11.52,1
2015-07,Maryland,Office Supplies,25-34,Medium (50-500),1,137.25,63.14,137.25,1
2015-07,Maryland,Office Supplies,60+,Low (<50),3,71.87,32.16,23.96,1
2015-07,Maryland,Office Supplies,60+,Medium (50-500),4,415.02,173.61,103.76,1
2015-07,Maryland,Technology,60+,Medium (50-500),1,464.97,209.24,464.97,1
2015-07,Massachusetts,Furniture,60+,Medium (50-500),1,301.96,60.39,301.96,1
2015-07,Massachusetts,Office Supplies,18-24,Low (<50),1,6.58,3.03,6.58,1
2015-07,Massachusetts,Office Supplies,18-24,Medium (50-500),1,122.94,59.01,122.94,1
2015-07,Michigan,Office Supplies,45-59,Low (<50),1,19.0,8.93,19.0,1
2015-07,Minnesota,Furniture,60+,Medium (50-500),1,155.88,38.97,155.88,1
2015-07,Mississippi,Technology,45-59,Medium (50-500),1,239.7,105.47,239.7,1
2015-07,Missouri,Office Supplies,25-34,Medium (50-500),1,52.59,15.78,52.59,1
2015-07,New Jersey,Office Supplies,45-59,Low (<50),1,11.12,2.89,11.12,1
2015-07,New York,Furniture,18-24,Very High (1500+),1,1931.04,321.84,1931.04,1
2015-07,New York,Furniture,25-34,Low (<50),1,13.96,6.7,13.96,1
2015-07,New York,Furniture,25-34,Medium (50-500),1,155.82,63.89,155.82,1
2015-07,New York,Furniture,45-59,High (500-1500),1,1090.78,-290.88,1090.78,1
2015-07,New York,Furniture,45-59,Low (<50),1,7.38,2.14,7.38,1
2015-07,New York,Furniture,45-59,Medium (50-500),1,128.82,50.24,128.82,1
2015-07,New York,Office Supplies,18-24,Low (<50),2,21.77,8.96,10.88,1
2015-07,New York,Office Supplies,25-34,High (500-1500),1,601.65,156.43,601.65,1
2015-07,New York,Office Supplies,35-44,Low (<50),1,19.44,9.33,19.44,1
2015-07,New York,Office Supplies,45-59,Low (<50),4,44.01,16.64,11.0,4
2015-07,New York,Office Supplies,45-59,Medium (50-500),1,68.94,20.68,68.94,1
2015-07,New York,Office Supplies,60+,Low (<50),1,10.51,3.68,10.51,1
2015-07,New York,Office Supplies,60+,Medium (50-500),1,80.88,39.63,80.88,1
2015-07,New York,Technology,25-34,Medium (50-500),1,124.95,2.5,124.95,1
2015-07,New York,Technology,45-59,Medium (50-500),1,135.99,36.72,135.99,1
2015-07,New York,Technology,45-59,Very High (1500+),1,2309.65,762.18,2309.65,1
2015-07,New York,Technology,60+,High (500-1500),1,599.9,191.97,599.9,1
2015-07,North Carolina,Furniture,35-44,Medium (50-500),1,159.84,45.95,159.84,1
2015-07,North Carolina,Furniture,45-59,Low (<50),1,4.93,0.74,4.93,1
2015-07,North Carolina,Furniture,60+,Low (<50),1,4.93,0.74,4.93,1
2015-07,North Carolina,Office Supplies,35-44,Low (<50),2,12.28,0.97,6.14,1
2015-07,North Carolina,Office Supplies,45-59,Low (<50),1,7.23,-5.78,7.23,1
2015-07,North Carolina,Office Supplies,60+,Low (<50),1,11.78,4.27,11.78,1
2015-07,North Carolina,Technology,35-44,Medium (50-500),1,74.24,8.35,74.24,1
2015-07,Pennsylvania,Furniture,18-24,Low (<50),1,25.34,3.48,25.34,1
2015-07,Pennsylvania,Furniture,18-24,Medium (50-500),2,631.29,-36.95,315.64,1
2015-07,Pennsylvania,Furniture,25-34,Medium (50-500),2,451.35,27.1,225.68,1
2015-07,Pennsylvania,Office Supplies,18-24,Low (<50),4,30.47,-2.29,7.62,2
2015-07,Pennsylvania,Office Supplies,25-34,Low (<50),1,6.72,2.44,6.72,1
2015-07,Pennsylvania,Office Supplies,45-59,Low (<50),1,38.98,-2.44,38.98,1
2015-07,Pennsylvania,Office Supplies,60+,Low (<50),1,25.18,-18.46,25.18,1
2015-07,Pennsylvania,Technology,45-59,Low (<50),1,34.8,2.17,34.8,1
2015-07,Pennsylvania,Technology,60+,Medium (50-500),1,269.98,40.5,269.98,1
2015-07,Tennessee,Office Supplies,60+,Low (<50),1,5.16,0.84,5.16,1
2015-07,Texas,Office Supplies,18-24,Low (<50),1,32.78,-85.24,32.78,1
2015-07,Texas,Office Supplies,25-34,Low (<50),1,48.63,-121.58,48.63,1
2015-07,Texas,Office Supplies,35-44,Low (<50),1,41.57,-66.51,41.57,1
2015-07,Texas,Office Supplies,35-44,Medium (50-500),1,61.79,6.18,61.79,1
2015-07,Texas,Office Supplies,60+,Low (<50),3,41.82,12.06,13.94,2
2015-07,Texas,Technology,45-59,Medium (50-500),1,307.17,30.72,307.17,1
2015-07,Washington,Furniture,45-59,High (500-1500),2,1266.47,84.47,633.23,1
2015-07,Washington,Office Supplies,45-59,Low (<50),3,52.35,20.18,17.45,2
2015-07,Washington,Office Supplies,45-59,Medium (50-500),1,98.35,34.42,98.35,1
2015-07,Wisconsin,Technology,45-59,High (500-1500),1,1099.96,285.99,1099.96,1
2015-08,Arizona,Office Supplies,18-24,Low (<50),4,53.9,15.88,13.48,2
2015-08,Arizona,Office Supplies,18-24,Medium (50-500),1,313.02,105.65,313.02,1
2015-08,Arizona,Technology,18-24,Low (<50),1,30.08,-5.26,30.08,1
2015-08,Arizona,Technology,18-24,Medium (50-500),1,252.8,-31.6,252.8,1
2015-08,Arizona,Technology,18-24,Very High (1500+),1,1879.96,211.5,1879.96,1
2015-08,California,Furniture,25-34,Very High (1500+),1,1552.83,200.95,1552.83,1
2015-08,California,Furniture,35-44,Low (<50),1,40.78,4.59,40.78,1
2015-08,California,Furniture,45-59,Low (<50),2,35.72,12.16,17.86,2
2015-08,California,Furniture,45-59,Medium (50-500),2,411.9,57.1,205.95,2
2015-08,California,Furniture,60+,High (500-1500),3,2135.38,-100.58,711.79,3
2015-08,California,Furniture,60+,Medium (50-500),1,144.78,10.86,144.78,1
2015-08,California,Office Supplies,18-24,Low (<50),1,5.1,1.66,5.1,1
2015-08,California,Office Supplies,25-34,Medium (50-500),1,137.24,46.32,137.24,1
2015-08,California,Office Supplies,35-44,Medium (50-500),2,429.06,91.06,214.53,2
2015-08,California,Office Supplies,45-59,High (500-1500),2,1621.17,296.86,810.58,1
2015-08,California,Office Supplies,45-59,Low (<50),2,60.51,20.42,30.26,2
2015-08,California,Office Supplies,45-59,Medium (50-500),4,664.03,152.26,166.01,4
2015-08,California,Office Supplies,60+,Low (<50),7,84.83,32.67,12.12,4
2015-08,California,Office Supplies,60+,Medium (50-500),3,255.12,83.94,85.04,3
2015-08,California,Technology,25-34,Low (<50),1,36.51,15.7,36.51,1
2015-08,California,Technology,25-34,Medium (50-500),1,239.98,80.99,239.98,1
2015-08,California,Technology,35-44,High (500-1500),1,555.96,41.7,555.96,1
2015-08,California,Technology,45-59,Low (<50),1,43.18,15.11,43.18,1
2015-08,Connecticut,Office Supplies,35-44,Medium (50-500),1,470.36,122.29,470.36,1
2015-08,Florida,Office Supplies,35-44,Low (<50),1,4.61,1.67,4.61,1
2015-08,Georgia,Office Supplies,18-24,Low (<50),1,5.64,2.71,5.64,1
2015-08,Georgia,Office Supplies,60+,High (500-1500),1,542.94,152.02,542.94,1
2015-08,Georgia,Office Supplies,60+,Low (<50),3,55.9,20.59,18.63,1
2015-08,Georgia,Office Supplies,60+,Medium (50-500),2,291.68,143.9,145.84,1
2015-08,Georgia,Technology,60+,Medium (50-500),1,251.91,47.86,251.91,1
2015-08,Idaho,Office Supplies,60+,Low (<50),1,3.3,1.12,3.3,1
2015-08,Illinois,Office Supplies,60+,Low (<50),4,59.85,-4.9,14.96,1
2015-08,Illinois,Technology,60+,Very High (1500+),1,2799.96,874.99,2799.96,1
2015-08,Indiana,Office Supplies,60+,Low (<50),1,11.36,5.57,11.36,1
2015-08,Kentucky,Office Supplies,60+,Low (<50),2,53.28,18.25,26.64,1
2015-08,Kentucky,Technology,45-59,High (500-1500),1,587.97,170.51,587.97,1
2015-08,Kentucky,Technology,45-59,Medium (50-500),1,79.96,18.39,79.96,1
2015-08,Kentucky,Technology,45-59,Very High (1500+),1,3080.0,1416.8,3080.0,1
2015-08,Maryland,Office Supplies,60+,Medium (50-500),1,77.58,20.17,77.58,1
2015-08,Massachusetts,Office Supplies,25-34,Medium (50-500),1,52.2,23.49,52.2,1
2015-08,Massachusetts,Office Supplies,60+,Low (<50),1,39.66,11.9,39.66,1
2015-08,Massachusetts,Office Supplies,60+,Medium (50-500),2,561.78,243.53,280.89,1
2015-08,Michigan,Furniture,60+,High (500-1500),1,622.45,136.94,622.45,1
2015-08,Michigan,Office Supplies,45-59,Medium (50-500),1,64.75,29.14,64.75,1
2015-08,Michigan,Office Supplies,60+,Low (<50),2,24.18,1.19,12.09,1
2015-08,Michigan,Technology,18-24,Medium (50-500),2,246.5,47.09,123.25,1
2015-08,Minnesota,Office Supplies,60+,Low (<50),3,74.94,34.18,24.98,1
2015-08,Missouri,Furniture,60+,Medium (50-500),1,212.94,34.07,212.94,1
2015-08,Missouri,Office Supplies,60+,Low (<50),1,28.4,13.06,28.4,1
2015-08,New York,Furniture,45-59,Low (<50),1,14.91,4.62,14.91,1
2015-08,New York,Furniture,45-59,Medium (50-500),1,284.36,-75.83,284.36,1
2015-08,New York,Furniture,60+,Low (<50),3,63.22,25.71,21.07,2
2015-08,New York,Furniture,60+,Medium (50-500),1,382.81,-153.12,382.81,1
2015-08,New York,Office Supplies,45-59,Low (<50),1,11.96,3.11,11.96,1
2015-08,New York,Office Supplies,60+,High (500-1500),1,1217.57,456.59,1217.57,1
2015-08,New York,Office Supplies,60+,Low (<50),3,69.13,15.54,23.04,2
2015-08,New York,Office Supplies,60+,Medium (50-500),3,337.93,154.44,112.64,3
2015-08,New York,Technology,35-44,Medium (50-500),1,79.99,28.8,79.99,1
2015-08,New York,Technology,45-59,Low (<50),1,26.0,11.7,26.0,1
2015-08,New York,Technology,45-59,Medium (50-500),1,138.0,34.5,138.0,1
2015-08,New York,Technology,60+,High (500-1500),1,979.95,274.39,979.95,1
2015-08,New York,Technology,60+,Medium (50-500),2,555.78,124.01,277.89,1
2015-08,North Carolina,Furniture,45-59,Low (<50),1,46.15,12.11,46.15,1
2015-08,North Carolina,Office Supplies,60+,Medium (50-500),1,64.68,8.09,64.68,1
2015-08,Ohio,Furniture,35-44,High (500-1500),1,598.46,-42.75,598.46,1
2015-08,Ohio,Furniture,35-44,Low (<50),1,25.98,-3.9,25.98,1
2015-08,Ohio,Office Supplies,18-24,Low (<50),1,6.91,2.51,6.91,1
2015-08,Ohio,Office Supplies,18-24,Medium (50-500),1,435.5,48.99,435.5,1
2015-08,Ohio,Office Supplies,35-44,Low (<50),1,12.83,-8.98,12.83,1
2015-08,Ohio,Technology,18-24,Low (<50),1,26.98,4.05,26.98,1
2015-08,Oregon,Furniture,25-34,Medium (50-500),1,277.5,-188.7,277.5,1
2015-08,Oregon,Office Supplies,25-34,Low (<50),1,7.15,0.72,7.15,1
2015-08,Oregon,Office Supplies,35-44,Medium (50-500),1,133.47,15.02,133.47,1
2015-08,Oregon,Technology,35-44,Medium (50-500),2,578.31,6.87,289.16,1
2015-08,Pennsylvania,Furniture,45-59,Medium (50-500),2,555.82,-205.0,277.91,2
2015-08,Pennsylvania,Office Supplies,35-44,Medium (50-500),1,422.86,15.86,422.86,1
2015-08,Pennsylvania,Office Supplies,45-59,Low (<50),5,71.81,5.52,14.36,2
2015-08,Pennsylvania,Office Supplies,60+,High (500-1500),1,663.07,-165.77,663.07,1
2015-08,Pennsylvania,Office Supplies,60+,Low (<50),2,53.06,14.79,26.53,1
2015-08,Pennsylvania,Office Supplies,60+,Medium (50-500),2,206.39,-72.31,103.19,2
2015-08,Pennsylvania,Technology,45-59,High (500-1500),1,519.79,-112.62,519.79,1
2015-08,Pennsylvania,Technology,45-59,Low (<50),1,31.18,-5.46,31.18,1
2015-08,Pennsylvania,Technology,60+,Low (<50),1,21.73,3.8,21.73,1
2015-08,Rhode Island,Furniture,60+,Medium (50-500),1,110.98,15.54,110.98,1
2015-08,Rhode Island,Office Supplies,60+,Low (<50),1,8.4,4.12,8.4,1
2015-08,Rhode Island,Technology,60+,Medium (50-500),2,328.83,87.86,164.42,1
2015-08,Texas,Furniture,18-24,Medium (50-500),2,472.68,-130.28,236.34,2
2015-08,Texas,Furniture,45-59,High (500-1500),1,918.78,-118.13,918.78,1
2015-08,Texas,Furniture,45-59,Low (<50),3,42.74,-31.96,14.25,2
2015-08,Texas,Office Supplies,18-24,Low (<50),2,41.75,3.66,20.88,1
2015-08,Texas,Office Supplies,18-24,Medium (50-500),1,56.7,19.14,56.7,1
2015-08,Texas,Office Supplies,45-59,High (500-1500),2,1723.51,-10.84,861.76,1
2015-08,Texas,Office Supplies,45-59,Low (<50),6,85.37,-11.82,14.23,4
2015-08,Texas,Office Supplies,60+,Low (<50),1,27.22,9.87,27.22,1
2015-08,Texas,Technology,18-24,High (500-1500),1,1099.96,82.5,1099.96,1
2015-08,Virginia,Office Supplies,45-59,Low (<50),1,25.06,11.78,25.06,1
2015-08,Virginia,Technology,45-59,Medium (50-500),1,494.97,148.49,494.97,1
2015-08,Washington,Office Supplies,60+,Low (<50),1,6.37,2.15,6.37,1
2015-08,Washington,Technology,60+,High (500-1500),1,558.4,41.88,558.4,1
2015-08,Wisconsin,Furniture,60+,High (500-1500),1,687.4,48.12,687.4,1
2015-09,Alabama,Furniture,35-44,High (500-1500),2,1858.82,506.98,929.41,1
2015-09,Alabama,Furniture,60+,Low (<50),1,21.36,8.12,21.36,1
2015-09,Alabama,Technology,35-44,Medium (50-500),1,59.97,0.0,59.97,1
2015-09,Arizona,Furniture,45-59,Medium (50-500),1,238.15,89.31,238.15,1
2015-09,Arizona,Office Supplies,35-44,Low (<50),2,31.04,4.22,15.52,1
2015-09,Arizona,Office Supplies,60+,Medium (50-500),6,780.12,-149.63,130.02,1
2015-09,Arizona,Technology,35-44,Low (<50),1,23.2,1.45,23.2,1
2015-09,Arizona,Technology,60+,Low (<50),1,35.12,13.17,35.12,1
2015-09,Arizona,Technology,60+,Medium (50-500),1,263.96,23.1,263.96,1
2015-09,California,Furniture,18-24,Medium (50-500),2,190.41,6.51,95.2,2
2015-09,California,Furniture,25-34,High (500-1500),2,1319.26,71.77,659.63,2
2015-09,California,Furniture,25-34,Low (<50),2,59.58,16.68,29.79,2
2015-09,California,Furniture,25-34,Medium (50-500),5,1248.36,107.93,249.67,3
2015-09,California,Furniture,35-44,Medium (50-500),1,106.68,33.07,106.68,1
2015-09,California,Furniture,45-59,Low (<50),1,24.4,10.25,24.4,1
2015-09,California,Furniture,60+,Medium (50-500),1,170.14,-8.51,170.14,1
2015-09,California,Office Supplies,18-24,Low (<50),2,15.01,6.38,7.5,2
2015-09,California,Office Supplies,18-24,Medium (50-500),1,181.35,48.96,181.35,1
2015-09,California,Office Supplies,25-34,High (500-1500),1,1158.12,335.85,1158.12,1
2015-09,California,Office Supplies,25-34,Low (<50),5,88.9,32.01,17.78,4
2015-09,California,Office Supplies,25-34,Medium (50-500),6,886.35,352.86,147.72,5
2015-09,California,Office Supplies,35-44,High (500-1500),1,671.93,20.16,671.93,1
2015-09,California,Office Supplies,35-44,Low (<50),5,79.03,25.15,15.81,3
2015-09,California,Office Supplies,35-44,Medium (50-500),1,146.82,73.41,146.82,1
2015-09,California,Office Supplies,45-59,Low (<50),5,125.65,48.01,25.13,4
2015-09,California,Office Supplies,45-59,Medium (50-500),2,267.94,82.43,133.97,1
2015-09,California,Office Supplies,60+,Low (<50),5,178.06,53.49,35.61,3
2015-09,California,Office Supplies,60+,Medium (50-500),2,495.44,10.42,247.72,2
2015-09,California,Technology,35-44,High (500-1500),1,959.98,335.99,959.98,1
2015-09,California,Technology,35-44,Low (<50),1,17.9,3.4,17.9,1
2015-09,California,Technology,35-44,Medium (50-500),1,129.45,46.6,129.45,1
2015-09,California,Technology,45-59,Low (<50),1,36.78,-8.28,36.78,1
2015-09,California,Technology,60+,Low (<50),1,46.32,18.06,46.32,1
2015-09,Colorado,Furniture,45-59,Low (<50),1,24.64,4.0,24.64,1
2015-09,Colorado,Office Supplies,60+,Low (<50),3,18.13,4.28,6.04,1
2015-09,Connecticut,Office Supplies,35-44,Low (<50),3,63.14,28.39,21.05,1
2015-09,Connecticut,Office Supplies,35-44,Medium (50-500),1,137.62,60.55,137.62,1
2015-09,Connecticut,Technology,35-44,Medium (50-500),1,100.49,25.12,100.49,1
2015-09,Florida,Furniture,25-34,Low (<50),1,15.71,2.55,15.71,1
2015-09,Florida,Furniture,25-34,Medium (50-500),1,55.97,-2.1,55.97,1
2015-09,Florida,Office Supplies,25-34,Low (<50),2,40.22,7.6,20.11,1
2015-09,Florida,Office Supplies,35-44,Low (<50),1,3.44,-2.53,3.44,1
2015-09,Florida,Technology,60+,High (500-1500),1,717.12,152.39,717.12,1
2015-09,Florida,Technology,60+,Medium (50-500),1,87.17,10.9,87.17,1
2015-09,Georgia,Furniture,25-34,Medium (50-500),1,129.93,12.99,129.93,1
2015-09,Georgia,Office Supplies,25-34,Medium (50-500),1,69.93,31.47,69.93,1
2015-09,Georgia,Office Supplies,45-59,Low (<50),2,19.64,9.54,9.82,1
2015-09,Georgia,Office Supplies,45-59,Medium (50-500),1,279.9,137.15,279.9,1
2015-09,Georgia,Technology,45-59,High (500-1500),1,619.95,111.59,619.95,1
2015-09,Georgia,Technology,45-59,Medium (50-500),1,66.36,23.23,66.36,1
2015-09,Illinois,Furniture,25-34,Medium (50-500),1,170.07,-12.15,170.07,1
2015-09,Illinois,Furniture,60+,Low (<50),1,24.29,-12.75,24.29,1
2015-09,Illinois,Office Supplies,25-34,Low (<50),1,7.82,2.93,7.82,1
2015-09,Illinois,Office Supplies,25-34,Medium (50-500),1,128.74,12.87,128.74,1
2015-09,Illinois,Office Supplies,60+,Low (<50),2,17.89,-27.11,8.94,2
2015-09,Indiana,Furniture,60+,Very High (1500+),1,1516.2,394.21,1516.2,1
2015-09,Indiana,Office Supplies,45-59,Low (<50),1,24.32,8.27,24.32,1
2015-09,Indiana,Office Supplies,45-59,Medium (50-500),1,190.86,11.45,190.86,1
2015-09,Indiana,Technology,60+,Medium (50-500),1,199.96,16.0,199.96,1
2015-09,Iowa,Furniture,25-34,High (500-1500),1,1408.1,394.27,1408.1,1
2015-09,Iowa,Office Supplies,25-34,Low (<50),1,15.24,6.86,15.24,1
2015-09,Iowa,Office Supplies,60+,Low (<50),1,25.9,12.69,25.9,1
2015-09,Louisiana,Furniture,18-24,High (500-1500),1,517.5,155.25,517.5,1
2015-09,Louisiana,Furniture,35-44,Medium (50-500),1,85.98,22.35,85.98,1
2015-09,Maryland,Office Supplies,18-24,High (500-1500),1,636.86,0.0,636.86,1
2015-09,Maryland,Office Supplies,18-24,Low (<50),1,41.96,7.97,41.96,1
2015-09,Maryland,Office Supplies,18-24,Medium (50-500),1,65.08,31.89,65.08,1
2015-09,Maryland,Technology,18-24,High (500-1500),1,1259.93,327.58,1259.93,1
2015-09,Maryland,Technology,18-24,Medium (50-500),1,499.99,130.0,499.99,1
2015-09,Massachusetts,Furniture,35-44,Medium (50-500),2,185.1,42.54,92.55,1
2015-09,Massachusetts,Furniture,45-59,High (500-1500),1,542.94,141.16,542.94,1
2015-09,Massachusetts,Furniture,60+,Medium (50-500),2,447.26,97.75,223.63,2
2015-09,Massachusetts,Office Supplies,35-44,High (500-1500),1,1088.76,315.74,1088.76,1
2015-09,Massachusetts,Office Supplies,35-44,Low (<50),1,37.68,16.96,37.68,1
2015-09,Massachusetts,Office Supplies,35-44,Medium (50-500),1,114.6,51.57,114.6,1
2015-09,Massachusetts,Office Supplies,60+,Medium (50-500),2,340.78,141.58,170.39,1
2015-09,Massachusetts,Technology,45-59,High (500-1500),1,589.9,147.48,589.9,1
2015-09,Michigan,Furniture,35-44,Medium (50-500),1,194.32,31.09,194.32,1
2015-09,Michigan,Office Supplies,35-44,Low (<50),2,33.49,11.14,16.74,2
2015-09,Michigan,Office Supplies,60+,Low (<50),2,42.32,17.2,21.16,1
2015-09,Minnesota,Furniture,45-59,Low (<50),1,6.16,2.96,6.16,1
2015-09,Minnesota,Office Supplies,45-59,Low (<50),1,36.84,17.31,36.84,1
2015-09,Nevada,Office Supplies,45-59,Low (<50),1,45.58,16.52,45.58,1
2015-09,New Hampshire,Office Supplies,18-24,Medium (50-500),1,68.62,32.25,68.62,1
2015-09,New Jersey,Furniture,35-44,Low (<50),1,8.92,3.92,8.92,1
2015-09,New Jersey,Office Supplies,35-44,Low (<50),2,69.93,33.57,34.97,1
2015-09,New Jersey,Office Supplies,35-44,Medium (50-500),2,320.64,126.4,160.32,1
2015-09,New Jersey,Office Supplies,45-59,Low (<50),1,14.46,7.09,14.46,1
2015-09,New Jersey,Technology,45-59,Medium (50-500),2,168.94,72.32,84.47,1
2015-09,New Mexico,Office Supplies,35-44,Low (<50),1,8.4,2.18,8.4,1
2015-09,New York,Furniture,18-24,Low (<50),1,27.41,-14.16,27.41,1
2015-09,New York,Furniture,18-24,Medium (50-500),1,102.58,6.84,102.58,1
2015-09,New York,Furniture,25-34,Medium (50-500),2,752.94,-59.9,376.47,2
2015-09,New York,Furniture,45-59,Medium (50-500),2,543.98,-94.39,271.99,2
2015-09,New York,Furniture,45-59,Very High (1500+),2,6232.62,133.53,3116.31,1
2015-09,New York,Furniture,60+,Low (<50),1,46.38,1.16,46.38,1
2015-09,New York,Furniture,60+,Medium (50-500),1,210.68,50.56,210.68,1
2015-09,New York,Office Supplies,18-24,Low (<50),8,127.36,52.48,15.92,4
2015-09,New York,Office Supplies,18-24,Medium (50-500),1,105.98,4.24,105.98,1
2015-09,New York,Office Supplies,25-34,Low (<50),3,21.73,6.54,7.24,2
2015-09,New York,Office Supplies,25-34,Medium (50-500),1,70.26,18.97,70.26,1
2015-09,New York,Office Supplies,35-44,Low (<50),2,64.43,26.85,32.21,2
2015-09,New York,Office Supplies,35-44,Medium (50-500),2,181.73,60.14,90.86,2
2015-09,New York,Office Supplies,45-59,Low (<50),1,14.9,1.04,14.9,1
2015-09,New York,Office Supplies,45-59,Medium (50-500),4,586.79,198.23,146.7,2
2015-09,New York,Office Supplies,60+,High (500-1500),2,1763.88,365.89,881.94,2
2015-09,New York,Office Supplies,60+,Low (<50),4,72.96,32.99,18.24,4
2015-09,New York,Office Supplies,60+,Medium (50-500),3,237.73,60.19,79.24,3
2015-09,New York,Technology,25-34,Medium (50-500),2,427.98,117.59,213.99,2
2015-09,New York,Technology,35-44,High (500-1500),1,559.93,167.98,559.93,1
2015-09,New York,Technology,35-44,Medium (50-500),1,279.86,134.33,279.86,1
2015-09,New York,Technology,45-59,High (500-1500),2,1559.81,613.73,779.9,2
2015-09,New York,Technology,45-59,Medium (50-500),3,585.75,149.46,195.25,2
2015-09,New York,Technology,60+,High (500-1500),2,1509.91,626.06,754.96,2
2015-09,New York,Technology,60+,Low (<50),1,19.99,6.8,19.99,1
2015-09,New York,Technology,60+,Medium (50-500),2,529.98,72.0,264.99,2
2015-09,North Carolina,Office Supplies,35-44,Medium (50-500),1,140.74,12.31,140.74,1
2015-09,North Carolina,Office Supplies,45-59,Low (<50),1,13.09,-10.04,13.09,1
2015-09,North Carolina,Office Supplies,45-59,Medium (50-500),1,200.98,62.81,200.98,1
2015-09,Ohio,Office Supplies,60+,Low (<50),5,97.68,12.6,19.54,1
2015-09,Oklahoma,Office Supplies,25-34,Low (<50),1,14.94,7.02,14.94,1
2015-09,Oklahoma,Technology,18-24,High (500-1500),1,821.94,213.7,821.94,1
2015-09,Oregon,Office Supplies,45-59,Low (<50),2,40.87,4.05,20.43,2
2015-09,Oregon,Office Supplies,45-59,Medium (50-500),1,141.76,47.84,141.76,1
2015-09,Oregon,Technology,45-59,Medium (50-500),1,239.8,47.96,239.8,1
2015-09,Pennsylvania,Furniture,45-59,Medium (50-500),1,124.2,15.52,124.2,1
2015-09,Pennsylvania,Furniture,45-59,Very High (1500+),1,3083.43,-1665.05,3083.43,1
2015-09,Pennsylvania,Office Supplies,18-24,Medium (50-500),1,121.1,-100.92,121.1,1
2015-09,Pennsylvania,Office Supplies,25-34,Low (<50),1,7.66,-6.12,7.66,1
2015-09,Pennsylvania,Office Supplies,35-44,Low (<50),1,3.58,-2.86,3.58,1
2015-09,Pennsylvania,Office Supplies,35-44,Medium (50-500),1,147.18,-29.44,147.18,1
2015-09,Pennsylvania,Office Supplies,45-59,Low (<50),6,44.76,-9.53,7.46,3
2015-09,Pennsylvania,Office Supplies,45-59,Medium (50-500),1,86.3,9.71,86.3,1
2015-09,Pennsylvania,Office Supplies,60+,High (500-1500),1,666.25,-149.91,666.25,1
2015-09,Pennsylvania,Office Supplies,60+,Low (<50),4,53.73,-20.25,13.43,3
2015-09,Pennsylvania,Office Supplies,60+,Medium (50-500),2,108.11,25.95,54.06,2
2015-09,Pennsylvania,Technology,18-24,Low (<50),1,45.89,-9.18,45.89,1
2015-09,Pennsylvania,Technology,60+,High (500-1500),2,1409.94,-139.72,704.97,2
2015-09,South Carolina,Furniture,45-59,Very High (1500+),1,1690.04,422.51,1690.04,1
2015-09,South Carolina,Office Supplies,45-59,High (500-1500),1,887.84,17.76,887.84,1
2015-09,South Carolina,Office Supplies,45-59,Low (<50),2,38.52,18.58,19.26,1
2015-09,South Carolina,Office Supplies,45-59,Medium (50-500),3,271.88,87.79,90.63,1
2015-09,South Carolina,Office Supplies,60+,Medium (50-500),1,269.49,5.39,269.49,1
2015-09,South Carolina,Technology,45-59,High (500-1500),1,629.95,176.39,629.95,1
2015-09,South Carolina,Technology,45-59,Medium (50-500),1,113.73,32.98,113.73,1
2015-09,Tennessee,Office Supplies,25-34,Low (<50),4,22.55,-4.94,5.64,1
2015-09,Tennessee,Office Supplies,45-59,High (500-1500),2,2089.83,-976.18,1044.91,2
2015-09,Tennessee,Office Supplies,45-59,Low (<50),5,50.68,-1.64,10.14,2
2015-09,Tennessee,Office Supplies,45-59,Medium (50-500),1,294.37,-58.87,294.37,1
2015-09,Texas,Furniture,45-59,Low (<50),1,21.94,-10.42,21.94,1
2015-09,Texas,Furniture,60+,Low (<50),2,52.44,-3.51,26.22,2
2015-09,Texas,Furniture,60+,Medium (50-500),1,179.89,-2.57,179.89,1
2015-09,Texas,Office Supplies,18-24,Low (<50),1,2.08,-3.43,2.08,1
2015-09,Texas,Office Supplies,45-59,Low (<50),3,27.33,-43.25,9.11,2
2015-09,Texas,Office Supplies,45-59,Medium (50-500),1,69.12,-14.69,69.12,1
2015-09,Texas,Technology,18-24,High (500-1500),1,1114.4,376.11,1114.4,1
2015-09,Texas,Technology,60+,High (500-1500),1,946.34,118.29,946.34,1
2015-09,Texas,Technology,60+,Medium (50-500),2,285.58,38.85,142.79,2
2015-09,Utah,Furniture,60+,High (500-1500),2,1957.38,358.92,978.69,2
2015-09,Virginia,Furniture,35-44,Low (<50),1,47.98,11.04,47.98,1
2015-09,Virginia,Furniture,45-59,Medium (50-500),1,61.96,4.34,61.96,1
2015-09,Virginia,Furniture,60+,Medium (50-500),1,67.96,12.23,67.96,1
2015-09,Virginia,Office Supplies,25-34,Low (<50),1,46.62,21.45,46.62,1
2015-09,Virginia,Office Supplies,25-34,Medium (50-500),1,154.9,69.7,154.9,1
2015-09,Virginia,Office Supplies,35-44,Low (<50),1,32.4,15.55,32.4,1
2015-09,Virginia,Office Supplies,60+,Low (<50),1,31.12,14.63,31.12,1
2015-09,Virginia,Technology,25-34,Very High (1500+),1,1871.88,561.56,1871.88,1
2015-09,Washington,Furniture,45-59,Medium (50-500),1,191.82,74.81,191.82,1
2015-09,Washington,Furniture,60+,Medium (50-500),1,307.14,-11.52,307.14,1
2015-09,Washington,Office Supplies,25-34,Low (<50),1,25.03,7.82,25.03,1
2015-09,Washington,Office Supplies,25-34,Medium (50-500),1,199.74,47.94,199.74,1
2015-09,Washington,Office Supplies,45-59,Low (<50),3,57.01,17.98,19.0,2
2015-09,Washington,Office Supplies,45-59,Medium (50-500),1,99.2,25.79,99.2,1
2015-09,Washington,Office Supplies,60+,Low (<50),2,31.14,14.51,15.57,2
2015-09,Washington,Office Supplies,60+,Medium (50-500),1,353.88,17.69,353.88,1
2015-09,Washington,Technology,60+,Low (<50),1,21.98,8.57,21.98,1
2015-09,Washington,Technology,60+,Medium (50-500),1,159.98,57.59,159.98,1
2015-10,Arizona,Technology,35-44,Medium (50-500),2,174.3,-5.36,87.15,1
2015-10,California,Furniture,18-24,Medium (50-500),2,707.45,-105.47,353.72,2
2015-10,California,Furniture,35-44,Medium (50-500),1,362.14,-54.32,362.14,1
2015-10,California,Furniture,45-59,High (500-1500),1,842.35,42.12,842.35,1
2015-10,California,Furniture,45-59,Medium (50-500),5,1302.39,102.58,260.48,3
2015-10,California,Furniture,60+,Low (<50),1,16.02,6.09,16.02,1
2015-10,California,Furniture,60+,Medium (50-500),3,585.44,114.02,195.15,2
2015-10,California,Office Supplies,18-24,Medium (50-500),1,60.45,16.32,60.45,1
2015-10,California,Office Supplies,25-34,Low (<50),4,81.24,26.69,20.31,2
2015-10,California,Office Supplies,25-34,Medium (50-500),1,427.42,196.61,427.42,1
2015-10,California,Office Supplies,35-44,Low (<50),2,64.45,30.94,32.22,2
2015-10,California,Office Supplies,35-44,Medium (50-500),1,210.84,103.31,210.84,1
2015-10,California,Office Supplies,45-59,Low (<50),9,199.54,76.58,22.17,4
2015-10,California,Office Supplies,45-59,Medium (50-500),3,722.26,219.6,240.75,3
2015-10,California,Office Supplies,45-59,Very High (1500+),1,1640.7,459.4,1640.7,1
2015-10,California,Office Supplies,60+,Low (<50),2,20.04,9.36,10.02,2
2015-10,California,Office Supplies,60+,Medium (50-500),2,135.38,24.02,67.69,2
2015-10,California,Technology,45-59,High (500-1500),2,1799.8,196.18,899.9,2
2015-10,California,Technology,45-59,Medium (50-500),2,418.32,160.98,209.16,2
2015-10,California,Technology,60+,Medium (50-500),1,239.97,86.39,239.97,1
2015-10,Colorado,Furniture,25-34,High (500-1500),1,582.34,-29.12,582.34,1
2015-10,Colorado,Furniture,35-44,Low (<50),1,15.49,3.68,15.49,1
2015-10,Colorado,Office Supplies,18-24,Low (<50),1,10.94,0.96,10.94,1
2015-10,Colorado,Office Supplies,25-34,Medium (50-500),1,139.42,17.43,139.42,1
2015-10,Colorado,Technology,35-44,Medium (50-500),3,587.95,149.79,195.98,1
2015-10,Connecticut,Office Supplies,35-44,Low (<50),1,26.9,13.18,26.9,1
2015-10,Delaware,Furniture,60+,Medium (50-500),1,291.1,75.69,291.1,1
2015-10,Delaware,Office Supplies,45-59,Medium (50-500),1,77.55,21.71,77.55,1
2015-10,Delaware,Technology,60+,Medium (50-500),1,158.99,41.34,158.99,1
2015-10,Florida,Furniture,45-59,High (500-1500),1,957.58,-383.03,957.58,1
2015-10,Florida,Office Supplies,18-24,Low (<50),3,50.46,-2.43,16.82,1
2015-10,Florida,Office Supplies,25-34,Very High (1500+),1,1801.63,-337.81,1801.63,1
2015-10,Florida,Office Supplies,45-59,Low (<50),1,22.37,2.52,22.37,1
2015-10,Florida,Office Supplies,60+,Low (<50),2,20.64,3.27,10.32,2
2015-10,Florida,Technology,60+,Low (<50),1,11.82,1.03,11.82,1
2015-10,Florida,Technology,60+,Medium (50-500),1,55.94,-13.29,55.94,1
2015-10,Georgia,Furniture,45-59,Medium (50-500),1,392.94,43.22,392.94,1
2015-10,Illinois,Office Supplies,25-34,Low (<50),1,8.02,1.0,8.02,1
2015-10,Illinois,Office Supplies,35-44,Low (<50),1,5.18,-7.76,5.18,1
2015-10,Illinois,Office Supplies,60+,Low (<50),1,2.99,-4.49,2.99,1
2015-10,Illinois,Technology,45-59,Medium (50-500),1,339.96,67.99,339.96,1
2015-10,Illinois,Technology,60+,Medium (50-500),1,108.77,2.72,108.77,1
2015-10,Indiana,Office Supplies,25-34,Low (<50),1,12.56,5.65,12.56,1
2015-10,Indiana,Technology,25-34,Medium (50-500),2,399.68,106.56,199.84,1
2015-10,Kentucky,Furniture,25-34,Medium (50-500),1,287.94,77.74,287.94,1
2015-10,Kentucky,Furniture,35-44,Low (<50),2,57.21,22.07,28.6,1
2015-10,Kentucky,Office Supplies,35-44,Low (<50),2,47.3,14.8,23.65,1
2015-10,Kentucky,Technology,25-34,Medium (50-500),1,83.72,23.44,83.72,1
2015-10,Maryland,Office Supplies,60+,Low (<50),2,26.82,12.95,13.41,1
2015-10,Massachusetts,Office Supplies,45-59,Low (<50),1,22.45,10.33,22.45,1
2015-10,Massachusetts,Technology,45-59,Medium (50-500),1,311.98,93.59,311.98,1
2015-10,Michigan,Furniture,45-59,Low (<50),1,17.14,6.17,17.14,1
2015-10,Michigan,Furniture,45-59,Medium (50-500),1,389.97,35.1,389.97,1
2015-10,Michigan,Office Supplies,18-24,Low (<50),1,29.4,5.23,29.4,1
2015-10,Michigan,Office Supplies,18-24,Medium (50-500),1,57.96,27.24,57.96,1
2015-10,Michigan,Office Supplies,45-59,Low (<50),1,38.28,17.61,38.28,1
2015-10,Michigan,Office Supplies,45-59,Medium (50-500),2,340.03,75.02,170.02,2
2015-10,Michigan,Technology,18-24,High (500-1500),1,619.95,111.59,619.95,1
2015-10,Michigan,Technology,18-24,Low (<50),1,29.16,8.46,29.16,1
2015-10,Michigan,Technology,35-44,Medium (50-500),1,299.9,74.97,299.9,1
2015-10,Michigan,Technology,45-59,Medium (50-500),1,149.95,44.98,149.95,1
2015-10,Nevada,Office Supplies,60+,Medium (50-500),1,79.36,23.81,79.36,1
2015-10,New Hampshire,Office Supplies,45-59,Low (<50),1,34.44,17.22,34.44,1
2015-10,New Jersey,Office Supplies,45-59,Medium (50-500),2,145.97,68.53,72.98,1
2015-10,New Jersey,Technology,45-59,Medium (50-500),1,90.0,32.4,90.0,1
2015-10,New York,Furniture,45-59,High (500-1500),2,1525.49,159.37,762.74,1
2015-10,New York,Furniture,45-59,Medium (50-500),1,209.67,-13.98,209.67,1
2015-10,New York,Office Supplies,35-44,Low (<50),1,24.56,11.54,24.56,1
2015-10,New York,Office Supplies,45-59,Low (<50),1,19.9,6.57,19.9,1
2015-10,New York,Office Supplies,45-59,Medium (50-500),1,51.84,24.88,51.84,1
2015-10,New York,Office Supplies,60+,Low (<50),2,26.7,11.49,13.35,2
2015-10,New York,Office Supplies,60+,Medium (50-500),1,79.96,35.98,79.96,1
2015-10,New York,Technology,25-34,High (500-1500),1,1035.8,269.31,1035.8,1
2015-10,New York,Technology,25-34,Low (<50),1,31.95,2.24,31.95,1
2015-10,New York,Technology,35-44,High (500-1500),1,824.97,214.49,824.97,1
2015-10,New York,Technology,45-59,Medium (50-500),1,71.76,20.09,71.76,1
2015-10,New York,Technology,60+,High (500-1500),1,631.96,303.34,631.96,1
2015-10,North Carolina,Office Supplies,35-44,Low (<50),1,7.38,-5.41,7.38,1
2015-10,Ohio,Furniture,60+,Low (<50),1,35.49,-15.62,35.49,1
2015-10,Ohio,Office Supplies,60+,Low (<50),1,32.07,-22.45,32.07,1
2015-10,Ohio,Technology,60+,Low (<50),2,71.98,-2.1,35.99,1
2015-10,Ohio,Technology,60+,Medium (50-500),2,341.04,52.96,170.52,2
2015-10,Oregon,Furniture,35-44,Low (<50),1,11.03,3.03,11.03,1
2015-10,Oregon,Furniture,35-44,Medium (50-500),2,357.46,-118.42,178.73,1
2015-10,Oregon,Office Supplies,45-59,High (500-1500),1,718.64,-161.69,718.64,1
2015-10,Oregon,Office Supplies,45-59,Low (<50),1,14.3,-10.49,14.3,1
2015-10,Oregon,Office Supplies,45-59,Medium (50-500),3,482.33,115.83,160.78,1
2015-10,Oregon,Technology,35-44,Medium (50-500),1,53.04,-4.64,53.04,1
2015-10,Oregon,Technology,60+,High (500-1500),1,572.8,50.12,572.8,1
2015-10,Pennsylvania,Furniture,60+,Medium (50-500),1,64.94,6.49,64.94,1
2015-10,Pennsylvania,Office Supplies,60+,Low (<50),2,35.74,8.76,17.87,2
2015-10,Texas,Furniture,25-34,Medium (50-500),1,131.38,-95.25,131.38,1
2015-10,Texas,Furniture,35-44,Medium (50-500),1,347.36,-69.47,347.36,1
2015-10,Texas,Furniture,45-59,Medium (50-500),1,72.78,-70.96,72.78,1
2015-10,Texas,Furniture,60+,Very High (1500+),1,2453.43,-350.49,2453.43,1
2015-10,Texas,Office Supplies,25-34,Low (<50),1,5.34,1.87,5.34,1
2015-10,Texas,Office Supplies,35-44,Low (<50),3,29.51,2.79,9.84,2
2015-10,Texas,Office Supplies,35-44,Medium (50-500),1,73.16,-186.57,73.16,1
2015-10,Texas,Office Supplies,45-59,Low (<50),2,8.42,-5.26,4.21,1
2015-10,Texas,Office Supplies,60+,Low (<50),4,47.53,0.09,11.88,4
2015-10,Texas,Office Supplies,60+,Medium (50-500),1,60.74,20.5,60.74,1
2015-10,Texas,Technology,35-44,Low (<50),1,27.7,3.46,27.7,1
2015-10,Texas,Technology,60+,Medium (50-500),3,894.24,219.91,298.08,3
2015-10,Virginia,Office Supplies,18-24,Low (<50),2,75.04,22.45,37.52,1
2015-10,Virginia,Office Supplies,60+,Low (<50),1,30.84,8.33,30.84,1
2015-10,Virginia,Office Supplies,60+,Medium (50-500),1,182.91,53.04,182.91,1
2015-10,Washington,Furniture,25-34,Low (<50),1,10.11,3.24,10.11,1
2015-10,Washington,Office Supplies,25-34,Low (<50),1,17.94,8.79,17.94,1
2015-10,Washington,Office Supplies,35-44,Low (<50),1,3.59,1.12,3.59,1
2015-10,Washington,Office Supplies,60+,Medium (50-500),1,81.96,0.0,81.96,1
2015-10,Washington,Technology,25-34,Medium (50-500),1,249.58,15.6,249.58,1
2015-10,Washington,Technology,60+,Low (<50),1,17.9,3.4,17.9,1
2015-11,Arizona,Office Supplies,45-59,Low (<50),3,28.0,4.33,9.33,2
2015-11,Arizona,Office Supplies,45-59,Medium (50-500),1,325.63,28.49,325.63,1
2015-11,Arizona,Technology,45-59,Low (<50),1,23.34,-1.46,23.34,1
2015-11,Arkansas,Furniture,60+,Medium (50-500),1,301.96,45.29,301.96,1
2015-11,Arkansas,Office Supplies,18-24,Low (<50),1,6.24,3.06,6.24,1
2015-11,California,Furniture,18-24,High (500-1500),1,1038.84,51.94,1038.84,1
2015-11,California,Furniture,18-24,Low (<50),1,42.6,16.61,42.6,1
2015-11,California,Furniture,25-34,Medium (50-500),1,283.92,17.74,283.92,1
2015-11,California,Furniture,35-44,High (500-1500),2,1195.83,-70.34,597.92,2
2015-11,California,Furniture,35-44,Medium (50-500),3,367.44,68.19,122.48,3
2015-11,California,Furniture,45-59,High (500-1500),1,572.16,35.76,572.16,1
2015-11,California,Furniture,45-59,Low (<50),1,36.6,15.37,36.6,1
2015-11,California,Furniture,45-59,Medium (50-500),2,306.53,31.97,153.26,1
2015-11,California,Furniture,60+,Low (<50),1,32.04,8.01,32.04,1
2015-11,California,Office Supplies,18-24,Low (<50),3,69.18,26.49,23.06,3
2015-11,California,Office Supplies,25-34,Medium (50-500),1,62.8,15.7,62.8,1
2015-11,California,Office Supplies,35-44,Low (<50),6,111.77,42.16,18.63,5
2015-11,California,Office Supplies,35-44,Medium (50-500),4,746.95,344.35,186.74,4
2015-11,California,Office Supplies,45-59,High (500-1500),1,777.21,54.4,777.21,1
2015-11,California,Office Supplies,45-59,Low (<50),7,169.25,72.9,24.18,5
2015-11,California,Office Supplies,45-59,Medium (50-500),3,444.72,63.29,148.24,2
2015-11,California,Office Supplies,60+,Low (<50),3,46.8,17.88,15.6,2
2015-11,California,Office Supplies,60+,Medium (50-500),3,602.55,100.05,200.85,2
2015-11,California,Technology,18-24,High (500-1500),1,1212.85,106.12,1212.85,1
2015-11,California,Technology,18-24,Medium (50-500),3,541.84,139.9,180.61,3
2015-11,California,Technology,35-44,Low (<50),1,13.98,6.15,13.98,1
2015-11,California,Technology,35-44,Medium (50-500),2,227.87,65.84,113.94,2
2015-11,California,Technology,45-59,Medium (50-500),2,488.71,36.54,244.36,2
2015-11,Colorado,Furniture,45-59,Medium (50-500),1,102.36,-3.84,102.36,1
2015-11,Colorado,Furniture,60+,Medium (50-500),1,145.76,-247.8,145.76,1
2015-11,Colorado,Office Supplies,45-59,Low (<50),1,36.88,-25.82,36.88,1
2015-11,Colorado,Office Supplies,60+,Low (<50),2,14.51,-10.8,7.25,1
2015-11,Colorado,Technology,45-59,Medium (50-500),1,238.9,-26.88,238.9,1
2015-11,Delaware,Furniture,25-34,Medium (50-500),1,76.14,26.65,76.14,1
2015-11,Delaware,Furniture,60+,Medium (50-500),1,299.97,56.99,299.97,1
2015-11,Delaware,Office Supplies,25-34,Low (<50),1,19.96,9.38,19.96,1
2015-11,Delaware,Office Supplies,35-44,Low (<50),6,146.14,56.77,24.36,2
2015-11,Delaware,Office Supplies,60+,Low (<50),1,42.28,19.87,42.28,1
2015-11,Delaware,Technology,35-44,Medium (50-500),3,496.92,120.17,165.64,2
2015-11,Delaware,Technology,60+,Medium (50-500),2,467.95,137.68,233.98,1
2015-11,Florida,Furniture,25-34,Medium (50-500),1,375.46,-157.01,375.46,1
2015-11,Florida,Furniture,35-44,Medium (50-500),1,290.35,-36.29,290.35,1
2015-11,Florida,Furniture,45-59,High (500-1500),1,523.92,-72.04,523.92,1
2015-11,Florida,Furniture,45-59,Medium (50-500),1,146.14,16.44,146.14,1
2015-11,Florida,Office Supplies,25-34,High (500-1500),1,1345.48,-1031.54,1345.48,1
2015-11,Florida,Office Supplies,25-34,Low (<50),1,16.15,-12.92,16.15,1
2015-11,Florida,Office Supplies,35-44,Low (<50),2,24.67,-4.48,12.34,1
2015-11,Florida,Office Supplies,35-44,Medium (50-500),2,450.02,-26.11,225.01,2
2015-11,Florida,Office Supplies,45-59,Low (<50),3,21.66,-6.42,7.22,1
2015-11,Florida,Office Supplies,45-59,Medium (50-500),1,121.1,-100.92,121.1,1
2015-11,Florida,Technology,25-34,Low (<50),1,32.98,-1.98,32.98,1
2015-11,Florida,Technology,25-34,Medium (50-500),1,83.98,-1.05,83.98,1
2015-11,Florida,Technology,45-59,Medium (50-500),2,212.75,8.68,106.38,2
2015-11,Idaho,Furniture,60+,High (500-1500),1,696.42,160.18,696.42,1
2015-11,Idaho,Technology,60+,Medium (50-500),1,304.78,22.86,304.78,1
2015-11,Illinois,Furniture,18-24,Low (<50),1,34.5,-15.53,34.5,1
2015-11,Illinois,Furniture,35-44,Low (<50),1,17.5,-7.44,17.5,1
2015-11,Illinois,Furniture,45-59,Low (<50),1,12.13,-8.49,12.13,1
2015-11,Illinois,Furniture,45-59,Medium (50-500),1,151.96,-182.35,151.96,1
2015-11,Illinois,Office Supplies,18-24,Low (<50),1,21.49,1.61,21.49,1
2015-11,Illinois,Office Supplies,45-59,Low (<50),2,60.74,9.51,30.37,2
2015-11,Illinois,Office Supplies,45-59,Medium (50-500),2,136.29,-15.52,68.14,1
2015-11,Illinois,Office Supplies,60+,Low (<50),2,20.08,-18.79,10.04,1
2015-11,Illinois,Office Supplies,60+,Medium (50-500),1,250.27,15.64,250.27,1
2015-11,Illinois,Technology,18-24,Medium (50-500),1,239.98,27.0,239.98,1
2015-11,Illinois,Technology,45-59,High (500-1500),1,647.9,56.69,647.9,1
2015-11,Indiana,Office Supplies,25-34,High (500-1500),1,714.3,207.15,714.3,1
2015-11,Indiana,Office Supplies,35-44,Medium (50-500),2,159.85,74.81,79.92,1
2015-11,Indiana,Office Supplies,45-59,Low (<50),2,30.67,10.05,15.34,1
2015-11,Indiana,Office Supplies,60+,Low (<50),1,10.74,5.16,10.74,1
2015-11,Indiana,Technology,35-44,Medium (50-500),1,50.97,13.25,50.97,1
2015-11,Indiana,Technology,45-59,Medium (50-500),2,477.44,187.94,238.72,1
2015-11,Iowa,Technology,35-44,Medium (50-500),1,263.96,76.55,263.96,1
2015-11,Kentucky,Office Supplies,45-59,Low (<50),1,17.48,8.22,17.48,1
2015-11,Kentucky,Office Supplies,45-59,Medium (50-500),1,71.88,32.35,71.88,1
2015-11,Massachusetts,Furniture,45-59,Low (<50),1,38.97,4.68,38.97,1
2015-11,Massachusetts,Furniture,45-59,Medium (50-500),2,617.05,32.49,308.52,1
2015-11,Massachusetts,Office Supplies,35-44,Low (<50),1,11.65,3.38,11.65,1
2015-11,Massachusetts,Office Supplies,45-59,Low (<50),3,65.76,31.31,21.92,2
2015-11,Massachusetts,Office Supplies,45-59,Medium (50-500),4,380.78,153.57,95.2,2
2015-11,Massachusetts,Office Supplies,60+,Low (<50),2,32.06,11.99,16.03,2
2015-11,Massachusetts,Office Supplies,60+,Medium (50-500),1,59.94,28.17,59.94,1
2015-11,Massachusetts,Technology,45-59,Medium (50-500),1,259.98,88.39,259.98,1
2015-11,Michigan,Furniture,45-59,Medium (50-500),1,301.96,87.57,301.96,1
2015-11,Michigan,Furniture,60+,High (500-1500),1,1106.91,121.76,1106.91,1
2015-11,Michigan,Office Supplies,35-44,Medium (50-500),2,542.18,163.92,271.09,1
2015-11,Michigan,Office Supplies,45-59,High (500-1500),2,1078.69,309.77,539.34,1
2015-11,Michigan,Office Supplies,45-59,Medium (50-500),1,161.82,46.93,161.82,1
2015-11,Michigan,Office Supplies,60+,Low (<50),1,19.92,9.36,19.92,1
2015-11,Minnesota,Furniture,45-59,Low (<50),1,29.22,12.86,29.22,1
2015-11,Minnesota,Office Supplies,45-59,High (500-1500),2,1511.15,322.1,755.58,1
2015-11,Minnesota,Office Supplies,45-59,Medium (50-500),1,74.76,34.39,74.76,1
2015-11,Minnesota,Technology,45-59,High (500-1500),1,549.99,275.0,549.99,1
2015-11,Missouri,Furniture,25-34,High (500-1500),1,1024.38,215.12,1024.38,1
2015-11,Missouri,Office Supplies,25-34,Low (<50),3,60.78,28.74,20.26,1
2015-11,Missouri,Technology,60+,High (500-1500),1,599.99,234.0,599.99,1
2015-11,Montana,Furniture,18-24,Medium (50-500),1,63.98,21.75,63.98,1
2015-11,Montana,Technology,18-24,Medium (50-500),1,339.96,42.5,339.96,1
2015-11,Nevada,Furniture,18-24,Medium (50-500),1,80.96,29.15,80.96,1
2015-11,Nevada,Furniture,35-44,Medium (50-500),1,141.96,41.17,141.96,1
2015-11,Nevada,Office Supplies,18-24,Low (<50),2,57.0,20.83,28.5,2
2015-11,Nevada,Office Supplies,35-44,Medium (50-500),1,66.05,23.12,66.05,1
2015-11,New Jersey,Office Supplies,45-59,Low (<50),1,17.94,4.49,17.94,1
2015-11,New Jersey,Office Supplies,45-59,Very High (1500+),1,2625.12,735.03,2625.12,1
2015-11,New Mexico,Furniture,35-44,High (500-1500),1,883.84,99.43,883.84,1
2015-11,New Mexico,Furniture,35-44,Medium (50-500),1,230.35,20.16,230.35,1
2015-11,New Mexico,Office Supplies,25-34,Low (<50),1,8.28,3.48,8.28,1
2015-11,New York,Furniture,18-24,Medium (50-500),2,254.21,37.25,127.1,2
2015-11,New York,Furniture,35-44,High (500-1500),1,1448.82,209.27,1448.82,1
2015-11,New York,Furniture,35-44,Medium (50-500),3,792.43,141.99,264.14,3
2015-11,New York,Furniture,45-59,High (500-1500),1,577.76,115.55,577.76,1
2015-11,New York,Furniture,45-59,Low (<50),1,11.82,4.73,11.82,1
2015-11,New York,Furniture,45-59,Medium (50-500),1,322.59,64.52,322.59,1
2015-11,New York,Furniture,45-59,Very High (1500+),1,2621.32,553.39,2621.32,1
2015-11,New York,Furniture,60+,High (500-1500),1,681.41,42.59,681.41,1
2015-11,New York,Furniture,60+,Medium (50-500),1,109.76,8.54,109.76,1
2015-11,New York,Office Supplies,18-24,Low (<50),2,17.5,5.58,8.75,2
2015-11,New York,Office Supplies,18-24,Medium (50-500),2,122.69,45.57,61.34,2
2015-11,New York,Office Supplies,25-34,Low (<50),1,12.24,5.75,12.24,1
2015-11,New York,Office Supplies,25-34,Medium (50-500),1,244.55,4.89,244.55,1
2015-11,New York,Office Supplies,35-44,Low (<50),4,105.65,44.25,26.41,4
2015-11,New York,Office Supplies,45-59,High (500-1500),1,523.25,141.28,523.25,1
2015-11,New York,Office Supplies,45-59,Low (<50),2,52.88,19.87,26.44,2
2015-11,New York,Office Supplies,45-59,Medium (50-500),4,309.41,90.72,77.35,3
2015-11,New York,Office Supplies,60+,Low (<50),4,76.81,30.29,19.2,4
2015-11,New York,Technology,18-24,High (500-1500),1,861.76,249.91,861.76,1
2015-11,New York,Technology,25-34,High (500-1500),1,899.95,54.0,899.95,1
2015-11,New York,Technology,25-34,Low (<50),1,13.98,6.01,13.98,1
2015-11,New York,Technology,35-44,High (500-1500),2,1903.89,727.96,951.94,1
2015-11,New York,Technology,35-44,Low (<50),3,85.5,4.88,28.5,3
2015-11,New York,Technology,35-44,Medium (50-500),1,59.9,23.96,59.9,1
2015-11,New York,Technology,45-59,High (500-1500),1,549.98,142.99,549.98,1
2015-11,New York,Technology,45-59,Very High (1500+),1,4643.8,2229.02,4643.8,1
2015-11,New York,Technology,60+,Very High (1500+),1,2321.9,1114.51,2321.9,1
2015-11,North Carolina,Furniture,18-24,Medium (50-500),1,335.74,25.18,335.74,1
2015-11,North Carolina,Furniture,35-44,Low (<50),1,18.18,4.77,18.18,1
2015-11,North Carolina,Furniture,45-59,Medium (50-500),1,207.0,25.88,207.0,1
2015-11,North Carolina,Furniture,60+,Low (<50),2,21.8,2.48,10.9,2
2015-11,North Carolina,Office Supplies,18-24,Low (<50),1,6.05,-4.23,6.05,1
2015-11,North Carolina,Office Supplies,18-24,Medium (50-500),1,98.35,9.84,98.35,1
2015-11,North Carolina,Office Supplies,35-44,Medium (50-500),1,115.3,40.35,115.3,1
2015-11,North Carolina,Office Supplies,45-59,Low (<50),1,13.12,1.48,13.12,1
2015-11,North Carolina,Office Supplies,60+,Low (<50),3,76.42,-15.79,25.47,1
2015-11,North Carolina,Technology,35-44,Medium (50-500),1,177.48,19.97,177.48,1
2015-11,Ohio,Furniture,25-34,Medium (50-500),1,63.82,9.57,63.82,1
2015-11,Ohio,Furniture,60+,Medium (50-500),2,467.92,-1.56,233.96,2
2015-11,Ohio,Office Supplies,25-34,Medium (50-500),1,141.55,-26.54,141.55,1
2015-11,Ohio,Office Supplies,35-44,Low (<50),2,34.42,-3.49,17.21,1
2015-11,Ohio,Office Supplies,60+,Low (<50),2,18.89,-3.21,9.44,2
2015-11,Ohio,Office Supplies,60+,Medium (50-500),1,166.92,-116.84,166.92,1
2015-11,Oklahoma,Furniture,45-59,High (500-1500),1,1323.9,383.93,1323.9,1
2015-11,Oklahoma,Office Supplies,45-59,High (500-1500),1,541.24,5.41,541.24,1
2015-11,Oklahoma,Office Supplies,45-59,Medium (50-500),1,106.32,49.97,106.32,1
2015-11,Oregon,Office Supplies,45-59,Low (<50),2,16.6,4.06,8.3,2
2015-11,Oregon,Technology,45-59,Medium (50-500),2,251.14,34.55,125.57,1
2015-11,Pennsylvania,Furniture,35-44,High (500-1500),1,1252.7,-480.2,1252.7,1
2015-11,Pennsylvania,Furniture,45-59,Medium (50-500),1,344.37,-93.47,344.37,1
2015-11,Pennsylvania,Office Supplies,35-44,High (500-1500),1,577.58,43.32,577.58,1
2015-11,Pennsylvania,Office Supplies,35-44,Low (<50),2,34.98,5.55,17.49,2
2015-11,Pennsylvania,Office Supplies,35-44,Medium (50-500),1,152.99,-122.39,152.99,1
2015-11,Pennsylvania,Office Supplies,45-59,Low (<50),2,14.78,-10.0,7.39,2
2015-11,Pennsylvania,Office Supplies,60+,Low (<50),1,11.35,4.12,11.35,1
2015-11,Pennsylvania,Technology,18-24,Low (<50),1,47.98,-1.2,47.98,1
2015-11,Pennsylvania,Technology,35-44,Medium (50-500),2,205.89,-8.22,102.94,2
2015-11,Pennsylvania,Technology,45-59,Low (<50),1,35.36,-3.09,35.36,1
2015-11,Pennsylvania,Technology,60+,High (500-1500),1,748.75,-162.23,748.75,1
2015-11,Tennessee,Furniture,25-34,High (500-1500),1,692.47,190.43,692.47,1
2015-11,Tennessee,Office Supplies,18-24,Low (<50),1,2.95,-2.06,2.95,1
2015-11,Tennessee,Office Supplies,18-24,Medium (50-500),2,140.06,24.97,70.03,2
2015-11,Texas,Furniture,45-59,Medium (50-500),1,206.96,-32.52,206.96,1
2015-11,Texas,Furniture,60+,High (500-1500),1,614.0,-18.06,614.0,1
2015-11,Texas,Furniture,60+,Medium (50-500),2,311.09,-160.46,155.55,2
2015-11,Texas,Office Supplies,25-34,Low (<50),6,53.97,-105.7,8.99,3
2015-11,Texas,Office Supplies,35-44,Low (<50),1,8.78,-13.62,8.78,1
2015-11,Texas,Office Supplies,35-44,Medium (50-500),2,412.16,144.26,206.08,2
2015-11,Texas,Office Supplies,45-59,Low (<50),2,9.15,-1.67,4.58,2
2015-11,Texas,Office Supplies,45-59,Medium (50-500),1,68.81,-123.86,68.81,1
2015-11,Texas,Office Supplies,60+,Low (<50),7,163.29,-121.67,23.33,5
2015-11,Texas,Office Supplies,60+,Medium (50-500),5,886.62,127.0,177.32,3
2015-11,Texas,Technology,35-44,Low (<50),1,21.48,-0.27,21.48,1
2015-11,Texas,Technology,45-59,Low (<50),1,27.17,-1.36,27.17,1
2015-11,Texas,Technology,60+,Medium (50-500),4,1552.59,293.36,388.15,4
2015-11,Utah,Furniture,60+,Medium (50-500),1,66.69,22.01,66.69,1
2015-11,Utah,Office Supplies,60+,Low (<50),1,5.04,0.2,5.04,1
2015-11,Utah,Office Supplies,60+,Medium (50-500),2,184.62,70.47,92.31,1
2015-11,Vermont,Furniture,35-44,Very High (1500+),1,4404.9,1013.13,4404.9,1
2015-11,Vermont,Furniture,60+,High (500-1500),1,715.2,178.8,715.2,1
2015-11,Virginia,Furniture,45-59,Medium (50-500),1,186.54,41.04,186.54,1
2015-11,Virginia,Furniture,60+,Low (<50),1,39.96,14.39,39.96,1
2015-11,Virginia,Office Supplies,35-44,High (500-1500),1,826.11,322.18,826.11,1
2015-11,Virginia,Office Supplies,35-44,Low (<50),1,33.96,16.98,33.96,1
2015-11,Virginia,Office Supplies,45-59,Low (<50),2,72.33,25.64,36.16,1
2015-11,Virginia,Office Supplies,45-59,Medium (50-500),1,265.86,79.76,265.86,1
2015-11,Virginia,Office Supplies,60+,Medium (50-500),1,197.72,55.36,197.72,1
2015-11,Virginia,Technology,45-59,Medium (50-500),1,226.2,58.81,226.2,1
2015-11,Washington,Furniture,25-34,Low (<50),1,22.14,6.42,22.14,1
2015-11,Washington,Furniture,25-34,Medium (50-500),1,141.96,22.71,141.96,1
2015-11,Washington,Office Supplies,25-34,Medium (50-500),1,119.04,30.95,119.04,1
2015-11,Washington,Office Supplies,60+,Medium (50-500),1,98.35,35.65,98.35,1
2015-11,Washington,Technology,25-34,Low (<50),1,13.98,6.01,13.98,1
2015-11,Washington,Technology,25-34,Medium (50-500),1,447.93,49.27,447.93,1
2015-11,Wisconsin,Furniture,60+,High (500-1500),1,653.55,111.1,653.55,1
2015-11,Wisconsin,Furniture,60+,Medium (50-500),2,399.69,112.49,199.85,1
2015-11,Wisconsin,Office Supplies,60+,Medium (50-500),1,179.82,84.52,179.82,1
2015-11,Wisconsin,Technology,60+,High (500-1500),1,999.96,229.99,999.96,1
2015-12,Arizona,Furniture,18-24,Low (<50),1,7.71,1.74,7.71,1
2015-12,Arizona,Furniture,25-34,High (500-1500),1,883.84,99.43,883.84,1
2015-12,Arizona,Furniture,35-44,Low (<50),1,14.37,3.95,14.37,1
2015-12,Arizona,Furniture,45-59,Medium (50-500),1,206.11,48.95,206.11,1
2015-12,Arizona,Office Supplies,18-24,Medium (50-500),1,106.23,37.18,106.23,1
2015-12,Arizona,Office Supplies,35-44,Low (<50),1,7.92,2.77,7.92,1
2015-12,Arizona,Office Supplies,45-59,Low (<50),1,19.92,6.72,19.92,1
2015-12,Arizona,Office Supplies,45-59,Medium (50-500),3,531.68,12.98,177.23,1
2015-12,Arizona,Technology,18-24,Medium (50-500),1,111.98,11.2,111.98,1
2015-12,Arkansas,Office Supplies,60+,Medium (50-500),1,105.42,51.66,105.42,1
2015-12,California,Furniture,25-34,Low (<50),1,44.46,14.67,44.46,1
2015-12,California,Furniture,35-44,Low (<50),1,36.4,13.83,36.4,1
2015-12,California,Furniture,35-44,Medium (50-500),4,1148.49,37.19,287.12,4
2015-12,California,Furniture,45-59,Low (<50),1,25.08,9.03,25.08,1
2015-12,California,Furniture,45-59,Very High (1500+),1,2676.67,267.67,2676.67,1
2015-12,California,Furniture,60+,Low (<50),2,44.46,18.04,22.23,2
2015-12,California,Furniture,60+,Medium (50-500),1,79.92,28.77,79.92,1
2015-12,California,Office Supplies,18-24,Low (<50),1,12.96,6.22,12.96,1
2015-12,California,Office Supplies,18-24,Medium (50-500),2,190.78,50.73,95.39,2
2015-12,California,Office Supplies,25-34,Low (<50),5,92.85,42.5,18.57,3
2015-12,California,Office Supplies,25-34,Medium (50-500),1,106.96,31.02,106.96,1
2015-12,California,Office Supplies,35-44,Low (<50),6,111.2,41.39,18.53,4
2015-12,California,Office Supplies,35-44,Medium (50-500),4,1010.18,297.96,252.55,4
2015-12,California,Office Supplies,45-59,Low (<50),7,89.86,26.61,12.84,7
2015-12,California,Office Supplies,60+,Low (<50),8,165.47,74.64,20.68,6
2015-12,California,Office Supplies,60+,Medium (50-500),8,1165.35,329.31,145.67,5
2015-12,California,Technology,18-24,Medium (50-500),1,50.0,10.5,50.0,1
2015-12,California,Technology,25-34,High (500-1500),2,1941.81,641.47,970.9,1
2015-12,California,Technology,25-34,Low (<50),1,7.92,3.48,7.92,1
2015-12,California,Technology,35-44,High (500-1500),1,668.16,75.17,668.16,1
2015-12,California,Technology,35-44,Low (<50),1,36.24,15.22,36.24,1
2015-12,California,Technology,35-44,Medium (50-500),3,853.58,85.09,284.53,2
2015-12,California,Technology,45-59,Low (<50),1,39.0,17.55,39.0,1
2015-12,California,Technology,45-59,Medium (50-500),1,299.94,128.97,299.94,1
2015-12,California,Technology,60+,High (500-1500),1,1199.96,224.99,1199.96,1
2015-12,California,Technology,60+,Medium (50-500),4,879.05,112.28,219.76,4
2015-12,California,Technology,60+,Very High (1500+),1,2548.56,286.71,2548.56,1
2015-12,Colorado,Furniture,25-34,High (500-1500),1,590.06,-786.74,590.06,1
2015-12,Colorado,Furniture,45-59,Medium (50-500),4,541.86,-365.9,135.47,1
2015-12,Colorado,Office Supplies,25-34,Low (<50),2,20.89,2.18,10.44,2
2015-12,Colorado,Office Supplies,25-34,Medium (50-500),1,60.98,4.57,60.98,1
2015-12,Colorado,Office Supplies,45-59,Low (<50),3,45.04,11.32,15.01,1
2015-12,Colorado,Office Supplies,45-59,Medium (50-500),1,85.06,28.71,85.06,1
2015-12,Colorado,Office Supplies,60+,Low (<50),1,15.7,5.1,15.7,1
2015-12,Colorado,Technology,45-59,Medium (50-500),1,58.08,-6.53,58.08,1
2015-12,Florida,Office Supplies,18-24,Low (<50),1,27.31,9.22,27.31,1
2015-12,Florida,Office Supplies,45-59,Low (<50),3,32.75,-11.06,10.92,3
2015-12,Florida,Technology,18-24,Medium (50-500),1,50.88,14.63,50.88,1
2015-12,Georgia,Furniture,18-24,Medium (50-500),1,275.88,46.9,275.88,1
2015-12,Georgia,Office Supplies,18-24,Medium (50-500),1,157.9,74.21,157.9,1
2015-12,Georgia,Office Supplies,25-34,Low (<50),1,3.76,1.8,3.76,1
2015-12,Georgia,Office Supplies,45-59,Low (<50),2,27.7,12.94,13.85,1
2015-12,Georgia,Technology,45-59,Medium (50-500),1,101.94,21.41,101.94,1
2015-12,Illinois,Furniture,18-24,Medium (50-500),1,359.06,-71.81,359.06,1
2015-12,Illinois,Furniture,45-59,Low (<50),1,41.55,-19.74,41.55,1
2015-12,Illinois,Furniture,45-59,Medium (50-500),1,51.76,-33.64,51.76,1
2015-12,Illinois,Office Supplies,35-44,Low (<50),1,12.67,-3.17,12.67,1
2015-12,Illinois,Office Supplies,45-59,Low (<50),1,13.12,1.48,13.12,1
2015-12,Illinois,Office Supplies,45-59,Medium (50-500),2,239.92,-1.52,119.96,2
2015-12,Illinois,Office Supplies,60+,Low (<50),2,37.04,5.98,18.52,2
2015-12,Illinois,Office Supplies,60+,Medium (50-500),1,53.09,-108.83,53.09,1
2015-12,Illinois,Technology,18-24,Medium (50-500),2,415.95,63.19,207.98,1
2015-12,Illinois,Technology,45-59,High (500-1500),2,1237.97,272.72,618.98,1
2015-12,Illinois,Technology,60+,Low (<50),1,25.49,4.78,25.49,1
2015-12,Illinois,Technology,60+,Medium (50-500),1,158.38,13.86,158.38,1
2015-12,Indiana,Office Supplies,60+,Low (<50),1,34.02,16.67,34.02,1
2015-12,Indiana,Technology,35-44,High (500-1500),1,999.98,449.99,999.98,1
2015-12,Kentucky,Furniture,25-34,Medium (50-500),1,283.92,70.98,283.92,1
2015-12,Kentucky,Office Supplies,25-34,Medium (50-500),1,152.94,41.29,152.94,1
2015-12,Kentucky,Office Supplies,45-59,Medium (50-500),4,596.48,278.38,149.12,1
2015-12,Maryland,Furniture,25-34,High (500-1500),1,542.94,141.16,542.94,1
2015-12,Maryland,Office Supplies,25-34,Low (<50),3,98.51,42.56,32.84,1
2015-12,Maryland,Office Supplies,45-59,Low (<50),1,28.9,14.16,28.9,1
2015-12,Maryland,Office Supplies,45-59,Medium (50-500),1,355.96,103.23,355.96,1
2015-12,Maryland,Office Supplies,60+,Low (<50),1,8.22,2.22,8.22,1
2015-12,Maryland,Technology,25-34,Medium (50-500),1,134.99,36.45,134.99,1
2015-12,Massachusetts,Office Supplies,18-24,Low (<50),1,22.2,10.43,22.2,1
2015-12,Massachusetts,Office Supplies,60+,Low (<50),2,57.32,28.27,28.66,1
2015-12,Michigan,Furniture,45-59,High (500-1500),1,801.96,200.49,801.96,1
2015-12,Michigan,Furniture,45-59,Medium (50-500),2,352.94,53.56,176.47,2
2015-12,Michigan,Furniture,60+,High (500-1500),1,546.66,136.66,546.66,1
2015-12,Michigan,Furniture,60+,Medium (50-500),3,657.43,101.76,219.14,1
2015-12,Michigan,Office Supplies,25-34,Low (<50),1,23.0,10.35,23.0,1
2015-12,Michigan,Office Supplies,25-34,Medium (50-500),1,152.8,76.4,152.8,1
2015-12,Michigan,Office Supplies,45-59,Low (<50),7,68.75,31.23,9.82,3
2015-12,Michigan,Office Supplies,45-59,Medium (50-500),1,116.4,52.38,116.4,1
2015-12,Michigan,Office Supplies,60+,Low (<50),1,29.52,14.46,29.52,1
2015-12,Michigan,Technology,25-34,Medium (50-500),2,301.22,92.83,150.61,1
2015-12,Michigan,Technology,45-59,Medium (50-500),1,73.98,19.97,73.98,1
2015-12,Mississippi,Furniture,45-59,Low (<50),1,6.16,1.97,6.16,1
2015-12,Mississippi,Office Supplies,45-59,Medium (50-500),1,56.3,15.76,56.3,1
2015-12,Missouri,Furniture,35-44,Low (<50),1,9.68,3.78,9.68,1
2015-12,Missouri,Office Supplies,60+,Medium (50-500),1,85.96,40.4,85.96,1
2015-12,Missouri,Technology,35-44,Very High (1500+),1,4899.93,2302.97,4899.93,1
2015-12,Montana,Office Supplies,18-24,Medium (50-500),1,487.98,152.5,487.98,1
2015-12,Nebraska,Office Supplies,35-44,Low (<50),2,12.08,3.51,6.04,1
2015-12,Nebraska,Office Supplies,35-44,Medium (50-500),1,116.28,56.98,116.28,1
2015-12,Nevada,Office Supplies,35-44,Low (<50),1,32.4,15.88,32.4,1
2015-12,Nevada,Office Supplies,35-44,Medium (50-500),1,97.88,48.94,97.88,1
2015-12,Nevada,Office Supplies,60+,High (500-1500),1,1325.85,238.65,1325.85,1
2015-12,Nevada,Office Supplies,60+,Low (<50),2,21.42,9.98,10.71,1
2015-12,New Hampshire,Furniture,18-24,High (500-1500),1,1053.16,-105.32,1053.16,1
2015-12,New Hampshire,Office Supplies,18-24,Low (<50),1,29.9,14.65,29.9,1
2015-12,New Hampshire,Office Supplies,45-59,Medium (50-500),1,184.66,84.94,184.66,1
2015-12,New Hampshire,Technology,18-24,Very High (1500+),1,2249.91,517.48,2249.91,1
2015-12,New York,Furniture,18-24,Medium (50-500),2,498.09,72.03,249.05,2
2015-12,New York,Furniture,45-59,Low (<50),1,28.44,11.38,28.44,1
2015-12,New York,Furniture,45-59,Medium (50-500),2,726.17,76.43,363.09,1
2015-12,New York,Furniture,60+,Medium (50-500),2,614.21,69.0,307.11,2
2015-12,New York,Office Supplies,18-24,Low (<50),5,94.33,41.96,18.87,3
2015-12,New York,Office Supplies,25-34,Low (<50),1,6.36,0.06,6.36,1
2015-12,New York,Office Supplies,35-44,Low (<50),2,34.52,16.57,17.26,1
2015-12,New York,Office Supplies,35-44,Medium (50-500),1,132.79,63.74,132.79,1
2015-12,New York,Office Supplies,45-59,Low (<50),3,59.34,25.78,19.78,2
2015-12,New York,Office Supplies,45-59,Medium (50-500),3,452.78,211.51,150.93,3
2015-12,New York,Office Supplies,60+,High (500-1500),1,590.35,206.62,590.35,1
2015-12,New York,Office Supplies,60+,Low (<50),2,25.96,12.52,12.98,2
2015-12,New York,Office Supplies,60+,Medium (50-500),2,647.36,202.92,323.68,2
2015-12,New York,Technology,18-24,High (500-1500),1,773.94,224.44,773.94,1
2015-12,New York,Technology,18-24,Very High (1500+),2,3419.66,637.12,1709.83,2
2015-12,New York,Technology,45-59,High (500-1500),1,799.98,250.0,799.98,1
2015-12,New York,Technology,45-59,Low (<50),1,39.96,10.39,39.96,1
2015-12,New York,Technology,45-59,Medium (50-500),1,166.24,24.94,166.24,1
2015-12,New York,Technology,60+,High (500-1500),1,843.9,371.32,843.9,1
2015-12,North Carolina,Furniture,35-44,Medium (50-500),1,77.95,12.67,77.95,1
2015-12,North Carolina,Office Supplies,35-44,Low (<50),1,9.34,1.17,9.34,1
2015-12,North Carolina,Office Supplies,35-44,Medium (50-500),1,95.97,-73.58,95.97,1
2015-12,North Carolina,Technology,25-34,Low (<50),1,47.98,4.8,47.98,1
2015-12,North Carolina,Technology,35-44,Medium (50-500),1,105.58,9.24,105.58,1
2015-12,North Carolina,Technology,45-59,Medium (50-500),1,246.17,21.54,246.17,1
2015-12,Ohio,Furniture,35-44,Medium (50-500),1,70.69,-24.24,70.69,1
2015-12,Ohio,Furniture,35-44,Very High (1500+),1,1548.99,-464.7,1548.99,1
2015-12,Ohio,Furniture,45-59,Medium (50-500),1,51.59,-15.48,51.59,1
2015-12,Ohio,Furniture,60+,Medium (50-500),2,335.57,88.09,167.78,2
2015-12,Ohio,Office Supplies,18-24,Low (<50),1,3.01,0.34,3.01,1
2015-12,Ohio,Office Supplies,35-44,Low (<50),2,57.25,11.38,28.62,2
2015-12,Ohio,Office Supplies,45-59,Low (<50),1,10.33,-7.58,10.33,1
2015-12,Ohio,Office Supplies,60+,High (500-1500),1,646.78,-145.52,646.78,1
2015-12,Ohio,Office Supplies,60+,Low (<50),6,110.8,-4.21,18.47,3
2015-12,Ohio,Technology,35-44,Medium (50-500),1,485.94,-89.09,485.94,1
2015-12,Ohio,Technology,45-59,Low (<50),1,25.49,4.46,25.49,1
2015-12,Ohio,Technology,60+,Medium (50-500),2,581.98,-400.99,290.99,2
2015-12,Ohio,Technology,60+,Very High (1500+),2,3825.35,-2032.38,1912.68,1
2015-12,Oregon,Technology,60+,Medium (50-500),1,319.97,36.0,319.97,1
2015-12,Pennsylvania,Furniture,25-34,Medium (50-500),1,422.62,0.0,422.62,1
2015-12,Pennsylvania,Furniture,35-44,High (500-1500),1,547.14,-68.39,547.14,1
2015-12,Pennsylvania,Furniture,60+,Low (<50),1,2.96,0.78,2.96,1
2015-12,Pennsylvania,Office Supplies,18-24,Low (<50),1,16.45,5.55,16.45,1
2015-12,Pennsylvania,Office Supplies,25-34,Low (<50),2,40.48,4.18,20.24,2
2015-12,Pennsylvania,Office Supplies,45-59,Low (<50),1,3.55,0.44,3.55,1
2015-12,Pennsylvania,Office Supplies,45-59,Medium (50-500),2,523.18,51.21,261.59,1
2015-12,Pennsylvania,Office Supplies,60+,Low (<50),1,26.06,-19.98,26.06,1
2015-12,Pennsylvania,Technology,18-24,Low (<50),1,36.78,10.58,36.78,1
2015-12,Pennsylvania,Technology,60+,Low (<50),1,47.98,0.6,47.98,1
2015-12,Pennsylvania,Technology,60+,Medium (50-500),2,536.72,-336.28,268.36,2
2015-12,Tennessee,Furniture,45-59,Low (<50),1,20.32,3.56,20.32,1
2015-12,Tennessee,Furniture,45-59,Medium (50-500),3,281.88,35.16,93.96,2
2015-12,Tennessee,Office Supplies,18-24,Low (<50),1,36.96,12.01,36.96,1
2015-12,Tennessee,Office Supplies,18-24,Very High (1500+),1,1598.06,-1065.37,1598.06,1
2015-12,Tennessee,Office Supplies,45-59,Low (<50),2,40.94,8.24,20.47,2
2015-12,Tennessee,Office Supplies,45-59,Medium (50-500),1,55.94,18.88,55.94,1
2015-12,Tennessee,Office Supplies,60+,Low (<50),2,19.58,6.97,9.79,1
2015-12,Tennessee,Technology,45-59,Low (<50),1,4.73,0.71,4.73,1
2015-12,Tennessee,Technology,45-59,Medium (50-500),1,72.74,-12.73,72.74,1
2015-12,Texas,Furniture,18-24,Low (<50),1,14.76,-11.44,14.76,1
2015-12,Texas,Furniture,35-44,High (500-1500),1,532.4,-46.98,532.4,1
2015-12,Texas,Furniture,35-44,Medium (50-500),1,212.06,-15.15,212.06,1
2015-12,Texas,Furniture,60+,Low (<50),1,6.69,-4.01,6.69,1
2015-12,Texas,Furniture,60+,Medium (50-500),1,275.06,-90.38,275.06,1
2015-12,Texas,Office Supplies,18-24,Low (<50),2,50.0,-1.22,25.0,2
2015-12,Texas,Office Supplies,25-34,Medium (50-500),1,88.8,-2.22,88.8,1
2015-12,Texas,Office Supplies,35-44,Medium (50-500),1,113.33,35.42,113.33,1
2015-12,Texas,Office Supplies,45-59,Low (<50),4,57.19,-1.11,14.3,3
2015-12,Texas,Office Supplies,45-59,Medium (50-500),1,152.69,-26.72,152.69,1
2015-12,Texas,Office Supplies,60+,Medium (50-500),1,360.71,130.76,360.71,1
2015-12,Texas,Technology,18-24,Medium (50-500),2,279.94,47.99,139.97,2
2015-12,Texas,Technology,35-44,Medium (50-500),1,371.17,41.76,371.17,1
2015-12,Texas,Technology,45-59,Medium (50-500),1,100.8,21.42,100.8,1
2015-12,Texas,Technology,60+,Low (<50),1,22.37,6.43,22.37,1
2015-12,Texas,Technology,60+,Very High (1500+),1,1718.4,150.36,1718.4,1
2015-12,Virginia,Office Supplies,18-24,Low (<50),1,36.27,10.88,36.27,1
2015-12,Virginia,Office Supplies,35-44,Medium (50-500),1,196.62,96.34,196.62,1
2015-12,Virginia,Office Supplies,45-59,Medium (50-500),2,125.64,47.35,62.82,1
2015-12,Virginia,Office Supplies,60+,Medium (50-500),1,194.32,56.35,194.32,1
2015-12,Virginia,Technology,18-24,Medium (50-500),1,173.94,50.44,173.94,1
2015-12,Washington,Furniture,18-24,Very High (1500+),1,1618.37,356.04,1618.37,1
2015-12,Washington,Furniture,60+,Very High (1500+),2,3917.32,527.06,1958.66,1
2015-12,Washington,Office Supplies,35-44,Low (<50),2,6.57,1.2,3.28,1
2015-12,Washington,Office Supplies,35-44,Medium (50-500),1,55.42,19.4,55.42,1
2015-12,Washington,Office Supplies,45-59,Low (<50),2,18.88,7.9,9.44,2
2015-12,Washington,Office Supplies,45-59,Medium (50-500),2,155.23,54.97,77.62,1
2015-12,Washington,Office Supplies,60+,Low (<50),1,32.4,15.55,32.4,1
2015-12,Washington,Office Supplies,60+,Medium (50-500),2,260.93,55.47,130.46,1
2015-12,Washington,Technology,18-24,Medium (50-500),1,99.6,36.85,99.6,1
2015-12,Washington,Technology,45-59,High (500-1500),1,899.91,377.96,899.91,1
2015-12,Wisconsin,Office Supplies,45-59,Low (<50),1,17.12,4.96,17.12,1
2015-12,Wisconsin,Office Supplies,45-59,Medium (50-500),1,195.64,91.95,195.64,1
2015-12,Wisconsin,Technology,45-59,Medium (50-500),1,239.9,71.97,239.9,1
2016-01,California,Furniture,35-44,Medium (50-500),1,59.99,21.6,59.99,1
2016-01,California,Furniture,60+,High (500-1500),1,1013.49,76.01,1013.49,1
2016-01,California,Furniture,60+,Medium (50-500),1,153.57,-5.76,153.57,1
2016-01,California,Office Supplies,18-24,Low (<50),1,26.01,12.22,26.01,1
2016-01,California,Office Supplies,18-24,Medium (50-500),3,470.25,122.64,156.75,2
2016-01,California,Office Supplies,25-34,Low (<50),1,34.58,10.03,34.58,1
2016-01,California,Office Supplies,35-44,Low (<50),3,82.51,37.59,27.5,2
2016-01,California,Office Supplies,35-44,Medium (50-500),1,56.7,27.78,56.7,1
2016-01,California,Office Supplies,60+,Low (<50),2,51.33,14.54,25.66,2
2016-01,California,Technology,35-44,Medium (50-500),1,109.59,8.22,109.59,1
2016-01,California,Technology,60+,Medium (50-500),3,818.45,272.48,272.82,2
2016-01,Connecticut,Furniture,60+,Medium (50-500),1,181.8,-15.58,181.8,1
2016-01,Florida,Office Supplies,35-44,Low (<50),1,5.25,0.59,5.25,1
2016-01,Florida,Technology,35-44,Medium (50-500),2,250.66,45.87,125.33,1
2016-01,Georgia,Office Supplies,45-59,High (500-1500),1,1270.99,635.5,1270.99,1
2016-01,Georgia,Office Supplies,45-59,Medium (50-500),1,125.36,58.92,125.36,1
2016-01,Georgia,Technology,45-59,Medium (50-500),1,316.0,31.6,316.0,1
2016-01,Illinois,Furniture,45-59,High (500-1500),1,626.1,-538.45,626.1,1
2016-01,Illinois,Office Supplies,45-59,Low (<50),1,1.73,-2.68,1.73,1
2016-01,Illinois,Office Supplies,60+,Medium (50-500),1,156.51,52.82,156.51,1
2016-01,Illinois,Technology,45-59,High (500-1500),1,1439.97,144.0,1439.97,1
2016-01,Maryland,Furniture,60+,Medium (50-500),1,173.94,38.27,173.94,1
2016-01,Maryland,Technology,60+,Medium (50-500),1,231.98,67.27,231.98,1
2016-01,Mississippi,Office Supplies,60+,Low (<50),1,31.36,15.68,31.36,1
2016-01,New Hampshire,Furniture,25-34,Medium (50-500),1,322.59,64.52,322.59,1
2016-01,New Hampshire,Technology,25-34,Low (<50),1,29.99,13.2,29.99,1
2016-01,New Hampshire,Technology,25-34,Medium (50-500),1,371.97,66.95,371.97,1
2016-01,New Jersey,Office Supplies,25-34,Low (<50),2,27.21,10.58,13.6,1
2016-01,New Jersey,Office Supplies,60+,Low (<50),3,35.58,13.33,11.86,3
2016-01,New Jersey,Office Supplies,60+,Medium (50-500),1,52.34,24.6,52.34,1
2016-01,New Jersey,Technology,60+,Medium (50-500),1,254.97,91.79,254.97,1
2016-01,New York,Furniture,35-44,Low (<50),1,45.98,7.82,45.98,1
2016-01,New York,Furniture,35-44,Medium (50-500),1,313.72,-99.35,313.72,1
2016-01,New York,Office Supplies,25-34,Low (<50),1,26.34,9.22,26.34,1
2016-01,New York,Office Supplies,35-44,Low (<50),3,109.18,40.03,36.39,2
2016-01,New York,Office Supplies,35-44,Medium (50-500),2,488.8,28.86,244.4,2
2016-01,New York,Office Supplies,60+,Medium (50-500),1,81.98,40.17,81.98,1
2016-01,North Carolina,Furniture,35-44,Medium (50-500),1,315.78,31.58,315.78,1
2016-01,North Carolina,Furniture,60+,Low (<50),1,14.27,4.28,14.27,1
2016-01,North Carolina,Furniture,60+,Medium (50-500),1,451.14,-67.67,451.14,1
2016-01,North Carolina,Office Supplies,25-34,Low (<50),2,78.44,-18.71,39.22,1
2016-01,North Carolina,Office Supplies,35-44,Medium (50-500),1,89.57,32.47,89.57,1
2016-01,North Carolina,Office Supplies,60+,Medium (50-500),1,64.86,6.49,64.86,1
2016-01,North Carolina,Technology,25-34,Medium (50-500),1,108.78,10.88,108.78,1
2016-01,North Carolina,Technology,60+,High (500-1500),1,959.97,120.0,959.97,1
2016-01,Ohio,Furniture,45-59,Medium (50-500),1,54.99,8.94,54.99,1
2016-01,Ohio,Furniture,60+,Low (<50),1,15.17,3.79,15.17,1
2016-01,Ohio,Office Supplies,25-34,Low (<50),1,15.55,5.44,15.55,1
2016-01,Ohio,Office Supplies,25-34,Medium (50-500),1,63.31,20.58,63.31,1
2016-01,Ohio,Technology,18-24,Medium (50-500),2,165.55,-4.37,82.78,1
2016-01,Ohio,Technology,25-34,Low (<50),1,15.59,-9.87,15.59,1
2016-01,Oklahoma,Furniture,35-44,Very High (1500+),1,1592.85,350.43,1592.85,1
2016-01,Oklahoma,Office Supplies,35-44,Low (<50),1,11.88,5.35,11.88,1
2016-01,Pennsylvania,Office Supplies,18-24,Low (<50),1,4.67,0.58,4.67,1
2016-01,Pennsylvania,Office Supplies,18-24,Medium (50-500),1,104.58,-80.18,104.58,1
2016-01,Texas,Furniture,60+,Low (<50),1,23.08,-10.96,23.08,1
2016-01,Texas,Office Supplies,25-34,Low (<50),1,15.55,5.44,15.55,1
2016-01,Texas,Office Supplies,60+,Low (<50),1,25.92,9.07,25.92,1
2016-01,Texas,Technology,35-44,Low (<50),1,30.08,-5.26,30.08,1
2016-01,Texas,Technology,35-44,Medium (50-500),2,346.56,7.36,173.28,1
2016-01,Vermont,Office Supplies,18-24,Low (<50),1,8.04,2.73,8.04,1
2016-01,Vermont,Office Supplies,18-24,Very High (1500+),1,1564.29,406.72,1564.29,1
2016-01,Vermont,Technology,18-24,Medium (50-500),1,99.98,42.99,99.98,1
2016-01,Washington,Furniture,35-44,Medium (50-500),1,109.9,37.37,109.9,1
2016-01,Washington,Furniture,45-59,Low (<50),1,24.85,7.7,24.85,1
2016-01,Washington,Furniture,45-59,Medium (50-500),1,79.92,34.37,79.92,1
2016-01,Washington,Furniture,60+,Low (<50),1,48.58,7.77,48.58,1
2016-01,Washington,Furniture,60+,Medium (50-500),1,435.17,-59.84,435.17,1
2016-01,Washington,Office Supplies,18-24,Low (<50),1,12.96,6.22,12.96,1
2016-01,Washington,Technology,45-59,Medium (50-500),1,69.98,13.3,69.98,1
2016-01,Wisconsin,Furniture,45-59,Very High (1500+),1,1565.88,407.13,1565.88,1
2016-01,Wisconsin,Office Supplies,45-59,Medium (50-500),1,106.05,49.84,106.05,1
2016-02,Arizona,Furniture,45-59,Low (<50),1,14.37,3.95,14.37,1
2016-02,California,Furniture,60+,High (500-1500),1,557.73,6.97,557.73,1
2016-02,California,Office Supplies,35-44,Medium (50-500),3,269.42,85.57,89.81,3
2016-02,California,Office Supplies,45-59,Low (<50),1,10.65,5.01,10.65,1
2016-02,California,Office Supplies,45-59,Medium (50-500),1,146.82,73.41,146.82,1
2016-02,California,Office Supplies,60+,Low (<50),3,64.54,24.65,21.51,2
2016-02,California,Office Supplies,60+,Medium (50-500),2,635.69,59.35,317.84,2
2016-02,California,Technology,45-59,Low (<50),1,36.24,15.22,36.24,1
2016-02,California,Technology,45-59,Medium (50-500),1,445.96,55.74,445.96,1
2016-02,California,Technology,60+,High (500-1500),1,623.96,39.0,623.96,1
2016-02,California,Technology,60+,Low (<50),2,44.85,11.93,22.42,2
2016-02,California,Technology,60+,Medium (50-500),2,249.94,7.59,124.97,2
2016-02,Florida,Office Supplies,45-59,Low (<50),2,38.62,-29.48,19.31,1
2016-02,Florida,Office Supplies,45-59,Medium (50-500),1,432.46,32.43,432.46,1
2016-02,Georgia,Furniture,60+,Low (<50),1,18.84,7.16,18.84,1
2016-02,Georgia,Furniture,60+,Medium (50-500),1,239.98,52.8,239.98,1
2016-02,Georgia,Office Supplies,18-24,High (500-1500),1,1350.12,175.52,1350.12,1
2016-02,Georgia,Office Supplies,18-24,Low (<50),1,15.92,7.48,15.92,1
2016-02,Georgia,Office Supplies,60+,Low (<50),1,9.45,0.19,9.45,1
2016-02,Georgia,Office Supplies,60+,Medium (50-500),6,1217.56,474.21,202.93,1
2016-02,Georgia,Technology,60+,Medium (50-500),2,589.68,154.37,294.84,1
2016-02,Illinois,Furniture,60+,Medium (50-500),1,62.96,-2.7,62.96,1
2016-02,Illinois,Office Supplies,60+,Low (<50),2,12.16,3.65,6.08,1
2016-02,Illinois,Office Supplies,60+,Medium (50-500),1,92.06,-225.56,92.06,1
2016-02,Kentucky,Furniture,18-24,High (500-1500),1,866.4,225.26,866.4,1
2016-02,Kentucky,Furniture,35-44,Medium (50-500),1,318.08,34.99,318.08,1
2016-02,Kentucky,Office Supplies,35-44,Low (<50),1,5.8,2.61,5.8,1
2016-02,Maryland,Furniture,60+,High (500-1500),1,550.43,-47.18,550.43,1
2016-02,Maryland,Furniture,60+,Low (<50),1,10.56,4.65,10.56,1
2016-02,Maryland,Office Supplies,60+,Low (<50),2,12.75,4.22,6.38,1
2016-02,Maryland,Technology,18-24,Medium (50-500),1,90.48,23.52,90.48,1
2016-02,Mississippi,Office Supplies,45-59,Medium (50-500),1,264.18,68.69,264.18,1
2016-02,New Jersey,Furniture,25-34,Medium (50-500),1,227.96,36.47,227.96,1
2016-02,New York,Furniture,35-44,Low (<50),1,44.46,14.67,44.46,1
2016-02,New York,Furniture,35-44,Medium (50-500),1,326.65,39.92,326.65,1
2016-02,New York,Furniture,60+,Medium (50-500),2,204.75,95.5,102.38,2
2016-02,New York,Office Supplies,35-44,Medium (50-500),1,242.94,9.72,242.94,1
2016-02,New York,Office Supplies,45-59,Low (<50),4,79.58,32.57,19.9,3
2016-02,New York,Office Supplies,45-59,Medium (50-500),1,398.35,124.48,398.35,1
2016-02,New York,Office Supplies,60+,Medium (50-500),3,585.21,135.47,195.07,3
2016-02,New York,Technology,35-44,Medium (50-500),1,89.97,39.59,89.97,1
2016-02,New York,Technology,60+,Low (<50),1,39.98,2.0,39.98,1
2016-02,North Carolina,Technology,35-44,High (500-1500),1,1127.98,126.9,1127.98,1
2016-02,Ohio,Office Supplies,25-34,Low (<50),1,46.72,17.52,46.72,1
2016-02,Ohio,Office Supplies,45-59,Medium (50-500),1,111.1,8.33,111.1,1
2016-02,Ohio,Office Supplies,60+,Low (<50),1,30.35,10.62,30.35,1
2016-02,Oklahoma,Technology,60+,Medium (50-500),1,69.93,0.7,69.93,1
2016-02,Pennsylvania,Office Supplies,25-34,Medium (50-500),1,57.58,21.59,57.58,1
2016-02,Tennessee,Furniture,35-44,Medium (50-500),1,132.22,-18.18,132.22,1
2016-02,Tennessee,Office Supplies,18-24,Low (<50),1,16.5,5.57,16.5,1
2016-02,Texas,Furniture,25-34,Medium (50-500),1,241.5,0.0,241.5,1
2016-02,Texas,Furniture,45-59,Low (<50),1,16.19,-6.88,16.19,1
2016-02,Texas,Furniture,60+,Medium (50-500),1,73.78,-77.47,73.78,1
2016-02,Virginia,Furniture,25-34,Low (<50),1,18.69,7.1,18.69,1
2016-02,Virginia,Office Supplies,25-34,Low (<50),1,36.4,18.2,36.4,1
2016-02,Virginia,Office Supplies,45-59,Medium (50-500),1,56.45,14.68,56.45,1
2016-02,Virginia,Office Supplies,60+,Low (<50),1,7.83,3.6,7.83,1
2016-02,Virginia,Technology,25-34,Very High (1500+),1,8749.95,2799.98,8749.95,1
2016-02,Virginia,Technology,60+,Medium (50-500),1,100.0,21.0,100.0,1
2016-02,Wisconsin,Office Supplies,45-59,Medium (50-500),2,547.14,165.7,273.57,2
2016-03,Arizona,Office Supplies,45-59,Low (<50),1,9.7,-7.11,9.7,1
2016-03,Arizona,Office Supplies,45-59,Medium (50-500),1,104.7,6.54,104.7,1
2016-03,Arizona,Office Supplies,60+,Medium (50-500),1,157.92,17.77,157.92,1
2016-03,Arizona,Technology,60+,Medium (50-500),1,203.18,15.24,203.18,1
2016-03,California,Furniture,18-24,High (500-1500),1,1352.03,84.5,1352.03,1
2016-03,California,Furniture,60+,High (500-1500),1,770.35,77.04,770.35,1
2016-03,California,Furniture,60+,Low (<50),2,63.56,19.35,31.78,2
2016-03,California,Office Supplies,18-24,Low (<50),1,4.54,1.65,4.54,1
2016-03,California,Office Supplies,25-34,Low (<50),1,16.99,4.93,16.99,1
2016-03,California,Office Supplies,35-44,Medium (50-500),1,51.18,19.19,51.18,1
2016-03,California,Office Supplies,45-59,Low (<50),1,41.9,14.14,41.9,1
2016-03,California,Office Supplies,60+,High (500-1500),1,676.55,6.77,676.55,1
2016-03,California,Office Supplies,60+,Low (<50),5,96.77,41.65,19.35,5
2016-03,California,Office Supplies,60+,Medium (50-500),2,242.82,41.15,121.41,2
2016-03,California,Office Supplies,60+,Very High (1500+),1,4912.59,196.5,4912.59,1
2016-03,California,Technology,35-44,Low (<50),1,26.85,5.1,26.85,1
2016-03,California,Technology,35-44,Very High (1500+),1,3357.6,377.73,3357.6,1
2016-03,California,Technology,60+,Medium (50-500),1,84.78,-20.14,84.78,1
2016-03,California,Technology,60+,Very High (1500+),1,4158.91,363.9,4158.91,1
2016-03,Colorado,Furniture,45-59,Medium (50-500),1,72.29,-98.8,72.29,1
2016-03,Colorado,Technology,45-59,Medium (50-500),1,159.98,14.0,159.98,1
2016-03,Connecticut,Office Supplies,45-59,Low (<50),1,11.34,5.56,11.34,1
2016-03,Connecticut,Technology,45-59,Medium (50-500),1,199.75,87.89,199.75,1
2016-03,Delaware,Office Supplies,25-34,Medium (50-500),2,614.3,299.34,307.15,1
2016-03,Delaware,Office Supplies,60+,Low (<50),1,32.54,15.94,32.54,1
2016-03,Delaware,Technology,25-34,Medium (50-500),1,479.95,129.59,479.95,1
2016-03,Delaware,Technology,60+,Medium (50-500),1,129.98,62.39,129.98,1
2016-03,Florida,Furniture,60+,Medium (50-500),1,102.36,-3.84,102.36,1
2016-03,Florida,Office Supplies,45-59,Low (<50),1,10.08,3.53,10.08,1
2016-03,Florida,Technology,60+,High (500-1500),1,1363.96,85.25,1363.96,1
2016-03,Georgia,Furniture,35-44,Medium (50-500),1,76.92,31.54,76.92,1
2016-03,Georgia,Furniture,60+,Low (<50),2,60.16,19.88,30.08,1
2016-03,Georgia,Office Supplies,35-44,Medium (50-500),1,481.32,125.14,481.32,1
2016-03,Georgia,Office Supplies,60+,Low (<50),1,32.54,15.94,32.54,1
2016-03,Idaho,Office Supplies,25-34,Low (<50),2,34.68,14.18,17.34,1
2016-03,Illinois,Furniture,25-34,High (500-1500),1,844.12,-36.18,844.12,1
2016-03,Illinois,Furniture,45-59,Medium (50-500),2,305.02,-294.09,152.51,1
2016-03,Illinois,Furniture,60+,High (500-1500),1,528.43,0.0,528.43,1
2016-03,Illinois,Office Supplies,25-34,Low (<50),1,45.53,15.93,45.53,1
2016-03,Illinois,Office Supplies,45-59,Low (<50),2,4.06,-9.07,2.03,1
2016-03,Illinois,Office Supplies,60+,Low (<50),2,16.56,-3.25,8.28,1
2016-03,Illinois,Technology,25-34,High (500-1500),1,812.74,60.96,812.74,1
2016-03,Illinois,Technology,35-44,Low (<50),1,11.99,0.9,11.99,1
2016-03,Indiana,Office Supplies,45-59,Low (<50),1,22.48,10.34,22.48,1
2016-03,Indiana,Office Supplies,45-59,Medium (50-500),1,128.4,64.2,128.4,1
2016-03,Indiana,Technology,60+,Medium (50-500),1,134.85,37.76,134.85,1
2016-03,Louisiana,Office Supplies,35-44,Low (<50),1,12.96,6.22,12.96,1
2016-03,Maryland,Furniture,35-44,High (500-1500),1,971.5,252.59,971.5,1
2016-03,Maryland,Office Supplies,35-44,High (500-1500),1,901.95,297.64,901.95,1
2016-03,Maryland,Office Supplies,35-44,Medium (50-500),1,199.9,89.96,199.9,1
2016-03,Massachusetts,Furniture,35-44,Medium (50-500),1,354.9,88.72,354.9,1
2016-03,Massachusetts,Office Supplies,35-44,Low (<50),2,29.15,12.15,14.58,1
2016-03,Massachusetts,Office Supplies,35-44,Medium (50-500),1,51.8,23.31,51.8,1
2016-03,Massachusetts,Office Supplies,45-59,Low (<50),1,39.68,10.32,39.68,1
2016-03,Michigan,Office Supplies,45-59,Low (<50),1,13.9,3.75,13.9,1
2016-03,Michigan,Office Supplies,45-59,Medium (50-500),1,207.14,48.33,207.14,1
2016-03,Minnesota,Office Supplies,45-59,Low (<50),1,17.46,8.21,17.46,1
2016-03,Minnesota,Technology,45-59,Low (<50),1,45.98,19.77,45.98,1
2016-03,Mississippi,Furniture,35-44,Medium (50-500),1,86.45,38.04,86.45,1
2016-03,Mississippi,Office Supplies,45-59,Low (<50),1,45.68,21.01,45.68,1
2016-03,Mississippi,Office Supplies,45-59,Medium (50-500),1,319.76,147.09,319.76,1
2016-03,Missouri,Furniture,18-24,High (500-1500),1,697.16,146.4,697.16,1
2016-03,Nevada,Technology,45-59,Medium (50-500),1,58.58,19.33,58.58,1
2016-03,New Hampshire,Technology,45-59,Medium (50-500),1,159.98,57.59,159.98,1
2016-03,New Jersey,Furniture,25-34,Medium (50-500),1,244.01,-31.37,244.01,1
2016-03,New York,Furniture,35-44,Low (<50),2,35.3,13.8,17.65,1
2016-03,New York,Furniture,35-44,Medium (50-500),1,328.0,54.67,328.0,1
2016-03,New York,Furniture,45-59,High (500-1500),1,836.59,-264.92,836.59,1
2016-03,New York,Furniture,45-59,Medium (50-500),2,290.38,22.21,145.19,2
2016-03,New York,Furniture,60+,Medium (50-500),1,414.0,124.2,414.0,1
2016-03,New York,Office Supplies,18-24,Low (<50),1,29.34,13.5,29.34,1
2016-03,New York,Office Supplies,18-24,Medium (50-500),1,459.95,18.4,459.95,1
2016-03,New York,Office Supplies,25-34,Medium (50-500),1,59.52,17.86,59.52,1
2016-03,New York,Office Supplies,45-59,Low (<50),2,39.34,18.49,19.67,2
2016-03,New York,Office Supplies,45-59,Medium (50-500),2,432.38,127.82,216.19,2
2016-03,New York,Office Supplies,60+,Low (<50),3,84.61,31.03,28.2,1
2016-03,New York,Technology,45-59,Very High (1500+),1,4899.93,2400.97,4899.93,1
2016-03,North Carolina,Office Supplies,60+,Medium (50-500),1,67.64,5.92,67.64,1
2016-03,North Carolina,Technology,60+,Medium (50-500),1,119.98,-18.0,119.98,1
2016-03,Ohio,Furniture,35-44,Medium (50-500),1,299.98,-167.99,299.98,1
2016-03,Ohio,Furniture,45-59,Low (<50),1,21.88,6.29,21.88,1
2016-03,Ohio,Furniture,45-59,Medium (50-500),1,301.47,-241.18,301.47,1
2016-03,Ohio,Office Supplies,45-59,Low (<50),1,18.66,1.63,18.66,1
2016-03,Ohio,Technology,35-44,Medium (50-500),1,158.38,-36.95,158.38,1
2016-03,Oklahoma,Technology,25-34,High (500-1500),1,1287.45,244.62,1287.45,1
2016-03,Oregon,Office Supplies,60+,Low (<50),3,47.92,-2.01,15.98,1
2016-03,Oregon,Technology,45-59,Medium (50-500),1,403.17,25.2,403.17,1
2016-03,Oregon,Technology,60+,Medium (50-500),1,84.78,-20.14,84.78,1
2016-03,Pennsylvania,Furniture,35-44,Medium (50-500),1,386.68,-5.52,386.68,1
2016-03,Pennsylvania,Furniture,45-59,Low (<50),1,30.34,9.48,30.34,1
2016-03,Pennsylvania,Office Supplies,25-34,Low (<50),1,5.98,-1.35,5.98,1
2016-03,Pennsylvania,Office Supplies,35-44,High (500-1500),1,552.56,-138.14,552.56,1
2016-03,Pennsylvania,Office Supplies,35-44,Low (<50),2,64.4,-1.52,32.2,1
2016-03,Pennsylvania,Office Supplies,35-44,Medium (50-500),2,177.98,-69.89,88.99,1
2016-03,Pennsylvania,Office Supplies,45-59,Low (<50),1,2.04,-1.5,2.04,1
2016-03,Pennsylvania,Technology,18-24,Low (<50),1,31.98,1.2,31.98,1
2016-03,Pennsylvania,Technology,18-24,Medium (50-500),1,280.78,-60.84,280.78,1
2016-03,Pennsylvania,Technology,25-34,Medium (50-500),1,108.58,-25.33,108.58,1
2016-03,Pennsylvania,Technology,35-44,High (500-1500),1,539.91,-116.98,539.91,1
2016-03,Pennsylvania,Technology,35-44,Medium (50-500),3,913.04,-609.86,304.35,2
2016-03,Pennsylvania,Technology,45-59,Medium (50-500),2,500.18,-84.5,250.09,1
2016-03,Pennsylvania,Technology,60+,Low (<50),1,39.99,7.5,39.99,1
2016-03,Tennessee,Furniture,18-24,Medium (50-500),1,189.88,-94.94,189.88,1
2016-03,Tennessee,Office Supplies,18-24,High (500-1500),1,871.8,87.18,871.8,1
2016-03,Tennessee,Office Supplies,35-44,Low (<50),1,31.09,-20.72,31.09,1
2016-03,Texas,Furniture,18-24,Medium (50-500),1,241.33,-14.2,241.33,1
2016-03,Texas,Furniture,35-44,High (500-1500),2,1086.01,-143.43,543.01,2
2016-03,Texas,Furniture,35-44,Medium (50-500),1,99.37,-1.42,99.37,1
2016-03,Texas,Furniture,45-59,High (500-1500),1,563.43,-56.34,563.43,1
2016-03,Texas,Furniture,60+,High (500-1500),1,637.9,-127.58,637.9,1
2016-03,Texas,Office Supplies,18-24,Low (<50),1,5.18,1.88,5.18,1
2016-03,Texas,Office Supplies,18-24,Medium (50-500),1,145.54,16.37,145.54,1
2016-03,Texas,Office Supplies,25-34,Low (<50),2,15.3,-0.03,7.65,2
2016-03,Texas,Office Supplies,25-34,Medium (50-500),1,149.35,50.41,149.35,1
2016-03,Texas,Office Supplies,25-34,Very High (1500+),1,3930.07,-786.01,3930.07,1
2016-03,Texas,Office Supplies,35-44,Low (<50),3,25.0,-37.48,8.33,3
2016-03,Texas,Office Supplies,35-44,Medium (50-500),1,70.08,24.53,70.08,1
2016-03,Texas,Office Supplies,45-59,Low (<50),2,51.64,1.34,25.82,2
2016-03,Texas,Office Supplies,45-59,Medium (50-500),1,146.35,49.39,146.35,1
2016-03,Texas,Office Supplies,60+,Low (<50),1,36.6,11.9,36.6,1
2016-03,Texas,Technology,25-34,Low (<50),1,41.72,5.74,41.72,1
2016-03,Texas,Technology,25-34,Medium (50-500),1,431.98,32.4,431.98,1
2016-03,Texas,Technology,45-59,Low (<50),1,27.96,8.39,27.96,1
2016-03,Texas,Technology,60+,Low (<50),1,21.07,1.58,21.07,1
2016-03,Texas,Technology,60+,Medium (50-500),1,287.91,33.59,287.91,1
2016-03,Virginia,Furniture,60+,Medium (50-500),1,127.88,40.92,127.88,1
2016-03,Virginia,Office Supplies,18-24,Low (<50),1,31.4,7.85,31.4,1
2016-03,Virginia,Office Supplies,60+,Low (<50),1,46.0,20.7,46.0,1
2016-03,Virginia,Office Supplies,60+,Medium (50-500),1,160.32,44.89,160.32,1
2016-03,Washington,Furniture,18-24,Medium (50-500),1,167.89,14.69,167.89,1
2016-03,Washington,Furniture,25-34,Medium (50-500),1,196.78,-22.14,196.78,1
2016-03,Wisconsin,Furniture,18-24,Low (<50),1,16.74,4.35,16.74,1
2016-04,Arizona,Furniture,25-34,Medium (50-500),1,111.89,22.38,111.89,1
2016-04,Arizona,Furniture,35-44,High (500-1500),1,1272.63,-814.48,1272.63,1
2016-04,Arizona,Furniture,35-44,Low (<50),1,23.56,7.07,23.56,1
2016-04,Arizona,Furniture,60+,High (500-1500),1,933.54,105.02,933.54,1
2016-04,Arizona,Office Supplies,35-44,Low (<50),1,28.48,-20.89,28.48,1
2016-04,Arizona,Office Supplies,35-44,Medium (50-500),2,263.65,-28.89,131.82,1
2016-04,Arizona,Office Supplies,60+,Low (<50),3,104.68,17.17,34.89,2
2016-04,Arkansas,Furniture,25-34,Medium (50-500),1,159.92,31.98,159.92,1
2016-04,Arkansas,Office Supplies,25-34,Low (<50),2,55.92,27.1,27.96,1
2016-04,California,Furniture,18-24,Low (<50),1,24.7,10.37,24.7,1
2016-04,California,Furniture,35-44,High (500-1500),1,638.29,-31.91,638.29,1
2016-04,California,Furniture,35-44,Low (<50),1,41.57,2.6,41.57,1
2016-04,California,Furniture,35-44,Medium (50-500),1,257.5,24.24,257.5,1
2016-04,California,Furniture,45-59,High (500-1500),1,1121.57,0.0,1121.57,1
2016-04,California,Furniture,60+,High (500-1500),1,556.66,6.55,556.66,1
2016-04,California,Furniture,60+,Low (<50),1,31.56,10.41,31.56,1
2016-04,California,Furniture,60+,Medium (50-500),2,578.15,1.94,289.08,2
2016-04,California,Office Supplies,18-24,Low (<50),4,43.36,16.99,10.84,1
2016-04,California,Office Supplies,18-24,Medium (50-500),1,73.2,21.23,73.2,1
2016-04,California,Office Supplies,25-34,Low (<50),1,3.98,1.39,3.98,1
2016-04,California,Office Supplies,35-44,Low (<50),5,82.37,34.8,16.47,3
2016-04,California,Office Supplies,35-44,Medium (50-500),1,64.96,2.6,64.96,1
2016-04,California,Office Supplies,45-59,Low (<50),2,24.21,9.43,12.1,2
2016-04,California,Office Supplies,45-59,Medium (50-500),1,71.97,35.98,71.97,1
2016-04,California,Office Supplies,60+,High (500-1500),1,579.51,81.13,579.51,1
2016-04,California,Office Supplies,60+,Low (<50),3,104.1,38.68,34.7,2
2016-04,California,Office Supplies,60+,Medium (50-500),4,659.64,201.11,164.91,3
2016-04,California,Technology,18-24,Low (<50),1,39.96,12.99,39.96,1
2016-04,California,Technology,45-59,High (500-1500),1,1199.98,374.99,1199.98,1
2016-04,California,Technology,60+,Medium (50-500),1,99.99,35.0,99.99,1
2016-04,Colorado,Furniture,45-59,High (500-1500),1,1325.76,149.15,1325.76,1
2016-04,Colorado,Office Supplies,25-34,Low (<50),1,29.47,9.95,29.47,1
2016-04,Colorado,Office Supplies,45-59,Low (<50),2,18.66,3.27,9.33,1
2016-04,Connecticut,Office Supplies,60+,Low (<50),1,15.48,4.49,15.48,1
2016-04,Connecticut,Office Supplies,60+,Medium (50-500),1,51.84,24.88,51.84,1
2016-04,Georgia,Furniture,35-44,Medium (50-500),1,354.9,88.72,354.9,1
2016-04,Georgia,Furniture,45-59,Low (<50),1,7.04,3.1,7.04,1
2016-04,Georgia,Office Supplies,45-59,Low (<50),1,17.92,8.6,17.92,1
2016-04,Georgia,Office Supplies,60+,Low (<50),1,12.84,3.72,12.84,1
2016-04,Illinois,Furniture,25-34,Low (<50),1,30.34,-31.86,30.34,1
2016-04,Illinois,Office Supplies,18-24,Low (<50),2,93.64,-194.13,46.82,1
2016-04,Illinois,Office Supplies,18-24,Medium (50-500),1,102.34,-12.79,102.34,1
2016-04,Illinois,Office Supplies,35-44,Low (<50),1,13.57,3.22,13.57,1
2016-04,Illinois,Office Supplies,45-59,Low (<50),1,9.66,3.26,9.66,1
2016-04,Illinois,Office Supplies,45-59,Medium (50-500),1,230.38,-48.95,230.38,1
2016-04,Illinois,Office Supplies,60+,Low (<50),1,23.95,2.4,23.95,1
2016-04,Indiana,Furniture,45-59,Medium (50-500),1,71.12,22.05,71.12,1
2016-04,Indiana,Technology,45-59,Medium (50-500),1,259.96,124.78,259.96,1
2016-04,Maryland,Office Supplies,18-24,Low (<50),1,25.06,11.78,25.06,1
2016-04,Michigan,Office Supplies,45-59,Low (<50),1,5.28,2.43,5.28,1
2016-04,Michigan,Technology,45-59,High (500-1500),1,517.9,134.65,517.9,1
2016-04,Missouri,Furniture,18-24,Medium (50-500),1,86.62,8.66,86.62,1
2016-04,Nebraska,Office Supplies,45-59,Low (<50),1,29.05,9.01,29.05,1
2016-04,New Jersey,Furniture,18-24,Low (<50),1,9.96,3.29,9.96,1
2016-04,New Jersey,Office Supplies,18-24,Low (<50),1,25.3,11.89,25.3,1
2016-04,New Jersey,Office Supplies,60+,Low (<50),1,37.94,18.21,37.94,1
2016-04,New Jersey,Technology,18-24,Very High (1500+),1,9099.93,2365.98,9099.93,1
2016-04,New York,Furniture,35-44,High (500-1500),2,1976.24,439.16,988.12,2
2016-04,New York,Furniture,35-44,Medium (50-500),1,434.65,62.78,434.65,1
2016-04,New York,Furniture,45-59,Medium (50-500),2,471.34,2.58,235.67,2
2016-04,New York,Office Supplies,18-24,Low (<50),1,3.64,0.98,3.64,1
2016-04,New York,Office Supplies,25-34,Low (<50),2,13.83,3.87,6.92,1
2016-04,New York,Office Supplies,35-44,Low (<50),4,23.91,8.1,5.98,2
2016-04,New York,Office Supplies,35-44,Medium (50-500),4,650.58,65.67,162.65,2
2016-04,New York,Office Supplies,45-59,High (500-1500),1,588.78,184.0,588.78,1
2016-04,New York,Office Supplies,45-59,Low (<50),6,125.73,43.84,20.96,3
2016-04,New York,Office Supplies,45-59,Medium (50-500),1,88.04,22.89,88.04,1
2016-04,New York,Office Supplies,60+,Low (<50),6,94.03,31.46,15.67,3
2016-04,New York,Office Supplies,60+,Medium (50-500),3,485.34,96.44,161.78,1
2016-04,New York,Technology,35-44,Low (<50),1,25.98,0.78,25.98,1
2016-04,New York,Technology,45-59,Medium (50-500),1,89.97,37.79,89.97,1
2016-04,New York,Technology,60+,Low (<50),1,35.12,9.13,35.12,1
2016-04,North Carolina,Furniture,45-59,Low (<50),1,18.62,6.29,18.62,1
2016-04,North Carolina,Office Supplies,60+,Low (<50),3,51.28,14.02,17.09,3
2016-04,North Carolina,Office Supplies,60+,Medium (50-500),3,371.12,-173.22,123.71,2
2016-04,North Carolina,Technology,45-59,Low (<50),1,36.79,4.14,36.79,1
2016-04,North Carolina,Technology,60+,Medium (50-500),2,700.7,131.38,350.35,1
2016-04,Ohio,Furniture,45-59,Medium (50-500),1,205.18,-58.13,205.18,1
2016-04,Ohio,Office Supplies,35-44,Medium (50-500),3,242.56,73.57,80.85,1
2016-04,Ohio,Office Supplies,45-59,Medium (50-500),1,419.4,146.79,419.4,1
2016-04,Ohio,Office Supplies,60+,Low (<50),2,17.78,-3.31,8.89,2
2016-04,Ohio,Office Supplies,60+,Medium (50-500),1,121.1,-100.92,121.1,1
2016-04,Pennsylvania,Office Supplies,18-24,Low (<50),2,70.27,6.19,35.14,1
2016-04,Pennsylvania,Office Supplies,18-24,Medium (50-500),1,99.85,-83.2,99.85,1
2016-04,Pennsylvania,Office Supplies,35-44,High (500-1500),1,769.18,-163.45,769.18,1
2016-04,Pennsylvania,Office Supplies,45-59,Low (<50),2,25.62,-17.24,12.81,1
2016-04,Pennsylvania,Technology,35-44,Medium (50-500),1,118.78,-27.72,118.78,1
2016-04,Pennsylvania,Technology,45-59,Medium (50-500),1,82.8,-20.7,82.8,1
2016-04,Tennessee,Furniture,35-44,Medium (50-500),1,79.12,13.85,79.12,1
2016-04,Tennessee,Office Supplies,35-44,Medium (50-500),1,123.09,40.0,123.09,1
2016-04,Tennessee,Technology,35-44,Low (<50),1,35.17,8.35,35.17,1
2016-04,Texas,Furniture,25-34,Medium (50-500),2,472.25,-160.61,236.13,1
2016-04,Texas,Furniture,45-59,Low (<50),1,22.61,-10.17,22.61,1
2016-04,Texas,Furniture,60+,Medium (50-500),1,95.98,-4.11,95.98,1
2016-04,Texas,Office Supplies,25-34,Very High (1500+),1,1554.94,77.75,1554.94,1
2016-04,Texas,Office Supplies,35-44,Low (<50),4,67.51,17.68,16.88,3
2016-04,Texas,Office Supplies,45-59,Medium (50-500),1,158.37,13.86,158.37,1
2016-04,Texas,Office Supplies,60+,High (500-1500),1,1088.79,-1850.95,1088.79,1
2016-04,Texas,Technology,35-44,Medium (50-500),1,369.58,41.58,369.58,1
2016-04,Texas,Technology,45-59,Medium (50-500),1,258.7,64.67,258.7,1
2016-04,Texas,Technology,60+,Medium (50-500),1,431.93,64.79,431.93,1
2016-04,Vermont,Technology,45-59,High (500-1500),1,1294.75,336.64,1294.75,1
2016-04,Virginia,Furniture,18-24,Medium (50-500),1,343.92,75.66,343.92,1
2016-04,Virginia,Office Supplies,18-24,Low (<50),1,40.99,20.09,40.99,1
2016-04,Virginia,Office Supplies,18-24,Medium (50-500),1,63.9,28.76,63.9,1
2016-04,Virginia,Office Supplies,25-34,Low (<50),1,27.81,13.07,27.81,1
2016-04,Virginia,Office Supplies,25-34,Medium (50-500),1,203.92,55.06,203.92,1
2016-04,Virginia,Office Supplies,45-59,Medium (50-500),1,81.2,12.18,81.2,1
2016-04,Virginia,Technology,25-34,Low (<50),1,29.56,7.98,29.56,1
2016-04,Virginia,Technology,25-34,Medium (50-500),1,149.97,6.0,149.97,1
2016-04,Washington,Office Supplies,45-59,Low (<50),1,8.32,2.81,8.32,1
2016-04,Washington,Office Supplies,60+,Low (<50),2,64.15,13.68,32.08,2
2016-04,Wisconsin,Furniture,45-59,High (500-1500),1,1454.9,378.27,1454.9,1
2016-04,Wisconsin,Technology,35-44,Low (<50),1,12.99,0.26,12.99,1
2016-05,Alabama,Office Supplies,45-59,Low (<50),1,4.98,2.44,4.98,1
2016-05,Alabama,Office Supplies,60+,Low (<50),1,22.75,11.38,22.75,1
2016-05,Alabama,Technology,60+,High (500-1500),1,979.95,274.39,979.95,1
2016-05,Arizona,Technology,45-59,Medium (50-500),1,185.53,48.7,185.53,1
2016-05,Arkansas,Office Supplies,45-59,Low (<50),2,30.6,13.68,15.3,1
2016-05,Arkansas,Office Supplies,45-59,Medium (50-500),1,109.92,53.86,109.92,1
2016-05,California,Furniture,45-59,High (500-1500),1,1049.2,272.79,1049.2,1
2016-05,California,Furniture,45-59,Medium (50-500),2,238.93,9.97,119.46,2
2016-05,California,Furniture,60+,Low (<50),2,78.65,30.45,39.33,2
2016-05,California,Furniture,60+,Medium (50-500),3,1066.32,-57.55,355.44,3
2016-05,California,Office Supplies,18-24,Low (<50),2,49.98,22.49,24.99,2
2016-05,California,Office Supplies,25-34,Low (<50),3,36.7,15.67,12.23,3
2016-05,California,Office Supplies,35-44,Low (<50),1,38.88,18.66,38.88,1
2016-05,California,Office Supplies,45-59,Low (<50),3,39.34,16.49,13.11,3
2016-05,California,Office Supplies,45-59,Medium (50-500),2,192.12,49.79,96.06,2
2016-05,California,Office Supplies,60+,Low (<50),7,126.71,50.51,18.1,6
2016-05,California,Office Supplies,60+,Medium (50-500),2,444.96,162.72,222.48,1
2016-05,California,Technology,25-34,Medium (50-500),2,468.55,43.78,234.28,2
2016-05,California,Technology,45-59,Medium (50-500),2,121.44,14.75,60.72,1
2016-05,California,Technology,60+,High (500-1500),1,558.4,41.88,558.4,1
2016-05,California,Technology,60+,Medium (50-500),4,834.74,194.69,208.69,3
2016-05,Colorado,Furniture,60+,High (500-1500),1,801.57,50.1,801.57,1
2016-05,Colorado,Office Supplies,60+,Low (<50),5,113.38,-49.56,22.68,2
2016-05,Connecticut,Furniture,25-34,Medium (50-500),1,173.24,17.32,173.24,1
2016-05,Connecticut,Office Supplies,25-34,High (500-1500),1,552.56,0.0,552.56,1
2016-05,Connecticut,Office Supplies,25-34,Low (<50),1,14.62,6.87,14.62,1
2016-05,Connecticut,Office Supplies,25-34,Medium (50-500),1,65.17,18.9,65.17,1
2016-05,Delaware,Furniture,45-59,Medium (50-500),1,211.96,42.39,211.96,1
2016-05,District of Columbia,Furniture,25-34,Low (<50),1,41.37,17.38,41.37,1
2016-05,District of Columbia,Office Supplies,25-34,Low (<50),3,41.78,19.61,13.93,1
2016-05,Florida,Furniture,18-24,Medium (50-500),1,390.27,-24.39,390.27,1
2016-05,Florida,Furniture,25-34,Low (<50),1,30.19,8.3,30.19,1
2016-05,Florida,Office Supplies,18-24,Medium (50-500),1,62.19,19.43,62.19,1
2016-05,Florida,Office Supplies,25-34,Low (<50),4,59.64,-6.13,14.91,1
2016-05,Florida,Office Supplies,25-34,Medium (50-500),1,57.58,-44.15,57.58,1
2016-05,Florida,Office Supplies,35-44,Low (<50),1,7.76,-5.18,7.76,1
2016-05,Florida,Office Supplies,45-59,Low (<50),2,29.97,-23.78,14.98,1
2016-05,Florida,Office Supplies,45-59,Medium (50-500),2,277.95,45.32,138.98,2
2016-05,Florida,Office Supplies,60+,Low (<50),1,2.69,-2.24,2.69,1
2016-05,Florida,Technology,25-34,Low (<50),1,43.6,4.36,43.6,1
2016-05,Florida,Technology,45-59,Low (<50),1,47.92,11.98,47.92,1
2016-05,Florida,Technology,45-59,Medium (50-500),1,177.48,19.97,177.48,1
2016-05,Georgia,Furniture,45-59,Low (<50),1,24.96,6.24,24.96,1
2016-05,Georgia,Office Supplies,35-44,Low (<50),1,14.73,7.22,14.73,1
2016-05,Georgia,Office Supplies,45-59,High (500-1500),1,1267.65,152.12,1267.65,1
2016-05,Georgia,Office Supplies,45-59,Low (<50),1,19.36,9.29,19.36,1
2016-05,Illinois,Furniture,35-44,Low (<50),2,54.67,-23.0,27.34,2
2016-05,Illinois,Furniture,35-44,Medium (50-500),1,191.08,-38.22,191.08,1
2016-05,Illinois,Furniture,45-59,Low (<50),2,30.76,-35.03,15.38,1
2016-05,Illinois,Office Supplies,35-44,Low (<50),8,126.15,-54.59,15.77,3
2016-05,Illinois,Office Supplies,45-59,High (500-1500),1,1297.37,97.3,1297.37,1
2016-05,Illinois,Office Supplies,45-59,Low (<50),1,3.21,-5.29,3.21,1
2016-05,Illinois,Office Supplies,60+,Low (<50),2,10.87,-3.5,5.44,2
2016-05,Illinois,Technology,35-44,Medium (50-500),1,286.4,25.06,286.4,1
2016-05,Illinois,Technology,45-59,Low (<50),1,26.18,-3.27,26.18,1
2016-05,Illinois,Technology,60+,Very High (1500+),1,1979.93,148.49,1979.93,1
2016-05,Indiana,Office Supplies,45-59,Low (<50),1,21.4,6.21,21.4,1
2016-05,Kentucky,Office Supplies,18-24,Medium (50-500),1,79.14,36.4,79.14,1
2016-05,Michigan,Furniture,60+,Very High (1500+),1,3504.9,700.98,3504.9,1
2016-05,Michigan,Office Supplies,60+,Medium (50-500),2,458.67,220.16,229.34,1
2016-05,Mississippi,Office Supplies,35-44,High (500-1500),1,511.84,240.56,511.84,1
2016-05,Mississippi,Office Supplies,35-44,Low (<50),1,8.34,2.17,8.34,1
2016-05,Mississippi,Office Supplies,35-44,Medium (50-500),2,277.84,75.94,138.92,2
2016-05,Missouri,Office Supplies,60+,Medium (50-500),1,54.48,15.25,54.48,1
2016-05,Nevada,Furniture,18-24,Very High (1500+),1,1685.88,320.32,1685.88,1
2016-05,Nevada,Office Supplies,18-24,Low (<50),1,5.73,2.0,5.73,1
2016-05,Nevada,Technology,60+,Very High (1500+),1,2396.4,179.73,2396.4,1
2016-05,New Jersey,Furniture,45-59,Medium (50-500),1,174.29,-19.92,174.29,1
2016-05,New Jersey,Office Supplies,45-59,High (500-1500),1,662.84,172.34,662.84,1
2016-05,New Jersey,Office Supplies,45-59,Low (<50),1,26.88,12.9,26.88,1
2016-05,New Jersey,Technology,45-59,Medium (50-500),3,698.08,191.5,232.69,1
2016-05,New York,Furniture,35-44,Low (<50),1,10.02,4.41,10.02,1
2016-05,New York,Furniture,45-59,Medium (50-500),2,506.44,87.05,253.22,1
2016-05,New York,Furniture,60+,Low (<50),3,88.24,31.43,29.41,2
2016-05,New York,Furniture,60+,Medium (50-500),1,214.7,83.73,214.7,1
2016-05,New York,Office Supplies,45-59,Low (<50),2,52.4,25.64,26.2,2
2016-05,New York,Office Supplies,45-59,Medium (50-500),1,85.23,30.9,85.23,1
2016-05,New York,Office Supplies,60+,Low (<50),6,172.27,56.27,28.71,5
2016-05,New York,Office Supplies,60+,Medium (50-500),4,843.18,119.74,210.8,2
2016-05,New York,Technology,35-44,High (500-1500),1,631.96,303.34,631.96,1
2016-05,New York,Technology,45-59,Medium (50-500),1,199.95,21.99,199.95,1
2016-05,New York,Technology,45-59,Very High (1500+),1,3999.95,1159.99,3999.95,1
2016-05,New York,Technology,60+,Medium (50-500),1,179.7,88.05,179.7,1
2016-05,North Carolina,Furniture,60+,Medium (50-500),1,187.06,11.69,187.06,1
2016-05,North Carolina,Office Supplies,45-59,Low (<50),1,3.28,-2.63,3.28,1
2016-05,North Carolina,Technology,35-44,High (500-1500),1,1363.96,85.25,1363.96,1
2016-05,Ohio,Furniture,45-59,Medium (50-500),2,131.35,40.16,65.68,2
2016-05,Ohio,Furniture,60+,Medium (50-500),1,54.71,11.63,54.71,1
2016-05,Ohio,Office Supplies,25-34,Medium (50-500),1,123.92,9.29,123.92,1
2016-05,Ohio,Office Supplies,45-59,Low (<50),2,21.23,7.62,10.62,2
2016-05,Ohio,Office Supplies,45-59,Medium (50-500),1,195.64,-44.02,195.64,1
2016-05,Ohio,Office Supplies,60+,High (500-1500),1,1006.06,88.03,1006.06,1
2016-05,Ohio,Office Supplies,60+,Low (<50),5,102.96,26.14,20.59,2
2016-05,Ohio,Technology,35-44,High (500-1500),1,839.99,70.0,839.99,1
2016-05,Ohio,Technology,45-59,Medium (50-500),3,789.43,-205.76,263.14,1
2016-05,Ohio,Technology,60+,Medium (50-500),1,58.11,7.26,58.11,1
2016-05,Pennsylvania,Office Supplies,35-44,Medium (50-500),1,82.37,-19.56,82.37,1
2016-05,Pennsylvania,Office Supplies,45-59,Low (<50),2,36.35,6.7,18.18,1
2016-05,Pennsylvania,Office Supplies,60+,Low (<50),4,42.66,6.27,10.67,3
2016-05,Pennsylvania,Office Supplies,60+,Medium (50-500),1,79.36,9.92,79.36,1
2016-05,Pennsylvania,Technology,45-59,High (500-1500),1,743.99,-124.0,743.99,1
2016-05,Pennsylvania,Technology,60+,Medium (50-500),1,122.38,-24.48,122.38,1
2016-05,Pennsylvania,Technology,60+,Very High (1500+),1,8399.98,1120.0,8399.98,1
2016-05,Rhode Island,Office Supplies,25-34,Medium (50-500),1,111.96,54.86,111.96,1
2016-05,Tennessee,Furniture,45-59,Low (<50),1,16.72,3.34,16.72,1
2016-05,Tennessee,Furniture,60+,Low (<50),1,44.76,14.55,44.76,1
2016-05,Tennessee,Furniture,60+,Medium (50-500),1,370.62,-142.07,370.62,1
2016-05,Tennessee,Office Supplies,35-44,Low (<50),1,14.35,5.2,14.35,1
2016-05,Tennessee,Office Supplies,60+,Low (<50),4,22.45,-9.03,5.61,2
2016-05,Texas,Furniture,18-24,Medium (50-500),1,388.43,-88.78,388.43,1
2016-05,Texas,Furniture,45-59,Medium (50-500),1,366.74,-110.02,366.74,1
2016-05,Texas,Office Supplies,18-24,Low (<50),2,24.72,8.83,12.36,1
2016-05,Texas,Office Supplies,25-34,Low (<50),4,38.61,-8.43,9.65,2
2016-05,Texas,Office Supplies,25-34,Medium (50-500),1,82.66,31.0,82.66,1
2016-05,Texas,Office Supplies,60+,High (500-1500),1,856.66,107.08,856.66,1
2016-05,Texas,Office Supplies,60+,Low (<50),3,80.5,-179.94,26.83,1
2016-05,Texas,Office Supplies,60+,Medium (50-500),2,162.99,32.22,81.5,2
2016-05,Texas,Technology,18-24,Medium (50-500),1,63.99,-7.2,63.99,1
2016-05,Texas,Technology,25-34,Low (<50),1,19.14,1.91,19.14,1
2016-05,Texas,Technology,45-59,Medium (50-500),2,303.92,19.19,151.96,1
2016-05,Virginia,Furniture,18-24,High (500-1500),1,641.96,179.75,641.96,1
2016-05,Virginia,Furniture,45-59,Very High (1500+),1,2275.5,386.84,2275.5,1
2016-05,Virginia,Office Supplies,18-24,Low (<50),1,27.86,9.19,27.86,1
2016-05,Virginia,Office Supplies,45-59,Low (<50),1,10.96,2.96,10.96,1
2016-05,Virginia,Office Supplies,45-59,Medium (50-500),1,62.1,29.81,62.1,1
2016-05,Virginia,Office Supplies,60+,Low (<50),1,26.55,12.74,26.55,1
2016-05,Virginia,Office Supplies,60+,Medium (50-500),2,261.1,112.12,130.55,1
2016-05,Virginia,Technology,45-59,Very High (1500+),1,1979.7,653.3,1979.7,1
2016-05,Virginia,Technology,60+,Medium (50-500),1,111.98,26.88,111.98,1
2016-05,Washington,Office Supplies,18-24,Low (<50),1,11.96,5.86,11.96,1
2016-05,Washington,Office Supplies,18-24,Medium (50-500),1,54.9,26.9,54.9,1
2016-05,Washington,Technology,60+,Medium (50-500),1,93.98,13.16,93.98,1
2016-05,Wisconsin,Furniture,45-59,Low (<50),1,26.94,11.31,26.94,1
2016-05,Wisconsin,Furniture,60+,Low (<50),1,47.4,21.33,47.4,1
2016-05,Wisconsin,Office Supplies,60+,High (500-1500),1,629.1,301.97,629.1,1
2016-05,Wisconsin,Office Supplies,60+,Low (<50),4,115.38,41.12,28.84,1
2016-05,Wisconsin,Office Supplies,60+,Medium (50-500),1,364.74,109.42,364.74,1
2016-05,Wisconsin,Technology,60+,Medium (50-500),1,125.99,35.28,125.99,1
2016-06,Alabama,Office Supplies,35-44,Low (<50),1,16.74,8.04,16.74,1
2016-06,Alabama,Office Supplies,35-44,Medium (50-500),1,208.16,56.2,208.16,1
2016-06,Arkansas,Office Supplies,18-24,Low (<50),2,24.63,11.82,12.32,1
2016-06,Arkansas,Office Supplies,18-24,Medium (50-500),2,124.08,58.96,62.04,1
2016-06,Arkansas,Technology,18-24,Low (<50),1,26.85,5.1,26.85,1
2016-06,Arkansas,Technology,18-24,Medium (50-500),2,503.31,204.92,251.66,1
2016-06,California,Furniture,25-34,Medium (50-500),2,310.75,12.32,155.38,2
2016-06,California,Furniture,35-44,High (500-1500),2,1501.88,69.1,750.94,2
2016-06,California,Furniture,45-59,High (500-1500),1,1335.68,-217.05,1335.68,1
2016-06,California,Furniture,45-59,Low (<50),2,30.87,10.52,15.44,2
2016-06,California,Furniture,60+,High (500-1500),1,1293.49,80.84,1293.49,1
2016-06,California,Furniture,60+,Medium (50-500),2,283.92,5.69,141.96,2
2016-06,California,Office Supplies,18-24,Low (<50),4,39.89,18.44,9.97,2
2016-06,California,Office Supplies,18-24,Medium (50-500),2,292.53,28.61,146.26,2
2016-06,California,Office Supplies,25-34,Low (<50),1,22.5,10.8,22.5,1
2016-06,California,Office Supplies,25-34,Medium (50-500),1,219.84,107.72,219.84,1
2016-06,California,Office Supplies,35-44,Low (<50),2,36.17,13.88,18.09,2
2016-06,California,Office Supplies,35-44,Medium (50-500),3,404.53,138.48,134.84,2
2016-06,California,Office Supplies,45-59,Low (<50),10,215.48,94.12,21.55,6
2016-06,California,Office Supplies,45-59,Medium (50-500),1,93.68,25.29,93.68,1
2016-06,California,Office Supplies,60+,Low (<50),7,165.3,71.34,23.61,4
2016-06,California,Office Supplies,60+,Medium (50-500),4,559.68,195.18,139.92,4
2016-06,California,Technology,25-34,Low (<50),1,26.96,3.77,26.96,1
2016-06,California,Technology,25-34,Medium (50-500),1,477.6,161.19,477.6,1
2016-06,California,Technology,25-34,Very High (1500+),1,3023.93,226.79,3023.93,1
2016-06,California,Technology,35-44,Medium (50-500),1,177.48,19.97,177.48,1
2016-06,California,Technology,35-44,Very High (1500+),1,4476.8,503.64,4476.8,1
2016-06,California,Technology,45-59,High (500-1500),1,862.34,97.01,862.34,1
2016-06,California,Technology,45-59,Low (<50),2,67.53,0.11,33.76,2
2016-06,California,Technology,60+,Medium (50-500),1,201.58,12.6,201.58,1
2016-06,Colorado,Furniture,45-59,Medium (50-500),2,749.49,41.04,374.74,1
2016-06,Connecticut,Office Supplies,25-34,Low (<50),2,17.8,6.59,8.9,1
2016-06,Connecticut,Technology,25-34,High (500-1500),1,566.97,153.08,566.97,1
2016-06,Delaware,Furniture,18-24,Low (<50),1,47.04,18.35,47.04,1
2016-06,Delaware,Office Supplies,18-24,Low (<50),1,30.84,13.88,30.84,1
2016-06,Delaware,Office Supplies,18-24,Medium (50-500),2,341.58,115.2,170.79,1
2016-06,Delaware,Office Supplies,45-59,Low (<50),1,9.45,4.54,9.45,1
2016-06,Delaware,Office Supplies,60+,Low (<50),2,26.1,9.66,13.05,1
2016-06,Delaware,Office Supplies,60+,Medium (50-500),1,360.38,93.7,360.38,1
2016-06,Delaware,Technology,18-24,Low (<50),2,66.8,11.05,33.4,1
2016-06,Delaware,Technology,18-24,Medium (50-500),1,68.04,19.73,68.04,1
2016-06,Florida,Office Supplies,60+,Low (<50),1,39.94,-26.62,39.94,1
2016-06,Florida,Technology,60+,High (500-1500),1,695.7,-27.83,695.7,1
2016-06,Florida,Technology,60+,Low (<50),1,18.46,2.31,18.46,1
2016-06,Georgia,Furniture,60+,High (500-1500),1,1266.86,291.38,1266.86,1
2016-06,Georgia,Office Supplies,60+,Low (<50),1,35.97,9.71,35.97,1
2016-06,Georgia,Technology,45-59,Medium (50-500),1,135.95,39.43,135.95,1
2016-06,Illinois,Furniture,35-44,High (500-1500),1,539.66,-7.71,539.66,1
2016-06,Illinois,Furniture,60+,Low (<50),2,15.73,-7.51,7.87,1
2016-06,Illinois,Furniture,60+,Medium (50-500),2,596.9,-477.24,298.45,1
2016-06,Illinois,Office Supplies,18-24,Low (<50),1,23.12,8.38,23.12,1
2016-06,Illinois,Office Supplies,25-34,Low (<50),1,5.3,0.46,5.3,1
2016-06,Illinois,Office Supplies,35-44,Low (<50),1,37.46,12.18,37.46,1
2016-06,Illinois,Office Supplies,45-59,Medium (50-500),2,390.35,140.54,195.18,2
2016-06,Illinois,Office Supplies,60+,Low (<50),3,34.16,9.26,11.39,2
2016-06,Illinois,Technology,18-24,Medium (50-500),1,50.12,-0.63,50.12,1
2016-06,Illinois,Technology,25-34,Medium (50-500),1,359.98,36.0,359.98,1
2016-06,Illinois,Technology,45-59,High (500-1500),1,1007.98,43.2,1007.98,1
2016-06,Illinois,Technology,60+,Low (<50),1,31.98,11.19,31.98,1
2016-06,Illinois,Technology,60+,Medium (50-500),1,328.22,28.72,328.22,1
2016-06,Indiana,Technology,45-59,Medium (50-500),1,440.91,123.45,440.91,1
2016-06,Kansas,Office Supplies,60+,Low (<50),1,18.9,8.69,18.9,1
2016-06,Massachusetts,Office Supplies,18-24,High (500-1500),1,714.3,207.15,714.3,1
2016-06,Massachusetts,Office Supplies,35-44,Medium (50-500),1,105.52,48.54,105.52,1
2016-06,Michigan,Office Supplies,35-44,Low (<50),1,8.02,3.77,8.02,1
2016-06,Michigan,Office Supplies,35-44,Medium (50-500),2,539.95,225.24,269.98,1
2016-06,Michigan,Technology,35-44,Medium (50-500),1,377.97,94.49,377.97,1
2016-06,Minnesota,Furniture,45-59,High (500-1500),1,692.94,173.24,692.94,1
2016-06,New Jersey,Furniture,60+,Medium (50-500),1,121.96,20.73,121.96,1
2016-06,New Jersey,Office Supplies,60+,Low (<50),2,16.7,6.01,8.35,1
2016-06,New Jersey,Office Supplies,60+,Medium (50-500),2,337.2,148.99,168.6,1
2016-06,New York,Furniture,25-34,Medium (50-500),2,730.43,-257.75,365.22,2
2016-06,New York,Furniture,60+,Low (<50),1,37.74,12.83,37.74,1
2016-06,New York,Furniture,60+,Medium (50-500),3,517.31,33.01,172.44,2
2016-06,New York,Office Supplies,18-24,High (500-1500),1,704.25,84.51,704.25,1
2016-06,New York,Office Supplies,18-24,Low (<50),1,14.7,6.62,14.7,1
2016-06,New York,Office Supplies,25-34,Low (<50),1,36.56,12.8,36.56,1
2016-06,New York,Office Supplies,25-34,Medium (50-500),1,186.14,60.5,186.14,1
2016-06,New York,Office Supplies,35-44,Low (<50),1,33.57,11.75,33.57,1
2016-06,New York,Office Supplies,35-44,Medium (50-500),2,145.5,60.22,72.75,1
2016-06,New York,Office Supplies,45-59,Low (<50),4,95.55,26.1,23.89,3
2016-06,New York,Office Supplies,45-59,Medium (50-500),3,593.75,164.13,197.92,1
2016-06,New York,Office Supplies,60+,High (500-1500),1,835.17,16.7,835.17,1
2016-06,New York,Office Supplies,60+,Low (<50),6,137.89,58.9,22.98,3
2016-06,New York,Office Supplies,60+,Medium (50-500),1,208.56,52.14,208.56,1
2016-06,New York,Technology,35-44,Medium (50-500),1,239.97,71.99,239.97,1
2016-06,New York,Technology,60+,High (500-1500),1,1349.85,364.46,1349.85,1
2016-06,New York,Technology,60+,Low (<50),2,50.97,12.32,25.48,2
2016-06,New York,Technology,60+,Medium (50-500),1,139.96,9.8,139.96,1
2016-06,Ohio,Furniture,60+,Medium (50-500),2,548.96,34.97,274.48,1
2016-06,Oklahoma,Furniture,18-24,Medium (50-500),1,57.69,23.65,57.69,1
2016-06,Oklahoma,Technology,18-24,Low (<50),1,6.9,0.55,6.9,1
2016-06,Pennsylvania,Furniture,60+,Medium (50-500),2,759.23,-136.1,379.62,2
2016-06,Pennsylvania,Office Supplies,35-44,Low (<50),2,11.47,-1.72,5.74,1
2016-06,Pennsylvania,Office Supplies,35-44,Medium (50-500),1,453.6,90.72,453.6,1
2016-06,Pennsylvania,Office Supplies,45-59,Low (<50),5,123.59,10.32,24.72,3
2016-06,Pennsylvania,Office Supplies,45-59,Medium (50-500),2,512.48,20.62,256.24,2
2016-06,Pennsylvania,Office Supplies,60+,Low (<50),2,45.65,-25.29,22.82,2
2016-06,Pennsylvania,Office Supplies,60+,Medium (50-500),2,378.96,-74.23,189.48,2
2016-06,Rhode Island,Office Supplies,60+,Low (<50),1,14.9,1.04,14.9,1
2016-06,South Carolina,Office Supplies,60+,Medium (50-500),1,191.88,19.19,191.88,1
2016-06,Tennessee,Technology,35-44,Medium (50-500),1,91.48,-1.83,91.48,1
2016-06,Texas,Furniture,18-24,Low (<50),1,6.98,-4.54,6.98,1
2016-06,Texas,Furniture,18-24,Medium (50-500),1,379.37,-119.23,379.37,1
2016-06,Texas,Furniture,35-44,Low (<50),1,32.71,-26.17,32.71,1
2016-06,Texas,Furniture,35-44,Medium (50-500),1,85.25,-6.09,85.25,1
2016-06,Texas,Furniture,60+,Low (<50),1,12.54,-9.09,12.54,1
2016-06,Texas,Office Supplies,18-24,Low (<50),3,28.34,6.91,9.45,1
2016-06,Texas,Office Supplies,18-24,Medium (50-500),2,131.92,-154.21,65.96,1
2016-06,Texas,Office Supplies,25-34,Low (<50),1,8.71,-19.6,8.71,1
2016-06,Texas,Office Supplies,25-34,Medium (50-500),1,173.49,54.22,173.49,1
2016-06,Texas,Office Supplies,60+,Low (<50),3,19.98,-12.17,6.66,2
2016-06,Texas,Technology,18-24,Low (<50),1,13.62,3.57,13.62,1
2016-06,Texas,Technology,60+,Medium (50-500),1,95.97,26.39,95.97,1
2016-06,Virginia,Office Supplies,45-59,Medium (50-500),1,75.88,35.66,75.88,1
2016-06,Washington,Furniture,45-59,High (500-1500),1,1115.17,334.55,1115.17,1
2016-06,Washington,Office Supplies,25-34,Low (<50),1,14.62,6.87,14.62,1
2016-06,Washington,Office Supplies,25-34,Medium (50-500),1,53.98,17.54,53.98,1
2016-06,Washington,Office Supplies,60+,Low (<50),2,41.41,17.81,20.71,1
2016-06,Washington,Office Supplies,60+,Medium (50-500),2,113.03,34.68,56.51,2
2016-06,Washington,Technology,25-34,Medium (50-500),1,389.97,132.59,389.97,1
2016-07,Alabama,Technology,45-59,Low (<50),1,29.0,7.25,29.0,1
2016-07,Arizona,Office Supplies,18-24,Low (<50),1,16.77,1.47,16.77,1
2016-07,Arizona,Office Supplies,45-59,Low (<50),1,33.8,4.22,33.8,1
2016-07,Arizona,Office Supplies,60+,Low (<50),1,44.86,-35.88,44.86,1
2016-07,Arizona,Technology,45-59,Medium (50-500),1,55.99,3.5,55.99,1
2016-07,Arizona,Technology,60+,Medium (50-500),1,380.86,38.09,380.86,1
2016-07,California,Furniture,35-44,Medium (50-500),1,215.65,73.32,215.65,1
2016-07,California,Furniture,45-59,High (500-1500),2,2142.29,193.37,1071.15,2
2016-07,California,Furniture,45-59,Low (<50),1,25.4,8.64,25.4,1
2016-07,California,Furniture,45-59,Medium (50-500),1,195.18,19.52,195.18,1
2016-07,California,Furniture,60+,Low (<50),1,30.8,10.16,30.8,1
2016-07,California,Furniture,60+,Medium (50-500),4,854.6,119.23,213.65,2
2016-07,California,Office Supplies,25-34,High (500-1500),1,715.64,178.91,715.64,1
2016-07,California,Office Supplies,25-34,Low (<50),1,3.15,1.51,3.15,1
2016-07,California,Office Supplies,25-34,Medium (50-500),1,419.9,197.35,419.9,1
2016-07,California,Office Supplies,35-44,Low (<50),3,38.4,17.04,12.8,2
2016-07,California,Office Supplies,35-44,Medium (50-500),1,77.88,3.89,77.88,1
2016-07,California,Office Supplies,45-59,Low (<50),5,134.25,44.09,26.85,4
2016-07,California,Office Supplies,60+,Low (<50),1,48.94,24.47,48.94,1
2016-07,California,Office Supplies,60+,Medium (50-500),2,271.24,90.4,135.62,2
2016-07,California,Technology,45-59,Low (<50),1,35.98,4.5,35.98,1
2016-07,California,Technology,45-59,Medium (50-500),2,485.73,139.77,242.86,2
2016-07,California,Technology,60+,Medium (50-500),1,110.38,12.42,110.38,1
2016-07,California,Technology,60+,Very High (1500+),1,2799.96,944.99,2799.96,1
2016-07,Colorado,Furniture,45-59,High (500-1500),2,1398.36,51.48,699.18,1
2016-07,Colorado,Furniture,60+,High (500-1500),1,662.88,74.57,662.88,1
2016-07,Colorado,Office Supplies,45-59,High (500-1500),1,593.57,0.0,593.57,1
2016-07,Colorado,Office Supplies,45-59,Low (<50),1,1.87,-1.44,1.87,1
2016-07,Colorado,Office Supplies,45-59,Medium (50-500),1,338.04,-33.8,338.04,1
2016-07,Colorado,Office Supplies,60+,Low (<50),3,62.19,-20.68,20.73,1
2016-07,Florida,Office Supplies,25-34,Low (<50),1,45.58,5.13,45.58,1
2016-07,Florida,Office Supplies,35-44,Low (<50),3,61.13,7.68,20.38,2
2016-07,Florida,Office Supplies,45-59,Low (<50),1,15.98,5.0,15.98,1
2016-07,Florida,Technology,35-44,Medium (50-500),1,265.48,-111.5,265.48,1
2016-07,Florida,Technology,45-59,High (500-1500),1,823.96,51.5,823.96,1
2016-07,Georgia,Furniture,60+,Medium (50-500),1,51.75,15.52,51.75,1
2016-07,Georgia,Office Supplies,60+,Low (<50),1,36.4,17.11,36.4,1
2016-07,Illinois,Furniture,25-34,Medium (50-500),2,313.66,-41.61,156.83,1
2016-07,Illinois,Office Supplies,25-34,Low (<50),2,26.32,8.52,13.16,1
2016-07,Illinois,Office Supplies,45-59,High (500-1500),1,1036.62,51.83,1036.62,1
2016-07,Illinois,Office Supplies,45-59,Low (<50),2,20.66,-15.72,10.33,2
2016-07,Kentucky,Furniture,35-44,Medium (50-500),1,140.81,39.43,140.81,1
2016-07,Louisiana,Office Supplies,25-34,Medium (50-500),1,73.2,21.23,73.2,1
2016-07,Maryland,Furniture,60+,Low (<50),1,27.42,9.32,27.42,1
2016-07,Maryland,Office Supplies,60+,Low (<50),2,43.08,13.14,21.54,1
2016-07,Maryland,Office Supplies,60+,Medium (50-500),1,51.84,24.88,51.84,1
2016-07,Michigan,Furniture,60+,Medium (50-500),1,272.94,30.02,272.94,1
2016-07,Michigan,Office Supplies,18-24,Low (<50),1,20.44,9.2,20.44,1
2016-07,Michigan,Office Supplies,18-24,Medium (50-500),1,109.92,53.86,109.92,1
2016-07,Michigan,Office Supplies,35-44,High (500-1500),1,965.85,135.22,965.85,1
2016-07,Michigan,Office Supplies,35-44,Low (<50),2,61.6,26.06,30.8,1
2016-07,Michigan,Office Supplies,60+,Medium (50-500),1,283.14,72.36,283.14,1
2016-07,Michigan,Technology,35-44,Medium (50-500),1,109.95,36.28,109.95,1
2016-07,Michigan,Technology,60+,High (500-1500),1,635.96,165.35,635.96,1
2016-07,Michigan,Technology,60+,Medium (50-500),1,118.99,33.32,118.99,1
2016-07,Mississippi,Furniture,45-59,Very High (1500+),1,2430.08,388.81,2430.08,1
2016-07,Mississippi,Furniture,60+,High (500-1500),1,504.9,126.22,504.9,1
2016-07,Mississippi,Furniture,60+,Medium (50-500),1,185.58,76.09,185.58,1
2016-07,Mississippi,Office Supplies,45-59,Low (<50),1,7.89,0.32,7.89,1
2016-07,Mississippi,Office Supplies,45-59,Medium (50-500),1,65.5,32.1,65.5,1
2016-07,Mississippi,Office Supplies,60+,Low (<50),1,8.6,4.04,8.6,1
2016-07,Mississippi,Office Supplies,60+,Medium (50-500),3,411.42,157.07,137.14,1
2016-07,Missouri,Office Supplies,18-24,Low (<50),2,29.57,13.83,14.78,1
2016-07,Missouri,Office Supplies,18-24,Medium (50-500),3,559.95,77.99,186.65,1
2016-07,Nevada,Office Supplies,35-44,Medium (50-500),1,86.2,25.0,86.2,1
2016-07,New Jersey,Office Supplies,35-44,Medium (50-500),2,218.12,72.17,109.06,1
2016-07,New Jersey,Technology,35-44,High (500-1500),1,597.0,280.59,597.0,1
2016-07,New York,Furniture,25-34,High (500-1500),1,579.14,21.72,579.14,1
2016-07,New York,Furniture,35-44,Medium (50-500),3,827.05,118.43,275.68,2
2016-07,New York,Office Supplies,25-34,Low (<50),6,115.36,40.85,19.23,2
2016-07,New York,Office Supplies,25-34,Medium (50-500),1,75.06,33.78,75.06,1
2016-07,New York,Office Supplies,45-59,Low (<50),3,89.73,32.25,29.91,3
2016-07,New York,Office Supplies,60+,High (500-1500),1,706.86,197.92,706.86,1
2016-07,New York,Technology,25-34,Low (<50),1,30.84,6.17,30.84,1
2016-07,New York,Technology,45-59,Medium (50-500),1,89.95,43.18,89.95,1
2016-07,North Carolina,Furniture,35-44,Medium (50-500),1,363.92,0.0,363.92,1
2016-07,North Carolina,Office Supplies,35-44,Low (<50),1,6.26,2.04,6.26,1
2016-07,North Carolina,Office Supplies,45-59,High (500-1500),1,704.76,26.43,704.76,1
2016-07,North Carolina,Office Supplies,45-59,Low (<50),1,27.4,-20.09,27.4,1
2016-07,Ohio,Office Supplies,45-59,Low (<50),2,29.74,-6.73,14.87,1
2016-07,Ohio,Office Supplies,45-59,Medium (50-500),3,410.06,40.31,136.69,2
2016-07,Ohio,Technology,35-44,High (500-1500),1,1439.98,192.0,1439.98,1
2016-07,Oregon,Furniture,18-24,Medium (50-500),1,230.28,23.03,230.28,1
2016-07,Oregon,Office Supplies,18-24,Medium (50-500),1,105.52,34.29,105.52,1
2016-07,Pennsylvania,Furniture,45-59,Low (<50),1,11.65,3.35,11.65,1
2016-07,Pennsylvania,Furniture,45-59,Medium (50-500),1,177.45,-78.08,177.45,1
2016-07,Pennsylvania,Office Supplies,18-24,Low (<50),3,25.22,-9.34,8.4,1
2016-07,Pennsylvania,Office Supplies,25-34,Low (<50),2,29.76,7.97,14.88,1
2016-07,Pennsylvania,Office Supplies,25-34,Medium (50-500),1,284.08,24.86,284.08,1
2016-07,Pennsylvania,Office Supplies,35-44,Low (<50),2,7.78,-0.56,3.89,2
2016-07,Pennsylvania,Office Supplies,35-44,Medium (50-500),1,123.92,38.72,123.92,1
2016-07,Pennsylvania,Office Supplies,45-59,High (500-1500),1,1369.76,-913.18,1369.76,1
2016-07,Pennsylvania,Office Supplies,45-59,Low (<50),2,13.64,1.08,6.82,2
2016-07,Pennsylvania,Office Supplies,45-59,Medium (50-500),1,84.78,-16.96,84.78,1
2016-07,Pennsylvania,Office Supplies,60+,Low (<50),1,11.63,1.02,11.63,1
2016-07,Pennsylvania,Technology,18-24,Medium (50-500),1,59.99,-13.0,59.99,1
2016-07,Pennsylvania,Technology,35-44,Medium (50-500),2,638.36,-144.15,319.18,1
2016-07,Pennsylvania,Technology,60+,Medium (50-500),1,341.99,-319.19,341.99,1
2016-07,Rhode Island,Office Supplies,25-34,Low (<50),1,12.96,6.22,12.96,1
2016-07,South Carolina,Office Supplies,35-44,Low (<50),4,63.08,24.63,15.77,1
2016-07,South Carolina,Office Supplies,35-44,Medium (50-500),1,60.12,28.86,60.12,1
2016-07,South Carolina,Office Supplies,45-59,Low (<50),2,27.16,12.75,13.58,1
2016-07,South Carolina,Office Supplies,45-59,Medium (50-500),1,58.34,28.0,58.34,1
2016-07,South Carolina,Technology,35-44,Medium (50-500),1,75.98,18.24,75.98,1
2016-07,Texas,Furniture,18-24,Low (<50),1,9.55,-3.82,9.55,1
2016-07,Texas,Furniture,25-34,Low (<50),1,24.7,-9.88,24.7,1
2016-07,Texas,Furniture,25-34,Medium (50-500),1,302.72,-378.4,302.72,1
2016-07,Texas,Furniture,60+,High (500-1500),1,528.43,0.0,528.43,1
2016-07,Texas,Office Supplies,18-24,Low (<50),1,15.71,5.7,15.71,1
2016-07,Texas,Office Supplies,18-24,Medium (50-500),1,219.84,79.69,219.84,1
2016-07,Texas,Office Supplies,25-34,Low (<50),2,57.24,9.98,28.62,1
2016-07,Texas,Office Supplies,35-44,Low (<50),5,75.34,-1.6,15.07,2
2016-07,Texas,Office Supplies,35-44,Medium (50-500),1,175.92,15.39,175.92,1
2016-07,Texas,Office Supplies,45-59,Low (<50),1,9.26,-13.9,9.26,1
2016-07,Texas,Office Supplies,45-59,Medium (50-500),2,492.28,-16.45,246.14,1
2016-07,Texas,Office Supplies,60+,Low (<50),2,62.41,21.58,31.2,2
2016-07,Texas,Technology,35-44,High (500-1500),1,863.64,107.96,863.64,1
2016-07,Texas,Technology,35-44,Low (<50),1,15.58,3.31,15.58,1
2016-07,Texas,Technology,60+,Medium (50-500),2,535.08,64.01,267.54,2
2016-07,Utah,Office Supplies,35-44,Low (<50),3,103.34,31.53,34.45,2
2016-07,Utah,Technology,60+,High (500-1500),1,1499.95,449.98,1499.95,1
2016-07,Virginia,Office Supplies,45-59,Low (<50),1,7.7,3.16,7.7,1
2016-07,Virginia,Office Supplies,60+,Low (<50),1,10.44,4.8,10.44,1
2016-07,Washington,Furniture,35-44,Low (<50),2,37.17,15.36,18.58,1
2016-07,Washington,Furniture,45-59,Low (<50),1,25.4,8.64,25.4,1
2016-07,Washington,Office Supplies,35-44,Low (<50),1,12.82,4.17,12.82,1
2016-07,Washington,Office Supplies,35-44,Medium (50-500),2,157.23,58.6,78.61,1
2016-07,Washington,Office Supplies,60+,Low (<50),2,21.79,6.93,10.9,2
2016-07,Washington,Technology,35-44,Low (<50),1,20.78,-4.68,20.78,1
2016-07,Washington,Technology,35-44,Medium (50-500),1,428.4,89.96,428.4,1
2016-07,Washington,Technology,45-59,Medium (50-500),2,249.46,28.96,124.73,1
2016-07,Washington,Technology,60+,Medium (50-500),1,107.98,9.45,107.98,1
2016-07,Wisconsin,Furniture,60+,Medium (50-500),2,498.76,124.46,249.38,1
2016-07,Wisconsin,Office Supplies,60+,Low (<50),1,20.62,9.69,20.62,1
2016-07,Wisconsin,Technology,60+,Medium (50-500),2,421.8,131.77,210.9,1
2016-08,Alabama,Office Supplies,60+,Medium (50-500),1,197.05,59.12,197.05,1
2016-08,California,Furniture,25-34,Medium (50-500),1,136.46,15.35,136.46,1
2016-08,California,Furniture,35-44,Very High (1500+),1,2887.06,180.44,2887.06,1
2016-08,California,Furniture,45-59,High (500-1500),1,513.02,12.83,513.02,1
2016-08,California,Furniture,45-59,Medium (50-500),2,473.31,55.78,236.65,2
2016-08,California,Furniture,60+,Low (<50),1,47.04,15.99,47.04,1
2016-08,California,Furniture,60+,Very High (1500+),1,1603.14,100.2,1603.14,1
2016-08,California,Office Supplies,18-24,Low (<50),1,15.54,7.61,15.54,1
2016-08,California,Office Supplies,25-34,Low (<50),2,22.77,9.61,11.39,2
2016-08,California,Office Supplies,25-34,Medium (50-500),1,154.9,69.7,154.9,1
2016-08,California,Office Supplies,35-44,Low (<50),7,168.13,68.47,24.02,5
2016-08,California,Office Supplies,45-59,Low (<50),3,70.7,26.39,23.57,2
2016-08,California,Office Supplies,45-59,Medium (50-500),1,487.92,136.62,487.92,1
2016-08,California,Office Supplies,60+,Low (<50),4,44.15,16.36,11.04,3
2016-08,California,Technology,18-24,Medium (50-500),1,105.55,35.62,105.55,1
2016-08,California,Technology,25-34,Medium (50-500),1,333.58,33.36,333.58,1
2016-08,California,Technology,35-44,High (500-1500),1,1039.73,90.98,1039.73,1
2016-08,California,Technology,35-44,Low (<50),1,31.98,-8.0,31.98,1
2016-08,California,Technology,35-44,Medium (50-500),3,558.1,89.58,186.03,2
2016-08,California,Technology,45-59,Medium (50-500),1,165.6,10.35,165.6,1
2016-08,California,Technology,60+,Medium (50-500),3,714.32,79.93,238.11,3
2016-08,Colorado,Furniture,25-34,Medium (50-500),1,98.33,9.83,98.33,1
2016-08,Colorado,Office Supplies,25-34,Low (<50),1,15.48,5.61,15.48,1
2016-08,Colorado,Office Supplies,45-59,Low (<50),1,18.88,-13.85,18.88,1
2016-08,Colorado,Office Supplies,45-59,Medium (50-500),1,122.33,12.23,122.33,1
2016-08,Colorado,Technology,25-34,Medium (50-500),1,108.58,8.14,108.58,1
2016-08,Florida,Furniture,25-34,High (500-1500),1,562.29,-255.59,562.29,1
2016-08,Florida,Office Supplies,35-44,Low (<50),1,9.22,3.34,9.22,1
2016-08,Florida,Office Supplies,60+,Low (<50),1,31.01,11.24,31.01,1
2016-08,Florida,Technology,25-34,High (500-1500),1,705.54,70.55,705.54,1
2016-08,Georgia,Furniture,25-34,Medium (50-500),1,186.54,41.04,186.54,1
2016-08,Illinois,Office Supplies,45-59,Low (<50),1,1.79,-3.04,1.79,1
2016-08,Illinois,Office Supplies,45-59,Medium (50-500),1,64.62,22.62,64.62,1
2016-08,Illinois,Office Supplies,60+,Low (<50),1,3.98,-6.57,3.98,1
2016-08,Illinois,Technology,45-59,Medium (50-500),1,95.98,-10.8,95.98,1
2016-08,Iowa,Office Supplies,45-59,Low (<50),1,6.48,3.11,6.48,1
2016-08,Louisiana,Office Supplies,60+,Low (<50),1,17.34,4.68,17.34,1
2016-08,Louisiana,Technology,60+,Medium (50-500),1,71.98,15.12,71.98,1
2016-08,Massachusetts,Furniture,60+,Medium (50-500),1,244.62,20.97,244.62,1
2016-08,Massachusetts,Office Supplies,60+,Low (<50),2,40.68,19.18,20.34,1
2016-08,Massachusetts,Office Supplies,60+,Medium (50-500),2,204.51,96.95,102.26,1
2016-08,Massachusetts,Technology,60+,Medium (50-500),1,59.97,28.79,59.97,1
2016-08,Michigan,Furniture,18-24,Medium (50-500),1,447.84,98.52,447.84,1
2016-08,Michigan,Office Supplies,18-24,Low (<50),2,20.2,8.17,10.1,1
2016-08,Michigan,Technology,18-24,Medium (50-500),2,689.94,221.98,344.97,1
2016-08,Michigan,Technology,25-34,Low (<50),1,14.78,3.99,14.78,1
2016-08,Mississippi,Office Supplies,18-24,Low (<50),1,23.34,0.23,23.34,1
2016-08,New Hampshire,Office Supplies,60+,Low (<50),1,27.93,8.1,27.93,1
2016-08,New York,Furniture,25-34,Medium (50-500),1,209.15,-66.23,209.15,1
2016-08,New York,Furniture,45-59,High (500-1500),1,573.17,63.69,573.17,1
2016-08,New York,Furniture,45-59,Medium (50-500),1,145.76,-8.1,145.76,1
2016-08,New York,Office Supplies,18-24,Low (<50),1,25.32,9.18,25.32,1
2016-08,New York,Office Supplies,18-24,Medium (50-500),2,423.47,144.96,211.74,1
2016-08,New York,Office Supplies,25-34,Medium (50-500),1,146.69,45.84,146.69,1
2016-08,New York,Office Supplies,25-34,Very High (1500+),1,1591.02,286.38,1591.02,1
2016-08,New York,Office Supplies,45-59,High (500-1500),1,1040.8,281.02,1040.8,1
2016-08,New York,Office Supplies,45-59,Low (<50),2,50.64,16.65,25.32,1
2016-08,New York,Office Supplies,45-59,Medium (50-500),1,70.88,33.31,70.88,1
2016-08,New York,Office Supplies,60+,Low (<50),1,38.34,15.72,38.34,1
2016-08,New York,Office Supplies,60+,Medium (50-500),1,355.32,99.49,355.32,1
2016-08,New York,Technology,18-24,Low (<50),1,39.99,11.6,39.99,1
2016-08,New York,Technology,45-59,Low (<50),2,55.0,13.75,27.5,2
2016-08,New York,Technology,45-59,Medium (50-500),1,249.95,87.48,249.95,1
2016-08,North Carolina,Furniture,60+,Medium (50-500),1,225.3,22.53,225.3,1
2016-08,North Carolina,Office Supplies,25-34,Low (<50),2,37.26,6.85,18.63,1
2016-08,North Carolina,Office Supplies,35-44,High (500-1500),1,569.54,64.07,569.54,1
2016-08,North Carolina,Office Supplies,35-44,Low (<50),1,30.82,9.63,30.82,1
2016-08,North Carolina,Office Supplies,60+,Low (<50),2,21.5,-5.03,10.75,1
2016-08,North Carolina,Technology,35-44,Low (<50),1,44.78,4.48,44.78,1
2016-08,Ohio,Office Supplies,18-24,Low (<50),1,3.32,-2.65,3.32,1
2016-08,Ohio,Office Supplies,18-24,Medium (50-500),2,247.84,53.84,123.92,1
2016-08,Ohio,Office Supplies,60+,Low (<50),1,18.43,-12.29,18.43,1
2016-08,Ohio,Technology,45-59,Medium (50-500),3,787.04,-56.76,262.35,1
2016-08,Oklahoma,Office Supplies,25-34,Medium (50-500),1,81.54,38.32,81.54,1
2016-08,Oklahoma,Office Supplies,35-44,Low (<50),2,74.26,34.81,37.13,1
2016-08,Oklahoma,Office Supplies,35-44,Medium (50-500),1,77.56,35.68,77.56,1
2016-08,Oklahoma,Office Supplies,60+,Low (<50),1,10.56,4.75,10.56,1
2016-08,Oklahoma,Technology,25-34,Medium (50-500),1,167.28,23.42,167.28,1
2016-08,Oregon,Office Supplies,60+,Low (<50),1,26.35,-18.45,26.35,1
2016-08,Pennsylvania,Furniture,45-59,High (500-1500),1,815.29,-339.7,815.29,1
2016-08,Pennsylvania,Furniture,45-59,Low (<50),1,19.31,3.14,19.31,1
2016-08,Pennsylvania,Furniture,45-59,Medium (50-500),2,405.8,-138.39,202.9,1
2016-08,Pennsylvania,Furniture,60+,High (500-1500),1,786.74,-258.5,786.74,1
2016-08,Pennsylvania,Office Supplies,25-34,Low (<50),1,37.31,2.8,37.31,1
2016-08,Pennsylvania,Office Supplies,45-59,Low (<50),3,19.54,-3.53,6.51,2
2016-08,Pennsylvania,Office Supplies,60+,Low (<50),1,37.76,-27.69,37.76,1
2016-08,Pennsylvania,Office Supplies,60+,Medium (50-500),2,154.46,37.22,77.23,1
2016-08,Pennsylvania,Technology,45-59,Low (<50),1,47.98,13.2,47.98,1
2016-08,Pennsylvania,Technology,60+,Medium (50-500),1,290.9,-67.88,290.9,1
2016-08,Tennessee,Office Supplies,25-34,Low (<50),1,15.55,5.44,15.55,1
2016-08,Tennessee,Office Supplies,60+,Low (<50),2,16.22,-10.96,8.11,1
2016-08,Texas,Furniture,45-59,Low (<50),2,14.9,-5.96,7.45,1
2016-08,Texas,Furniture,45-59,Medium (50-500),1,156.37,-52.89,156.37,1
2016-08,Texas,Furniture,60+,High (500-1500),1,1024.72,-29.28,1024.72,1
2016-08,Texas,Furniture,60+,Low (<50),1,22.61,-10.17,22.61,1
2016-08,Texas,Office Supplies,18-24,Low (<50),1,19.65,6.63,19.65,1
2016-08,Texas,Office Supplies,25-34,Low (<50),1,14.16,1.06,14.16,1
2016-08,Texas,Office Supplies,25-34,Medium (50-500),1,79.92,27.97,79.92,1
2016-08,Texas,Office Supplies,35-44,Low (<50),3,19.32,6.45,6.44,2
2016-08,Texas,Office Supplies,35-44,Medium (50-500),3,160.64,12.79,53.55,2
2016-08,Texas,Office Supplies,45-59,Low (<50),3,27.48,-45.12,9.16,2
2016-08,Texas,Office Supplies,45-59,Medium (50-500),2,244.3,-187.96,122.15,1
2016-08,Texas,Office Supplies,60+,High (500-1500),1,727.3,-172.73,727.3,1
2016-08,Texas,Office Supplies,60+,Low (<50),2,26.04,-1.02,13.02,2
2016-08,Texas,Office Supplies,60+,Medium (50-500),1,83.84,30.39,83.84,1
2016-08,Texas,Technology,45-59,High (500-1500),1,1399.94,52.5,1399.94,1
2016-08,Texas,Technology,60+,High (500-1500),1,666.4,-33.32,666.4,1
2016-08,Texas,Technology,60+,Medium (50-500),1,159.98,44.0,159.98,1
2016-08,Virginia,Furniture,60+,Medium (50-500),1,109.8,46.12,109.8,1
2016-08,Virginia,Office Supplies,25-34,Low (<50),1,22.32,10.71,22.32,1
2016-08,Virginia,Office Supplies,25-34,Medium (50-500),1,103.6,51.8,103.6,1
2016-08,Virginia,Office Supplies,60+,Low (<50),3,49.01,17.23,16.34,1
2016-08,Washington,Furniture,35-44,High (500-1500),1,532.7,-39.95,532.7,1
2016-08,Washington,Office Supplies,18-24,Low (<50),1,33.44,11.7,33.44,1
2016-08,Washington,Office Supplies,25-34,Low (<50),1,19.44,9.33,19.44,1
2016-08,Washington,Office Supplies,35-44,Low (<50),3,93.66,28.36,31.22,1
2016-08,Washington,Office Supplies,35-44,Medium (50-500),1,135.9,63.87,135.9,1
2016-08,Washington,Office Supplies,60+,Low (<50),2,22.19,8.81,11.1,2
2016-08,Washington,Technology,35-44,High (500-1500),1,837.6,62.82,837.6,1
2016-08,Washington,Technology,45-59,Medium (50-500),1,179.97,86.39,179.97,1
2016-08,Wisconsin,Furniture,60+,Medium (50-500),1,241.96,24.2,241.96,1
2016-08,Wisconsin,Office Supplies,45-59,Low (<50),3,77.76,33.45,25.92,1
2016-08,Wisconsin,Office Supplies,60+,Low (<50),1,8.52,4.17,8.52,1
2016-08,Wisconsin,Technology,45-59,Low (<50),1,1.98,0.89,1.98,1
2016-08,Wisconsin,Technology,60+,Low (<50),1,47.97,14.87,47.97,1
2016-09,Alabama,Furniture,45-59,Medium (50-500),1,350.98,84.24,350.98,1
2016-09,Alabama,Office Supplies,35-44,Low (<50),1,25.92,7.78,25.92,1
2016-09,Alabama,Office Supplies,35-44,Medium (50-500),1,62.94,30.21,62.94,1
2016-09,Alabama,Office Supplies,45-59,High (500-1500),1,900.08,117.01,900.08,1
2016-09,Alabama,Office Supplies,45-59,Low (<50),1,13.08,6.02,13.08,1
2016-09,Alabama,Technology,35-44,Medium (50-500),1,209.97,71.39,209.97,1
2016-09,Arizona,Furniture,60+,Medium (50-500),1,393.16,-204.45,393.16,1
2016-09,Arizona,Office Supplies,35-44,Low (<50),1,10.5,1.18,10.5,1
2016-09,Arizona,Office Supplies,60+,Low (<50),3,33.22,11.16,11.07,1
2016-09,Arkansas,Office Supplies,35-44,Medium (50-500),1,239.5,114.96,239.5,1
2016-09,California,Furniture,18-24,High (500-1500),1,568.73,28.44,568.73,1
2016-09,California,Furniture,18-24,Medium (50-500),2,572.35,115.54,286.17,2
2016-09,California,Furniture,25-34,Low (<50),1,24.27,8.74,24.27,1
2016-09,California,Furniture,35-44,High (500-1500),2,1687.1,-49.52,843.55,1
2016-09,California,Furniture,45-59,Medium (50-500),2,419.71,-25.66,209.85,2
2016-09,California,Furniture,60+,High (500-1500),1,563.24,56.32,563.24,1
2016-09,California,Furniture,60+,Medium (50-500),3,971.29,103.77,323.76,3
2016-09,California,Office Supplies,18-24,Low (<50),5,110.07,27.72,22.01,2
2016-09,California,Office Supplies,18-24,Medium (50-500),3,415.29,156.64,138.43,1
2016-09,California,Office Supplies,25-34,Low (<50),7,107.86,43.27,15.41,4
2016-09,California,Office Supplies,25-34,Medium (50-500),2,328.23,103.85,164.12,2
2016-09,California,Office Supplies,35-44,Low (<50),3,41.95,19.72,13.98,2
2016-09,California,Office Supplies,35-44,Medium (50-500),1,368.91,180.77,368.91,1
2016-09,California,Office Supplies,45-59,Low (<50),7,138.99,46.5,19.86,6
2016-09,California,Office Supplies,45-59,Medium (50-500),3,218.58,88.3,72.86,3
2016-09,California,Office Supplies,60+,Low (<50),15,328.93,122.68,21.93,9
2016-09,California,Office Supplies,60+,Medium (50-500),4,1059.46,288.94,264.86,4
2016-09,California,Technology,18-24,High (500-1500),1,1091.17,68.2,1091.17,1
2016-09,California,Technology,25-34,Medium (50-500),1,116.0,29.0,116.0,1
2016-09,California,Technology,25-34,Very High (1500+),2,6147.33,1580.99,3073.66,2
2016-09,California,Technology,45-59,Medium (50-500),1,239.98,24.0,239.98,1
2016-09,California,Technology,60+,Low (<50),2,80.98,19.69,40.49,2
2016-09,California,Technology,60+,Medium (50-500),2,553.56,170.27,276.78,2
2016-09,Colorado,Furniture,18-24,Low (<50),2,30.37,5.31,15.18,1
2016-09,Colorado,Furniture,18-24,Medium (50-500),1,466.77,52.51,466.77,1
2016-09,Colorado,Furniture,35-44,Medium (50-500),1,68.43,8.55,68.43,1
2016-09,Colorado,Furniture,45-59,Low (<50),1,21.44,7.5,21.44,1
2016-09,Colorado,Furniture,45-59,Medium (50-500),1,83.14,5.2,83.14,1
2016-09,Colorado,Office Supplies,18-24,Low (<50),1,6.26,2.04,6.26,1
2016-09,Colorado,Office Supplies,45-59,High (500-1500),1,511.06,-95.82,511.06,1
2016-09,Colorado,Technology,45-59,Medium (50-500),1,146.95,9.18,146.95,1
2016-09,Connecticut,Office Supplies,35-44,Low (<50),1,48.16,22.15,48.16,1
2016-09,Florida,Furniture,35-44,Medium (50-500),1,383.44,-167.32,383.44,1
2016-09,Florida,Office Supplies,45-59,Low (<50),2,24.07,-0.21,12.03,1
2016-09,Florida,Office Supplies,60+,Low (<50),1,3.0,1.05,3.0,1
2016-09,Florida,Technology,25-34,High (500-1500),1,519.68,58.46,519.68,1
2016-09,Florida,Technology,35-44,Medium (50-500),1,431.98,-75.6,431.98,1
2016-09,Georgia,Furniture,35-44,Medium (50-500),1,368.97,81.17,368.97,1
2016-09,Georgia,Furniture,45-59,Medium (50-500),1,121.78,30.44,121.78,1
2016-09,Georgia,Office Supplies,25-34,Low (<50),2,31.83,13.37,15.92,1
2016-09,Georgia,Office Supplies,35-44,Medium (50-500),1,118.25,34.29,118.25,1
2016-09,Georgia,Office Supplies,60+,Low (<50),1,5.04,0.15,5.04,1
2016-09,Georgia,Technology,35-44,Medium (50-500),1,396.0,190.08,396.0,1
2016-09,Georgia,Technology,60+,Medium (50-500),1,249.95,107.48,249.95,1
2016-09,Idaho,Furniture,35-44,High (500-1500),1,1128.39,259.53,1128.39,1
2016-09,Idaho,Office Supplies,35-44,Low (<50),1,20.42,6.64,20.42,1
2016-09,Illinois,Furniture,25-34,High (500-1500),1,601.47,-300.74,601.47,1
2016-09,Illinois,Furniture,25-34,Low (<50),1,14.14,-7.77,14.14,1
2016-09,Illinois,Furniture,25-34,Medium (50-500),2,283.02,-75.84,141.51,2
2016-09,Illinois,Furniture,60+,High (500-1500),2,1448.93,-146.21,724.46,2
2016-09,Illinois,Furniture,60+,Medium (50-500),1,83.95,-90.25,83.95,1
2016-09,Illinois,Office Supplies,18-24,Low (<50),1,8.81,-14.97,8.81,1
2016-09,Illinois,Office Supplies,25-34,Low (<50),3,17.16,2.21,5.72,2
2016-09,Illinois,Office Supplies,25-34,Medium (50-500),2,541.51,-698.93,270.75,2
2016-09,Illinois,Office Supplies,60+,Low (<50),5,77.61,-1.84,15.52,4
2016-09,Illinois,Technology,60+,High (500-1500),1,1362.9,-19.47,1362.9,1
2016-09,Indiana,Furniture,45-59,Medium (50-500),1,127.95,21.75,127.95,1
2016-09,Indiana,Office Supplies,18-24,Low (<50),1,40.88,10.63,40.88,1
2016-09,Indiana,Office Supplies,25-34,Low (<50),1,33.4,12.36,33.4,1
2016-09,Indiana,Office Supplies,60+,Low (<50),1,35.88,16.15,35.88,1
2016-09,Iowa,Office Supplies,35-44,Low (<50),1,9.99,4.5,9.99,1
2016-09,Iowa,Technology,25-34,Medium (50-500),1,278.4,80.74,278.4,1
2016-09,Kansas,Office Supplies,60+,Medium (50-500),1,107.94,26.98,107.94,1
2016-09,Kansas,Technology,18-24,Medium (50-500),1,224.75,62.93,224.75,1
2016-09,Kentucky,Furniture,18-24,Low (<50),1,13.28,6.37,13.28,1
2016-09,Kentucky,Furniture,45-59,Low (<50),1,42.6,16.61,42.6,1
2016-09,Kentucky,Office Supplies,45-59,Low (<50),1,5.28,2.53,5.28,1
2016-09,Kentucky,Office Supplies,45-59,Medium (50-500),2,243.86,59.89,121.93,1
2016-09,Louisiana,Office Supplies,60+,Medium (50-500),1,87.28,41.02,87.28,1
2016-09,Maine,Furniture,60+,Medium (50-500),1,109.48,33.94,109.48,1
2016-09,Maine,Technology,60+,Medium (50-500),1,437.85,131.35,437.85,1
2016-09,Maryland,Furniture,60+,Low (<50),1,14.76,4.28,14.76,1
2016-09,Maryland,Furniture,60+,Medium (50-500),1,344.94,31.04,344.94,1
2016-09,Maryland,Office Supplies,60+,Low (<50),1,12.76,5.87,12.76,1
2016-09,Maryland,Office Supplies,60+,Medium (50-500),1,58.48,27.49,58.48,1
2016-09,Massachusetts,Furniture,45-59,Low (<50),1,14.82,6.22,14.82,1
2016-09,Massachusetts,Furniture,45-59,Medium (50-500),2,365.76,75.3,182.88,2
2016-09,Massachusetts,Office Supplies,45-59,Low (<50),1,14.76,6.94,14.76,1
2016-09,Michigan,Furniture,35-44,Low (<50),1,12.22,3.67,12.22,1
2016-09,Michigan,Furniture,35-44,Medium (50-500),1,242.94,29.15,242.94,1
2016-09,Michigan,Office Supplies,25-34,Medium (50-500),1,68.52,31.52,68.52,1
2016-09,Michigan,Office Supplies,35-44,Low (<50),1,22.05,10.58,22.05,1
2016-09,Michigan,Office Supplies,35-44,Medium (50-500),3,357.25,85.99,119.08,1
2016-09,Michigan,Office Supplies,45-59,Low (<50),5,127.54,57.93,25.51,2
2016-09,Michigan,Office Supplies,45-59,Medium (50-500),1,376.74,71.16,376.74,1
2016-09,Michigan,Office Supplies,60+,Medium (50-500),1,83.7,41.01,83.7,1
2016-09,Michigan,Technology,45-59,Low (<50),1,8.78,2.28,8.78,1
2016-09,Michigan,Technology,45-59,Medium (50-500),1,97.98,27.43,97.98,1
2016-09,Minnesota,Office Supplies,25-34,Medium (50-500),1,77.88,22.59,77.88,1
2016-09,Minnesota,Office Supplies,45-59,High (500-1500),1,535.41,160.62,535.41,1
2016-09,Missouri,Office Supplies,25-34,Low (<50),1,16.56,7.78,16.56,1
2016-09,Missouri,Technology,25-34,Medium (50-500),1,279.95,67.19,279.95,1
2016-09,Nebraska,Furniture,35-44,High (500-1500),1,1336.44,387.57,1336.44,1
2016-09,Nebraska,Office Supplies,35-44,Low (<50),5,107.29,29.63,21.46,1
2016-09,Nebraska,Office Supplies,35-44,Medium (50-500),2,751.08,236.81,375.54,1
2016-09,Nebraska,Technology,35-44,Low (<50),1,29.97,0.3,29.97,1
2016-09,Nebraska,Technology,35-44,Medium (50-500),1,149.95,41.99,149.95,1
2016-09,New Jersey,Office Supplies,45-59,Low (<50),2,53.37,20.82,26.68,1
2016-09,New York,Furniture,35-44,High (500-1500),2,1155.7,114.2,577.85,2
2016-09,New York,Furniture,35-44,Low (<50),1,40.48,14.57,40.48,1
2016-09,New York,Furniture,35-44,Medium (50-500),1,60.72,26.11,60.72,1
2016-09,New York,Furniture,45-59,Low (<50),1,39.98,9.99,39.98,1
2016-09,New York,Furniture,45-59,Medium (50-500),1,191.82,61.38,191.82,1
2016-09,New York,Furniture,60+,High (500-1500),1,722.35,90.29,722.35,1
2016-09,New York,Furniture,60+,Medium (50-500),1,63.94,24.94,63.94,1
2016-09,New York,Office Supplies,18-24,High (500-1500),1,841.57,294.55,841.57,1
2016-09,New York,Office Supplies,25-34,Medium (50-500),1,192.16,92.24,192.16,1
2016-09,New York,Office Supplies,35-44,Medium (50-500),3,833.13,270.45,277.71,3
2016-09,New York,Office Supplies,45-59,Low (<50),5,47.41,17.26,9.48,5
2016-09,New York,Office Supplies,45-59,Medium (50-500),3,263.3,65.77,87.77,3
2016-09,New York,Office Supplies,60+,High (500-1500),1,673.57,252.59,673.57,1
2016-09,New York,Office Supplies,60+,Low (<50),4,99.45,42.29,24.86,2
2016-09,New York,Office Supplies,60+,Medium (50-500),1,60.6,20.45,60.6,1
2016-09,New York,Office Supplies,60+,Very High (1500+),1,4355.17,1415.43,4355.17,1
2016-09,New York,Technology,35-44,Low (<50),1,43.6,12.21,43.6,1
2016-09,New York,Technology,45-59,Medium (50-500),2,541.38,236.76,270.69,1
2016-09,New York,Technology,60+,Low (<50),2,38.65,13.46,19.32,2
2016-09,New York,Technology,60+,Medium (50-500),1,437.85,131.35,437.85,1
2016-09,North Carolina,Furniture,35-44,Low (<50),1,17.09,1.07,17.09,1
2016-09,North Carolina,Furniture,35-44,Medium (50-500),1,98.39,-11.07,98.39,1
2016-09,North Carolina,Furniture,60+,Medium (50-500),1,472.52,-149.63,472.52,1
2016-09,North Carolina,Office Supplies,18-24,Medium (50-500),1,64.7,23.46,64.7,1
2016-09,North Carolina,Office Supplies,60+,Low (<50),4,62.79,-29.24,15.7,2
2016-09,North Carolina,Office Supplies,60+,Medium (50-500),2,405.41,64.8,202.7,2
2016-09,North Carolina,Technology,18-24,Low (<50),1,35.17,8.35,35.17,1
2016-09,North Carolina,Technology,60+,High (500-1500),1,1012.68,303.8,1012.68,1
2016-09,Ohio,Furniture,18-24,High (500-1500),1,532.7,-26.64,532.7,1
2016-09,Ohio,Furniture,35-44,Low (<50),1,5.35,1.61,5.35,1
2016-09,Ohio,Furniture,35-44,Medium (50-500),2,254.74,-20.42,127.37,2
2016-09,Ohio,Furniture,60+,Low (<50),1,28.0,7.7,28.0,1
2016-09,Ohio,Furniture,60+,Medium (50-500),1,85.25,-1.22,85.25,1
2016-09,Ohio,Office Supplies,18-24,Low (<50),2,7.82,-1.73,3.91,2
2016-09,Ohio,Office Supplies,25-34,Low (<50),1,30.96,11.22,30.96,1
2016-09,Ohio,Office Supplies,35-44,Low (<50),1,2.67,0.37,2.67,1
2016-09,Ohio,Office Supplies,35-44,Medium (50-500),1,63.97,19.99,63.97,1
2016-09,Ohio,Office Supplies,45-59,Low (<50),1,24.22,-4.84,24.22,1
2016-09,Ohio,Office Supplies,45-59,Medium (50-500),3,913.19,-127.77,304.4,2
2016-09,Ohio,Office Supplies,60+,Low (<50),6,101.91,-33.87,16.98,3
2016-09,Oklahoma,Office Supplies,60+,Low (<50),2,12.86,6.05,6.43,1
2016-09,Oregon,Office Supplies,60+,Low (<50),1,5.02,-3.52,5.02,1
2016-09,Oregon,Office Supplies,60+,Medium (50-500),1,60.05,22.52,60.05,1
2016-09,Oregon,Technology,60+,High (500-1500),1,859.2,75.18,859.2,1
2016-09,Pennsylvania,Furniture,35-44,Medium (50-500),1,82.8,10.35,82.8,1
2016-09,Pennsylvania,Furniture,45-59,Low (<50),1,25.63,3.84,25.63,1
2016-09,Pennsylvania,Furniture,60+,High (500-1500),1,887.27,-63.38,887.27,1
2016-09,Pennsylvania,Furniture,60+,Medium (50-500),2,129.49,-7.69,64.75,1
2016-09,Pennsylvania,Office Supplies,18-24,Low (<50),1,16.52,5.37,16.52,1
2016-09,Pennsylvania,Office Supplies,25-34,High (500-1500),1,1141.47,-760.98,1141.47,1
2016-09,Pennsylvania,Office Supplies,35-44,Low (<50),2,17.43,-6.44,8.71,2
2016-09,Pennsylvania,Office Supplies,45-59,Low (<50),2,24.38,7.82,12.19,2
2016-09,Pennsylvania,Office Supplies,60+,Low (<50),4,60.38,17.79,15.1,2
2016-09,Pennsylvania,Technology,25-34,Medium (50-500),1,280.78,-46.8,280.78,1
2016-09,Pennsylvania,Technology,45-59,High (500-1500),1,728.95,-157.94,728.95,1
2016-09,Pennsylvania,Technology,60+,Low (<50),1,23.99,-4.8,23.99,1
2016-09,Rhode Island,Furniture,35-44,High (500-1500),1,872.32,244.25,872.32,1
2016-09,Rhode Island,Office Supplies,18-24,Medium (50-500),1,69.52,17.38,69.52,1
2016-09,Rhode Island,Office Supplies,35-44,Low (<50),2,66.57,31.44,33.28,1
2016-09,Rhode Island,Office Supplies,35-44,Very High (1500+),1,1606.23,481.87,1606.23,1
2016-09,South Carolina,Office Supplies,45-59,Low (<50),1,25.92,12.44,25.92,1
2016-09,Tennessee,Office Supplies,45-59,Medium (50-500),1,67.56,8.44,67.56,1
2016-09,Tennessee,Office Supplies,60+,Low (<50),5,118.46,27.87,23.69,3
2016-09,Tennessee,Office Supplies,60+,Medium (50-500),2,173.23,-54.39,86.61,2
2016-09,Tennessee,Technology,60+,Medium (50-500),2,172.72,12.39,86.36,2
2016-09,Texas,Furniture,35-44,High (500-1500),1,956.66,-225.1,956.66,1
2016-09,Texas,Furniture,35-44,Low (<50),1,21.2,-11.66,21.2,1
2016-09,Texas,Furniture,35-44,Very High (1500+),1,2396.27,-317.15,2396.27,1
2016-09,Texas,Furniture,45-59,Low (<50),1,15.01,-12.01,15.01,1
2016-09,Texas,Furniture,45-59,Medium (50-500),1,347.8,-24.84,347.8,1
2016-09,Texas,Furniture,60+,Medium (50-500),2,755.9,-170.88,377.95,2
2016-09,Texas,Office Supplies,25-34,Low (<50),1,6.82,-11.59,6.82,1
2016-09,Texas,Office Supplies,35-44,Low (<50),1,35.95,3.6,35.95,1
2016-09,Texas,Office Supplies,35-44,Medium (50-500),1,131.14,-32.78,131.14,1
2016-09,Texas,Office Supplies,45-59,Low (<50),4,82.09,-17.97,20.52,4
2016-09,Texas,Office Supplies,45-59,Medium (50-500),2,169.94,39.76,84.97,2
2016-09,Texas,Office Supplies,60+,Low (<50),6,95.23,24.27,15.87,4
2016-09,Texas,Office Supplies,60+,Medium (50-500),4,311.65,-428.09,77.91,4
2016-09,Texas,Technology,35-44,Medium (50-500),1,57.58,0.72,57.58,1
2016-09,Texas,Technology,45-59,Medium (50-500),3,549.1,92.72,183.03,3
2016-09,Texas,Technology,60+,High (500-1500),1,719.96,54.0,719.96,1
2016-09,Virginia,Furniture,35-44,High (500-1500),1,1059.12,307.14,1059.12,1
2016-09,Virginia,Furniture,45-59,Very High (1500+),1,1652.94,314.06,1652.94,1
2016-09,Virginia,Office Supplies,35-44,Low (<50),2,22.43,10.65,11.22,2
2016-09,Virginia,Office Supplies,35-44,Medium (50-500),1,67.9,0.68,67.9,1
2016-09,Virginia,Office Supplies,45-59,Low (<50),1,25.06,11.78,25.06,1
2016-09,Virginia,Technology,35-44,Low (<50),1,20.7,1.66,20.7,1
2016-09,Virginia,Technology,35-44,Very High (1500+),1,1599.92,751.96,1599.92,1
2016-09,Washington,Furniture,25-34,Low (<50),1,43.13,14.66,43.13,1
2016-09,Washington,Furniture,45-59,Medium (50-500),2,329.86,7.27,164.93,2
2016-09,Washington,Furniture,60+,Medium (50-500),2,348.63,20.19,174.32,2
2016-09,Washington,Office Supplies,18-24,Low (<50),3,42.24,17.78,14.08,1
2016-09,Washington,Office Supplies,25-34,Low (<50),4,113.25,45.99,28.31,3
2016-09,Washington,Office Supplies,35-44,Low (<50),1,29.9,14.65,29.9,1
2016-09,Washington,Office Supplies,35-44,Medium (50-500),1,236.88,66.33,236.88,1
2016-09,Washington,Office Supplies,45-59,Low (<50),1,13.68,3.69,13.68,1
2016-09,Washington,Office Supplies,45-59,Medium (50-500),1,65.94,30.99,65.94,1
2016-09,Washington,Office Supplies,60+,Low (<50),5,109.88,39.7,21.98,3
2016-09,Washington,Office Supplies,60+,Medium (50-500),1,81.98,40.17,81.98,1
2016-09,Washington,Technology,35-44,High (500-1500),2,2001.56,575.19,1000.78,2
2016-09,Washington,Technology,35-44,Medium (50-500),1,100.0,21.0,100.0,1
2016-09,Washington,Technology,45-59,Medium (50-500),1,105.58,7.92,105.58,1
2016-09,Wisconsin,Furniture,25-34,Medium (50-500),2,270.6,67.65,135.3,1
2016-09,Wisconsin,Furniture,45-59,Low (<50),1,18.96,7.58,18.96,1
2016-09,Wisconsin,Office Supplies,25-34,Low (<50),1,3.04,1.03,3.04,1
2016-09,Wisconsin,Office Supplies,45-59,Medium (50-500),1,54.5,14.17,54.5,1
2016-09,Wisconsin,Office Supplies,60+,Low (<50),2,10.07,4.53,5.04,1
2016-09,Wisconsin,Technology,25-34,Medium (50-500),1,499.95,174.98,499.95,1
2016-10,Arizona,Furniture,18-24,Medium (50-500),2,477.49,-34.64,238.74,2
2016-10,Arizona,Office Supplies,18-24,Low (<50),1,1.41,0.16,1.41,1
2016-10,Arizona,Office Supplies,60+,Medium (50-500),1,54.79,-40.18,54.79,1
2016-10,California,Furniture,18-24,Low (<50),1,19.96,5.59,19.96,1
2016-10,California,Furniture,18-24,Medium (50-500),1,242.14,12.11,242.14,1
2016-10,California,Furniture,25-34,Medium (50-500),2,315.51,33.47,157.76,2
2016-10,California,Furniture,35-44,Medium (50-500),1,387.14,4.84,387.14,1
2016-10,California,Furniture,45-59,High (500-1500),2,2319.06,173.15,1159.53,2
2016-10,California,Furniture,45-59,Low (<50),1,43.12,20.7,43.12,1
2016-10,California,Office Supplies,18-24,Low (<50),1,12.39,5.7,12.39,1
2016-10,California,Office Supplies,18-24,Medium (50-500),1,340.92,3.41,340.92,1
2016-10,California,Office Supplies,25-34,Low (<50),2,67.7,23.92,33.85,2
2016-10,California,Office Supplies,25-34,Medium (50-500),2,144.02,51.54,72.01,2
2016-10,California,Office Supplies,35-44,High (500-1500),1,1085.42,282.21,1085.42,1
2016-10,California,Office Supplies,35-44,Low (<50),1,19.3,6.03,19.3,1
2016-10,California,Office Supplies,45-59,Low (<50),10,170.06,63.2,17.01,5
2016-10,California,Office Supplies,45-59,Medium (50-500),4,307.01,116.26,76.75,3
2016-10,California,Office Supplies,60+,Low (<50),3,60.74,25.16,20.25,3
2016-10,California,Office Supplies,60+,Medium (50-500),2,216.4,29.43,108.2,1
2016-10,California,Technology,25-34,Medium (50-500),1,302.38,22.68,302.38,1
2016-10,California,Technology,45-59,Medium (50-500),1,450.0,162.0,450.0,1
2016-10,California,Technology,60+,Medium (50-500),3,659.97,128.59,219.99,2
2016-10,Colorado,Furniture,35-44,Medium (50-500),2,211.67,-177.26,105.83,1
2016-10,Colorado,Furniture,60+,High (500-1500),1,727.45,-465.57,727.45,1
2016-10,Colorado,Furniture,60+,Low (<50),1,24.96,4.37,24.96,1
2016-10,Colorado,Office Supplies,60+,Low (<50),2,29.88,-24.1,14.94,1
2016-10,Colorado,Technology,35-44,Low (<50),1,15.99,-3.0,15.99,1
2016-10,Colorado,Technology,60+,High (500-1500),1,703.71,-938.28,703.71,1
2016-10,Colorado,Technology,60+,Medium (50-500),1,67.96,0.85,67.96,1
2016-10,Connecticut,Furniture,25-34,High (500-1500),1,1043.92,271.42,1043.92,1
2016-10,Connecticut,Office Supplies,25-34,Low (<50),2,30.56,10.59,15.28,1
2016-10,Connecticut,Office Supplies,25-34,Medium (50-500),1,104.79,29.34,104.79,1
2016-10,Delaware,Office Supplies,35-44,Low (<50),1,7.92,3.56,7.92,1
2016-10,Florida,Furniture,45-59,Low (<50),3,105.09,26.07,35.03,3
2016-10,Florida,Furniture,45-59,Medium (50-500),2,229.02,41.26,114.51,1
2016-10,Florida,Office Supplies,18-24,Low (<50),1,38.19,-26.73,38.19,1
2016-10,Florida,Office Supplies,25-34,Low (<50),2,36.36,0.54,18.18,1
2016-10,Florida,Office Supplies,45-59,Low (<50),2,66.18,-51.02,33.09,2
2016-10,Florida,Office Supplies,60+,Low (<50),1,32.06,11.22,32.06,1
2016-10,Florida,Technology,18-24,High (500-1500),1,783.96,78.4,783.96,1
2016-10,Florida,Technology,45-59,Medium (50-500),1,52.68,19.76,52.68,1
2016-10,Illinois,Furniture,60+,Low (<50),1,16.16,-12.12,16.16,1
2016-10,Illinois,Office Supplies,18-24,Low (<50),2,33.06,4.13,16.53,1
2016-10,Illinois,Office Supplies,60+,Medium (50-500),1,54.82,17.82,54.82,1
2016-10,Indiana,Furniture,60+,Low (<50),1,41.85,10.88,41.85,1
2016-10,Indiana,Office Supplies,35-44,High (500-1500),1,735.98,331.19,735.98,1
2016-10,Indiana,Office Supplies,35-44,Low (<50),3,100.81,31.22,33.6,1
2016-10,Indiana,Technology,35-44,Very High (1500+),1,17499.95,8399.98,17499.95,1
2016-10,Indiana,Technology,60+,Medium (50-500),1,69.9,18.87,69.9,1
2016-10,Maryland,Furniture,60+,Medium (50-500),1,239.37,-23.94,239.37,1
2016-10,Maryland,Technology,25-34,Medium (50-500),1,98.16,9.82,98.16,1
2016-10,Michigan,Furniture,18-24,Low (<50),1,31.4,10.05,31.4,1
2016-10,Michigan,Furniture,45-59,Medium (50-500),1,67.0,32.16,67.0,1
2016-10,Michigan,Office Supplies,60+,Low (<50),2,32.54,4.96,16.27,2
2016-10,Michigan,Technology,60+,Medium (50-500),2,317.68,87.03,158.84,1
2016-10,Missouri,Office Supplies,18-24,Very High (1500+),1,1927.59,751.76,1927.59,1
2016-10,Missouri,Technology,18-24,Medium (50-500),1,449.97,220.49,449.97,1
2016-10,Nevada,Office Supplies,60+,Low (<50),1,35.88,17.58,35.88,1
2016-10,Nevada,Office Supplies,60+,Medium (50-500),1,113.22,29.44,113.22,1
2016-10,Nevada,Office Supplies,60+,Very High (1500+),1,4535.98,1644.29,4535.98,1
2016-10,New Jersey,Furniture,35-44,Medium (50-500),1,77.6,38.02,77.6,1
2016-10,New Jersey,Furniture,45-59,Medium (50-500),1,120.98,12.1,120.98,1
2016-10,New Jersey,Office Supplies,35-44,High (500-1500),1,1082.48,10.82,1082.48,1
2016-10,New Jersey,Office Supplies,35-44,Low (<50),2,46.68,22.12,23.34,1
2016-10,New Jersey,Office Supplies,35-44,Medium (50-500),1,56.91,27.32,56.91,1
2016-10,New Jersey,Office Supplies,45-59,Medium (50-500),1,315.98,148.51,315.98,1
2016-10,New Jersey,Office Supplies,60+,Low (<50),2,52.41,3.44,26.2,1
2016-10,New York,Furniture,25-34,Medium (50-500),1,427.64,80.78,427.64,1
2016-10,New York,Furniture,35-44,Low (<50),1,40.2,19.3,40.2,1
2016-10,New York,Furniture,35-44,Medium (50-500),2,472.77,-153.62,236.38,2
2016-10,New York,Furniture,45-59,Medium (50-500),1,82.26,33.73,82.26,1
2016-10,New York,Furniture,60+,High (500-1500),2,1356.09,168.9,678.05,2
2016-10,New York,Office Supplies,25-34,Low (<50),3,83.88,17.23,27.96,1
2016-10,New York,Office Supplies,35-44,Medium (50-500),3,552.8,249.77,184.27,3
2016-10,New York,Office Supplies,45-59,Low (<50),4,109.96,47.37,27.49,2
2016-10,New York,Office Supplies,45-59,Medium (50-500),1,99.87,23.97,99.87,1
2016-10,New York,Office Supplies,60+,Low (<50),1,28.75,10.06,28.75,1
2016-10,New York,Office Supplies,60+,Medium (50-500),1,114.95,32.19,114.95,1
2016-10,New York,Technology,35-44,High (500-1500),1,1091.93,272.98,1091.93,1
2016-10,North Carolina,Furniture,60+,Medium (50-500),1,102.59,10.26,102.59,1
2016-10,North Carolina,Office Supplies,35-44,Low (<50),1,17.62,-14.09,17.62,1
2016-10,North Carolina,Office Supplies,35-44,Medium (50-500),1,387.72,-67.85,387.72,1
2016-10,North Carolina,Office Supplies,60+,Low (<50),5,111.63,22.14,22.33,2
2016-10,North Carolina,Office Supplies,60+,Medium (50-500),1,93.02,33.72,93.02,1
2016-10,North Carolina,Technology,60+,Low (<50),1,22.7,5.96,22.7,1
2016-10,Ohio,Furniture,60+,High (500-1500),1,661.18,-231.41,661.18,1
2016-10,Ohio,Office Supplies,45-59,Low (<50),1,7.15,0.72,7.15,1
2016-10,Ohio,Technology,35-44,Low (<50),1,23.98,-15.58,23.98,1
2016-10,Ohio,Technology,35-44,Medium (50-500),1,235.15,-47.03,235.15,1
2016-10,Oklahoma,Furniture,60+,Medium (50-500),1,368.97,81.17,368.97,1
2016-10,Oklahoma,Office Supplies,25-34,High (500-1500),1,868.59,251.89,868.59,1
2016-10,Oklahoma,Office Supplies,25-34,Low (<50),4,91.43,44.96,22.86,2
2016-10,Oklahoma,Office Supplies,25-34,Medium (50-500),1,121.6,55.94,121.6,1
2016-10,Oklahoma,Office Supplies,60+,Low (<50),2,34.35,9.62,17.18,1
2016-10,Oklahoma,Office Supplies,60+,Medium (50-500),1,332.94,9.99,332.94,1
2016-10,Oklahoma,Technology,25-34,Low (<50),1,5.5,1.38,5.5,1
2016-10,Pennsylvania,Furniture,18-24,Medium (50-500),1,332.83,-24.96,332.83,1
2016-10,Pennsylvania,Furniture,45-59,Medium (50-500),1,492.84,-14.08,492.84,1
2016-10,Pennsylvania,Office Supplies,18-24,Low (<50),2,24.06,7.7,12.03,2
2016-10,Rhode Island,Office Supplies,35-44,Low (<50),1,30.4,13.98,30.4,1
2016-10,Rhode Island,Office Supplies,35-44,Medium (50-500),1,119.1,34.54,119.1,1
2016-10,Rhode Island,Technology,35-44,Very High (1500+),1,5399.91,2591.96,5399.91,1
2016-10,Tennessee,Office Supplies,35-44,Medium (50-500),1,111.67,6.98,111.67,1
2016-10,Tennessee,Technology,45-59,Medium (50-500),1,239.98,18.0,239.98,1
2016-10,Texas,Furniture,25-34,Low (<50),1,38.08,-29.51,38.08,1
2016-10,Texas,Furniture,25-34,Medium (50-500),1,56.69,-14.58,56.69,1
2016-10,Texas,Furniture,35-44,Low (<50),1,14.0,-6.3,14.0,1
2016-10,Texas,Furniture,35-44,Medium (50-500),1,139.92,-150.41,139.92,1
2016-10,Texas,Furniture,45-59,Medium (50-500),1,51.71,-32.32,51.71,1
2016-10,Texas,Office Supplies,18-24,Medium (50-500),1,60.14,20.3,60.14,1
2016-10,Texas,Office Supplies,25-34,Low (<50),1,25.25,7.89,25.25,1
2016-10,Texas,Office Supplies,25-34,Medium (50-500),1,51.02,15.94,51.02,1
2016-10,Texas,Office Supplies,35-44,Low (<50),4,46.84,-33.03,11.71,2
2016-10,Texas,Office Supplies,45-59,Low (<50),2,31.2,10.53,15.6,2
2016-10,Texas,Office Supplies,60+,Low (<50),1,28.35,9.57,28.35,1
2016-10,Texas,Office Supplies,60+,Medium (50-500),1,59.75,19.42,59.75,1
2016-10,Texas,Technology,35-44,Medium (50-500),2,298.06,14.72,149.03,2
2016-10,Texas,Technology,60+,Medium (50-500),1,79.51,20.87,79.51,1
2016-10,Utah,Office Supplies,60+,Low (<50),2,87.4,34.05,43.7,1
2016-10,Utah,Office Supplies,60+,Medium (50-500),2,131.72,61.79,65.86,1
2016-10,Virginia,Furniture,25-34,Medium (50-500),1,290.98,75.65,290.98,1
2016-10,Virginia,Furniture,45-59,Low (<50),1,39.92,11.18,39.92,1
2016-10,Virginia,Furniture,45-59,Medium (50-500),1,61.1,18.33,61.1,1
2016-10,Virginia,Office Supplies,35-44,Low (<50),1,43.26,14.28,43.26,1
2016-10,Virginia,Office Supplies,35-44,Medium (50-500),2,299.5,149.08,149.75,1
2016-10,Washington,Furniture,60+,Medium (50-500),1,101.94,30.58,101.94,1
2016-10,Washington,Office Supplies,18-24,Low (<50),1,17.05,8.18,17.05,1
2016-10,Washington,Office Supplies,45-59,Medium (50-500),1,93.36,0.93,93.36,1
2016-10,Washington,Office Supplies,60+,Low (<50),2,15.02,5.46,7.51,1
2016-10,Washington,Technology,25-34,Medium (50-500),1,177.0,30.09,177.0,1
2016-10,Washington,Technology,45-59,High (500-1500),1,837.6,62.82,837.6,1
2016-10,Wisconsin,Technology,60+,Very High (1500+),1,1649.75,544.42,1649.75,1
2016-11,Alabama,Office Supplies,18-24,Low (<50),1,33.75,16.88,33.75,1
2016-11,Alabama,Office Supplies,18-24,Medium (50-500),2,162.66,80.62,81.33,1
2016-11,Alabama,Office Supplies,45-59,Medium (50-500),1,73.36,19.81,73.36,1
2016-11,Alabama,Technology,18-24,Very High (1500+),1,3040.0,1459.2,3040.0,1
2016-11,Alabama,Technology,45-59,High (500-1500),1,1319.96,527.98,1319.96,1
2016-11,Arizona,Office Supplies,18-24,Low (<50),2,10.64,-7.95,5.32,1
2016-11,Arizona,Office Supplies,45-59,Low (<50),1,39.81,3.98,39.81,1
2016-11,Arizona,Technology,18-24,Low (<50),1,31.98,2.0,31.98,1
2016-11,Arizona,Technology,60+,Medium (50-500),1,271.99,23.8,271.99,1
2016-11,Arkansas,Technology,18-24,Medium (50-500),1,59.98,17.99,59.98,1
2016-11,California,Furniture,18-24,High (500-1500),1,595.38,297.69,595.38,1
2016-11,California,Furniture,18-24,Low (<50),1,14.82,6.22,14.82,1
2016-11,California,Furniture,18-24,Very High (1500+),1,3406.66,160.31,3406.66,1
2016-11,California,Furniture,25-34,High (500-1500),1,674.35,-8.43,674.35,1
2016-11,California,Furniture,25-34,Medium (50-500),1,467.46,191.66,467.46,1
2016-11,California,Furniture,35-44,Low (<50),2,48.23,19.55,24.12,2
2016-11,California,Furniture,45-59,Low (<50),1,9.98,2.79,9.98,1
2016-11,California,Furniture,45-59,Medium (50-500),4,651.46,-2.87,162.86,3
2016-11,California,Furniture,45-59,Very High (1500+),1,1684.75,210.59,1684.75,1
2016-11,California,Furniture,60+,Low (<50),2,48.92,13.14,24.46,2
2016-11,California,Furniture,60+,Medium (50-500),2,645.5,19.44,322.75,2
2016-11,California,Office Supplies,18-24,Low (<50),6,156.68,48.94,26.11,4
2016-11,California,Office Supplies,18-24,Medium (50-500),1,64.96,19.49,64.96,1
2016-11,California,Office Supplies,25-34,High (500-1500),1,720.76,187.4,720.76,1
2016-11,California,Office Supplies,25-34,Low (<50),11,212.1,79.56,19.28,5
2016-11,California,Office Supplies,25-34,Medium (50-500),5,689.86,308.3,137.97,2
2016-11,California,Office Supplies,35-44,High (500-1500),1,1016.79,381.3,1016.79,1
2016-11,California,Office Supplies,35-44,Low (<50),1,38.14,13.35,38.14,1
2016-11,California,Office Supplies,45-59,High (500-1500),1,1101.48,429.58,1101.48,1
2016-11,California,Office Supplies,45-59,Low (<50),6,151.92,56.01,25.32,3
2016-11,California,Office Supplies,45-59,Medium (50-500),7,677.6,246.47,96.8,6
2016-11,California,Office Supplies,60+,Low (<50),4,103.74,33.57,25.94,4
2016-11,California,Office Supplies,60+,Medium (50-500),3,311.5,98.22,103.83,3
2016-11,California,Technology,25-34,Medium (50-500),2,683.95,188.69,341.97,2
2016-11,California,Technology,35-44,Low (<50),1,33.52,3.35,33.52,1
2016-11,California,Technology,35-44,Medium (50-500),1,99.39,40.75,99.39,1
2016-11,California,Technology,45-59,High (500-1500),3,1814.82,503.34,604.94,2
2016-11,California,Technology,45-59,Medium (50-500),4,577.52,75.21,144.38,4
2016-11,California,Technology,60+,High (500-1500),1,686.4,77.22,686.4,1
2016-11,California,Technology,60+,Low (<50),1,27.88,3.9,27.88,1
2016-11,California,Technology,60+,Medium (50-500),1,479.97,177.59,479.97,1
2016-11,Connecticut,Office Supplies,25-34,Low (<50),1,13.36,6.41,13.36,1
2016-11,Connecticut,Office Supplies,35-44,Low (<50),1,7.16,3.44,7.16,1
2016-11,Connecticut,Technology,25-34,Medium (50-500),1,59.97,14.99,59.97,1
2016-11,Delaware,Furniture,25-34,Low (<50),1,19.92,6.57,19.92,1
2016-11,Delaware,Office Supplies,25-34,Low (<50),1,16.45,7.57,16.45,1
2016-11,Delaware,Office Supplies,35-44,Medium (50-500),1,128.4,62.92,128.4,1
2016-11,Florida,Furniture,18-24,Low (<50),1,35.57,5.78,35.57,1
2016-11,Florida,Furniture,18-24,Medium (50-500),1,207.98,-28.6,207.98,1
2016-11,Florida,Furniture,35-44,Medium (50-500),2,629.49,19.36,314.74,2
2016-11,Florida,Furniture,60+,Medium (50-500),2,381.52,-106.15,190.76,2
2016-11,Florida,Office Supplies,18-24,Low (<50),1,36.11,12.64,36.11,1
2016-11,Florida,Office Supplies,18-24,Medium (50-500),1,88.77,31.07,88.77,1
2016-11,Florida,Office Supplies,35-44,Low (<50),3,92.63,12.13,30.88,2
2016-11,Florida,Office Supplies,45-59,Low (<50),1,3.74,-2.62,3.74,1
2016-11,Florida,Office Supplies,60+,High (500-1500),1,671.54,50.37,671.54,1
2016-11,Florida,Office Supplies,60+,Low (<50),3,22.4,-10.97,7.47,3
2016-11,Florida,Technology,35-44,Medium (50-500),1,244.77,24.48,244.77,1
2016-11,Florida,Technology,60+,Medium (50-500),1,116.76,14.6,116.76,1
2016-11,Georgia,Furniture,45-59,Medium (50-500),1,182.67,52.97,182.67,1
2016-11,Georgia,Office Supplies,18-24,Low (<50),2,13.54,6.26,6.77,1
2016-11,Georgia,Office Supplies,45-59,High (500-1500),2,2389.32,372.13,1194.66,1
2016-11,Georgia,Office Supplies,60+,Low (<50),1,41.86,10.46,41.86,1
2016-11,Georgia,Technology,18-24,Medium (50-500),1,499.98,115.0,499.98,1
2016-11,Georgia,Technology,45-59,Medium (50-500),1,101.7,6.1,101.7,1
2016-11,Illinois,Furniture,25-34,Low (<50),1,47.99,-2.06,47.99,1
2016-11,Illinois,Furniture,35-44,Medium (50-500),1,242.18,-302.72,242.18,1
2016-11,Illinois,Furniture,45-59,Low (<50),1,22.75,-8.53,22.75,1
2016-11,Illinois,Office Supplies,18-24,Low (<50),2,60.0,15.07,30.0,1
2016-11,Illinois,Office Supplies,18-24,Medium (50-500),1,97.98,-24.5,97.98,1
2016-11,Illinois,Office Supplies,35-44,Low (<50),1,14.11,1.23,14.11,1
2016-11,Illinois,Office Supplies,60+,Low (<50),1,3.14,-4.7,3.14,1
2016-11,Illinois,Technology,18-24,Medium (50-500),2,143.98,21.54,71.99,2
2016-11,Illinois,Technology,25-34,Medium (50-500),2,164.08,19.08,82.04,2
2016-11,Indiana,Furniture,25-34,Very High (1500+),1,2678.94,241.1,2678.94,1
2016-11,Indiana,Office Supplies,25-34,Low (<50),5,135.3,50.06,27.06,2
2016-11,Indiana,Office Supplies,25-34,Medium (50-500),3,444.17,204.58,148.06,2
2016-11,Indiana,Office Supplies,35-44,Medium (50-500),1,54.96,15.94,54.96,1
2016-11,Indiana,Office Supplies,45-59,Low (<50),2,13.99,6.39,7.0,1
2016-11,Indiana,Office Supplies,45-59,Medium (50-500),1,314.55,150.98,314.55,1
2016-11,Iowa,Office Supplies,25-34,Low (<50),1,40.46,19.83,40.46,1
2016-11,Iowa,Office Supplies,60+,Low (<50),1,27.24,13.35,27.24,1
2016-11,Iowa,Office Supplies,60+,Medium (50-500),1,75.96,22.79,75.96,1
2016-11,Iowa,Technology,25-34,Medium (50-500),1,404.94,109.33,404.94,1
2016-11,Kansas,Office Supplies,25-34,Medium (50-500),1,152.0,69.92,152.0,1
2016-11,Kansas,Technology,25-34,Low (<50),1,34.95,15.38,34.95,1
2016-11,Kentucky,Furniture,25-34,High (500-1500),1,731.94,219.58,731.94,1
2016-11,Kentucky,Furniture,25-34,Medium (50-500),1,261.96,41.91,261.96,1
2016-11,Kentucky,Furniture,60+,High (500-1500),1,842.94,160.16,842.94,1
2016-11,Kentucky,Furniture,60+,Low (<50),1,24.1,9.16,24.1,1
2016-11,Kentucky,Office Supplies,60+,Low (<50),4,47.47,19.56,11.87,2
2016-11,Maryland,Furniture,60+,Medium (50-500),1,207.76,85.18,207.76,1
2016-11,Maryland,Technology,45-59,Medium (50-500),1,89.97,25.19,89.97,1
2016-11,Michigan,Furniture,18-24,Medium (50-500),1,301.96,33.22,301.96,1
2016-11,Michigan,Furniture,25-34,Very High (1500+),1,1568.61,329.41,1568.61,1
2016-11,Michigan,Furniture,45-59,Medium (50-500),1,389.97,35.1,389.97,1
2016-11,Michigan,Office Supplies,25-34,Low (<50),1,17.3,8.3,17.3,1
2016-11,Michigan,Office Supplies,35-44,Low (<50),1,49.44,24.23,49.44,1
2016-11,Michigan,Office Supplies,45-59,Low (<50),2,47.12,23.01,23.56,1
2016-11,Michigan,Office Supplies,45-59,Medium (50-500),1,496.86,24.84,496.86,1
2016-11,Michigan,Office Supplies,60+,Medium (50-500),1,167.29,29.74,167.29,1
2016-11,Michigan,Technology,25-34,Medium (50-500),1,160.0,62.4,160.0,1
2016-11,Michigan,Technology,60+,Medium (50-500),1,257.98,74.81,257.98,1
2016-11,Missouri,Furniture,25-34,Low (<50),1,37.3,17.16,37.3,1
2016-11,Missouri,Office Supplies,25-34,Medium (50-500),1,81.96,39.34,81.96,1
2016-11,New Jersey,Furniture,45-59,Low (<50),1,31.56,10.41,31.56,1
2016-11,New Jersey,Office Supplies,25-34,High (500-1500),1,563.4,67.61,563.4,1
2016-11,New Jersey,Office Supplies,45-59,Low (<50),2,60.57,22.14,30.28,1
2016-11,New Jersey,Office Supplies,45-59,Medium (50-500),2,284.9,138.8,142.45,1
2016-11,New Jersey,Office Supplies,60+,Low (<50),1,14.96,0.3,14.96,1
2016-11,New Jersey,Technology,25-34,Medium (50-500),1,319.92,118.37,319.92,1
2016-11,New Mexico,Office Supplies,18-24,Low (<50),1,10.78,3.37,10.78,1
2016-11,New Mexico,Office Supplies,45-59,Low (<50),1,28.4,13.35,28.4,1
2016-11,New York,Furniture,25-34,Low (<50),1,39.88,11.17,39.88,1
2016-11,New York,Furniture,60+,Medium (50-500),4,1080.4,-26.55,270.1,4
2016-11,New York,Office Supplies,18-24,Low (<50),3,68.43,29.73,22.81,2
2016-11,New York,Office Supplies,25-34,Low (<50),6,81.23,32.76,13.54,3
2016-11,New York,Office Supplies,35-44,Low (<50),4,71.6,23.8,17.9,3
2016-11,New York,Office Supplies,35-44,Medium (50-500),2,393.6,95.8,196.8,1
2016-11,New York,Office Supplies,45-59,Low (<50),3,65.15,18.22,21.72,2
2016-11,New York,Office Supplies,45-59,Medium (50-500),3,352.57,106.57,117.52,2
2016-11,New York,Office Supplies,60+,Low (<50),6,188.38,58.72,31.4,4
2016-11,New York,Office Supplies,60+,Medium (50-500),5,364.87,84.24,72.97,3
2016-11,New York,Technology,18-24,Very High (1500+),1,2279.96,592.79,2279.96,1
2016-11,New York,Technology,25-34,Medium (50-500),1,88.4,11.49,88.4,1
2016-11,New York,Technology,35-44,Low (<50),1,13.98,3.91,13.98,1
2016-11,New York,Technology,35-44,Medium (50-500),2,623.93,172.06,311.97,1
2016-11,New York,Technology,45-59,High (500-1500),1,881.93,220.48,881.93,1
2016-11,New York,Technology,60+,Low (<50),1,36.0,6.48,36.0,1
2016-11,New York,Technology,60+,Medium (50-500),1,59.97,14.99,59.97,1
2016-11,North Carolina,Furniture,25-34,High (500-1500),1,876.3,-292.1,876.3,1
2016-11,North Carolina,Furniture,45-59,High (500-1500),1,630.02,-199.51,630.02,1
2016-11,North Carolina,Office Supplies,25-34,Low (<50),1,45.25,3.96,45.25,1
2016-11,North Carolina,Office Supplies,25-34,Medium (50-500),1,185.38,-34.76,185.38,1
2016-11,North Carolina,Office Supplies,35-44,Low (<50),1,18.48,6.01,18.48,1
2016-11,North Carolina,Office Supplies,35-44,Medium (50-500),1,52.14,5.87,52.14,1
2016-11,North Carolina,Technology,60+,Low (<50),1,36.19,2.71,36.19,1
2016-11,Ohio,Furniture,35-44,Medium (50-500),2,205.51,6.48,102.75,1
2016-11,Ohio,Furniture,45-59,High (500-1500),1,1474.8,-21.07,1474.8,1
2016-11,Ohio,Furniture,45-59,Medium (50-500),1,449.37,-12.84,449.37,1
2016-11,Ohio,Furniture,45-59,Very High (1500+),1,1537.07,0.0,1537.07,1
2016-11,Ohio,Furniture,60+,Medium (50-500),2,235.26,-19.05,117.63,2
2016-11,Ohio,Office Supplies,25-34,Low (<50),5,86.45,-13.15,17.29,2
2016-11,Ohio,Office Supplies,25-34,Medium (50-500),1,103.97,16.89,103.97,1
2016-11,Ohio,Office Supplies,35-44,Low (<50),1,31.1,10.89,31.1,1
2016-11,Ohio,Office Supplies,35-44,Medium (50-500),1,456.59,-304.39,456.59,1
2016-11,Ohio,Office Supplies,45-59,Low (<50),2,57.5,20.73,28.75,2
2016-11,Ohio,Office Supplies,45-59,Medium (50-500),1,110.1,33.03,110.1,1
2016-11,Ohio,Office Supplies,60+,Low (<50),5,73.68,25.45,14.74,2
2016-11,Ohio,Office Supplies,60+,Medium (50-500),3,494.34,15.18,164.78,1
2016-11,Ohio,Technology,25-34,Medium (50-500),1,119.98,22.5,119.98,1
2016-11,Ohio,Technology,35-44,Low (<50),1,30.34,-24.28,30.34,1
2016-11,Ohio,Technology,35-44,Medium (50-500),1,59.98,12.0,59.98,1
2016-11,Ohio,Technology,35-44,Very High (1500+),1,4499.98,-6599.98,4499.98,1
2016-11,Ohio,Technology,45-59,Medium (50-500),1,139.96,-22.74,139.96,1
2016-11,Ohio,Technology,60+,Low (<50),1,41.96,-9.79,41.96,1
2016-11,Ohio,Technology,60+,Medium (50-500),2,434.9,25.32,217.45,2
2016-11,Oklahoma,Furniture,45-59,Medium (50-500),1,341.96,54.71,341.96,1
2016-11,Oklahoma,Furniture,60+,Low (<50),1,30.36,13.05,30.36,1
2016-11,Oklahoma,Office Supplies,18-24,High (500-1500),1,1117.92,55.9,1117.92,1
2016-11,Oklahoma,Office Supplies,45-59,Low (<50),1,14.62,6.87,14.62,1
2016-11,Oklahoma,Technology,45-59,High (500-1500),1,944.93,236.23,944.93,1
2016-11,Oklahoma,Technology,45-59,Medium (50-500),1,221.98,62.15,221.98,1
2016-11,Oregon,Furniture,25-34,High (500-1500),1,650.35,-97.55,650.35,1
2016-11,Oregon,Furniture,25-34,Medium (50-500),1,104.78,-14.41,104.78,1
2016-11,Oregon,Furniture,35-44,Medium (50-500),1,195.14,-12.2,195.14,1
2016-11,Oregon,Office Supplies,18-24,Low (<50),1,24.78,7.74,24.78,1
2016-11,Oregon,Office Supplies,25-34,High (500-1500),1,629.18,228.08,629.18,1
2016-11,Oregon,Office Supplies,25-34,Low (<50),3,80.71,17.92,26.9,1
2016-11,Oregon,Office Supplies,35-44,Low (<50),1,4.16,-3.46,4.16,1
2016-11,Oregon,Technology,35-44,Medium (50-500),1,179.99,-251.99,179.99,1
2016-11,Pennsylvania,Furniture,35-44,Medium (50-500),1,470.16,-13.43,470.16,1
2016-11,Pennsylvania,Furniture,60+,Low (<50),2,62.94,13.67,31.47,2
2016-11,Pennsylvania,Furniture,60+,Medium (50-500),3,798.31,-34.23,266.1,3
2016-11,Pennsylvania,Office Supplies,25-34,Low (<50),1,4.42,1.6,4.42,1
2016-11,Pennsylvania,Office Supplies,25-34,Medium (50-500),1,217.06,78.68,217.06,1
2016-11,Pennsylvania,Office Supplies,60+,Low (<50),4,67.9,-7.72,16.98,2
2016-11,Pennsylvania,Office Supplies,60+,Medium (50-500),1,78.76,-57.76,78.76,1
2016-11,Pennsylvania,Technology,25-34,Low (<50),1,23.99,-15.99,23.99,1
2016-11,Pennsylvania,Technology,35-44,Medium (50-500),1,72.0,14.4,72.0,1
2016-11,Pennsylvania,Technology,45-59,Medium (50-500),1,494.98,-115.5,494.98,1
2016-11,Pennsylvania,Technology,60+,High (500-1500),1,1199.98,180.0,1199.98,1
2016-11,Pennsylvania,Technology,60+,Medium (50-500),1,340.18,-73.71,340.18,1
2016-11,Texas,Furniture,18-24,High (500-1500),2,1819.79,-385.39,909.9,1
2016-11,Texas,Furniture,35-44,Low (<50),1,7.07,-2.83,7.07,1
2016-11,Texas,Furniture,35-44,Medium (50-500),2,573.54,-95.56,286.77,2
2016-11,Texas,Furniture,60+,Low (<50),3,58.16,-24.23,19.39,3
2016-11,Texas,Furniture,60+,Medium (50-500),1,66.11,-84.29,66.11,1
2016-11,Texas,Office Supplies,18-24,Low (<50),3,34.01,-22.14,11.34,2
2016-11,Texas,Office Supplies,25-34,Low (<50),1,2.3,-3.9,2.3,1
2016-11,Texas,Office Supplies,25-34,Medium (50-500),1,111.67,6.98,111.67,1
2016-11,Texas,Office Supplies,35-44,Low (<50),9,132.36,18.3,14.71,4
2016-11,Texas,Office Supplies,45-59,Low (<50),1,15.23,5.52,15.23,1
2016-11,Texas,Office Supplies,60+,Low (<50),7,123.61,4.3,17.66,2
2016-11,Texas,Office Supplies,60+,Medium (50-500),4,547.51,48.39,136.88,3
2016-11,Texas,Technology,18-24,High (500-1500),1,657.55,49.32,657.55,1
2016-11,Texas,Technology,18-24,Medium (50-500),1,171.96,45.14,171.96,1
2016-11,Texas,Technology,35-44,Low (<50),1,24.03,-0.6,24.03,1
2016-11,Texas,Technology,35-44,Medium (50-500),3,554.06,108.31,184.69,3
2016-11,Texas,Technology,45-59,Medium (50-500),1,67.18,6.72,67.18,1
2016-11,Texas,Technology,60+,Medium (50-500),4,522.94,32.17,130.74,3
2016-11,Virginia,Furniture,45-59,High (500-1500),1,756.8,75.68,756.8,1
2016-11,Virginia,Furniture,45-59,Medium (50-500),1,273.96,71.23,273.96,1
2016-11,Virginia,Office Supplies,60+,Medium (50-500),1,251.79,118.34,251.79,1
2016-11,Virginia,Technology,45-59,Medium (50-500),1,89.97,18.89,89.97,1
2016-11,Virginia,Technology,60+,Low (<50),1,21.8,6.1,21.8,1
2016-11,Washington,Furniture,18-24,Medium (50-500),1,82.26,33.73,82.26,1
2016-11,Washington,Furniture,25-34,Medium (50-500),1,209.88,35.68,209.88,1
2016-11,Washington,Furniture,45-59,Low (<50),2,23.72,8.73,11.86,2
2016-11,Washington,Furniture,60+,Low (<50),1,31.96,1.6,31.96,1
2016-11,Washington,Office Supplies,18-24,Low (<50),2,52.84,13.83,26.42,2
2016-11,Washington,Office Supplies,35-44,Low (<50),2,34.99,12.25,17.5,2
2016-11,Washington,Office Supplies,45-59,High (500-1500),1,1219.96,381.24,1219.96,1
2016-11,Washington,Office Supplies,45-59,Low (<50),1,25.35,7.6,25.35,1
2016-11,Washington,Technology,25-34,Medium (50-500),1,479.72,52.77,479.72,1
2016-11,Wyoming,Furniture,25-34,Very High (1500+),1,1603.14,100.2,1603.14,1
2016-12,Arizona,Furniture,45-59,Low (<50),2,83.41,-19.91,41.71,1
2016-12,Arizona,Furniture,60+,Medium (50-500),1,455.97,-218.87,455.97,1
2016-12,Arizona,Office Supplies,60+,Low (<50),2,15.65,-11.83,7.83,1
2016-12,Arizona,Technology,45-59,Low (<50),1,45.12,-7.9,45.12,1
2016-12,Arizona,Technology,45-59,Medium (50-500),2,370.77,-365.54,185.39,1
2016-12,Arkansas,Furniture,35-44,Medium (50-500),1,343.85,137.54,343.85,1
2016-12,Arkansas,Office Supplies,25-34,Low (<50),1,19.44,9.33,19.44,1
2016-12,Arkansas,Office Supplies,35-44,Low (<50),1,19.89,5.37,19.89,1
2016-12,Arkansas,Office Supplies,35-44,Medium (50-500),1,106.32,49.97,106.32,1
2016-12,Arkansas,Technology,35-44,Medium (50-500),1,399.98,171.99,399.98,1
2016-12,California,Furniture,18-24,Medium (50-500),2,474.37,-5.38,237.18,1
2016-12,California,Furniture,25-34,High (500-1500),1,1114.27,41.79,1114.27,1
2016-12,California,Furniture,25-34,Low (<50),1,43.96,18.46,43.96,1
2016-12,California,Furniture,25-34,Medium (50-500),1,383.64,122.76,383.64,1
2016-12,California,Furniture,25-34,Very High (1500+),1,2003.52,-325.57,2003.52,1
2016-12,California,Furniture,35-44,High (500-1500),3,2358.77,152.42,786.26,3
2016-12,California,Furniture,35-44,Low (<50),2,56.66,15.53,28.33,2
2016-12,California,Furniture,35-44,Medium (50-500),2,510.27,-37.33,255.14,2
2016-12,California,Furniture,45-59,High (500-1500),1,842.72,202.25,842.72,1
2016-12,California,Furniture,45-59,Low (<50),2,56.48,16.57,28.24,2
2016-12,California,Furniture,45-59,Medium (50-500),1,321.57,28.14,321.57,1
2016-12,California,Furniture,60+,High (500-1500),1,1421.66,-195.48,1421.66,1
2016-12,California,Furniture,60+,Low (<50),2,46.72,5.88,23.36,2
2016-12,California,Furniture,60+,Medium (50-500),3,377.16,104.82,125.72,3
2016-12,California,Office Supplies,18-24,High (500-1500),1,772.68,108.18,772.68,1
2016-12,California,Office Supplies,18-24,Low (<50),3,90.08,22.56,30.03,2
2016-12,California,Office Supplies,25-34,Low (<50),2,45.86,20.9,22.93,2
2016-12,California,Office Supplies,25-34,Medium (50-500),1,56.52,15.83,56.52,1
2016-12,California,Office Supplies,35-44,Low (<50),13,295.2,103.27,22.71,7
2016-12,California,Office Supplies,35-44,Medium (50-500),7,1353.6,355.5,193.37,4
2016-12,California,Office Supplies,45-59,Low (<50),6,95.22,29.52,15.87,3
2016-12,California,Office Supplies,45-59,Medium (50-500),5,955.56,350.06,191.11,4
2016-12,California,Office Supplies,60+,High (500-1500),2,1692.24,251.55,846.12,2
2016-12,California,Office Supplies,60+,Low (<50),10,309.51,133.56,30.95,7
2016-12,California,Office Supplies,60+,Medium (50-500),2,239.65,85.38,119.82,2
2016-12,California,Technology,25-34,Medium (50-500),1,302.38,22.68,302.38,1
2016-12,California,Technology,35-44,High (500-1500),1,772.47,146.77,772.47,1
2016-12,California,Technology,35-44,Low (<50),1,21.21,4.45,21.21,1
2016-12,California,Technology,35-44,Medium (50-500),3,494.98,77.22,164.99,3
2016-12,California,Technology,45-59,Medium (50-500),2,521.54,58.39,260.77,1
2016-12,California,Technology,60+,Medium (50-500),2,321.22,82.97,160.61,2
2016-12,California,Technology,60+,Very High (1500+),2,4225.89,917.57,2112.95,2
2016-12,Colorado,Office Supplies,45-59,Medium (50-500),1,243.38,-51.72,243.38,1
2016-12,Colorado,Office Supplies,60+,Low (<50),2,30.05,6.06,15.02,2
2016-12,Colorado,Technology,18-24,Medium (50-500),1,165.6,-6.21,165.6,1
2016-12,Colorado,Technology,45-59,Medium (50-500),2,420.57,60.03,210.28,1
2016-12,Connecticut,Furniture,35-44,High (500-1500),1,751.92,150.38,751.92,1
2016-12,Connecticut,Office Supplies,35-44,Medium (50-500),1,88.08,40.52,88.08,1
2016-12,Delaware,Furniture,60+,Low (<50),1,13.4,6.43,13.4,1
2016-12,Delaware,Office Supplies,60+,Low (<50),1,4.98,2.34,4.98,1
2016-12,Delaware,Office Supplies,60+,Medium (50-500),1,109.69,51.55,109.69,1
2016-12,District of Columbia,Office Supplies,25-34,Low (<50),1,33.92,13.23,33.92,1
2016-12,Florida,Office Supplies,18-24,Low (<50),2,71.1,11.79,35.55,1
2016-12,Florida,Office Supplies,18-24,Medium (50-500),1,85.22,7.46,85.22,1
2016-12,Florida,Office Supplies,35-44,High (500-1500),1,961.48,-204.31,961.48,1
2016-12,Florida,Office Supplies,35-44,Low (<50),2,62.75,21.96,31.38,1
2016-12,Florida,Office Supplies,35-44,Medium (50-500),2,448.59,-145.06,224.29,1
2016-12,Florida,Office Supplies,45-59,Medium (50-500),1,72.22,25.28,72.22,1
2016-12,Georgia,Office Supplies,35-44,Low (<50),1,49.12,23.09,49.12,1
2016-12,Georgia,Technology,35-44,Medium (50-500),1,249.95,20.0,249.95,1
2016-12,Illinois,Furniture,18-24,Medium (50-500),1,141.37,-14.14,141.37,1
2016-12,Illinois,Furniture,35-44,High (500-1500),1,845.49,-12.08,845.49,1
2016-12,Illinois,Office Supplies,25-34,Low (<50),3,26.72,-13.1,8.91,2
2016-12,Illinois,Office Supplies,45-59,Low (<50),1,11.95,3.88,11.95,1
2016-12,Illinois,Office Supplies,60+,Low (<50),2,8.32,-7.59,4.16,2
2016-12,Illinois,Office Supplies,60+,Medium (50-500),1,186.05,67.44,186.05,1
2016-12,Illinois,Technology,25-34,Low (<50),1,19.04,-1.43,19.04,1
2016-12,Indiana,Furniture,45-59,High (500-1500),1,581.96,104.75,581.96,1
2016-12,Indiana,Furniture,45-59,Low (<50),2,47.29,13.29,23.64,2
2016-12,Indiana,Furniture,60+,High (500-1500),1,1424.9,356.22,1424.9,1
2016-12,Iowa,Office Supplies,35-44,Medium (50-500),1,115.84,54.44,115.84,1
2016-12,Kansas,Furniture,25-34,Medium (50-500),1,70.56,23.99,70.56,1
2016-12,Kansas,Office Supplies,25-34,Medium (50-500),1,81.96,22.95,81.96,1
2016-12,Kentucky,Furniture,25-34,Medium (50-500),1,191.82,74.81,191.82,1
2016-12,Kentucky,Office Supplies,45-59,Low (<50),1,2.61,1.2,2.61,1
2016-12,Kentucky,Office Supplies,60+,High (500-1500),1,584.82,70.18,584.82,1
2016-12,Kentucky,Technology,60+,High (500-1500),1,699.98,195.99,699.98,1
2016-12,Maryland,Furniture,60+,Medium (50-500),1,172.5,51.75,172.5,1
2016-12,Maryland,Technology,60+,Medium (50-500),1,179.97,44.99,179.97,1
2016-12,Massachusetts,Furniture,18-24,Medium (50-500),1,81.94,20.48,81.94,1
2016-12,Massachusetts,Furniture,25-34,Medium (50-500),2,477.16,1.85,238.58,1
2016-12,Massachusetts,Office Supplies,25-34,High (500-1500),1,901.95,297.64,901.95,1
2016-12,Massachusetts,Office Supplies,45-59,Low (<50),1,3.69,1.73,3.69,1
2016-12,Massachusetts,Office Supplies,45-59,Medium (50-500),1,122.12,56.18,122.12,1
2016-12,Massachusetts,Technology,25-34,Medium (50-500),1,137.94,35.86,137.94,1
2016-12,Michigan,Furniture,25-34,Low (<50),1,33.48,8.7,33.48,1
2016-12,Michigan,Furniture,35-44,Very High (1500+),1,1652.94,231.41,1652.94,1
2016-12,Michigan,Office Supplies,25-34,Low (<50),2,40.76,10.33,20.38,1
2016-12,Michigan,Office Supplies,35-44,Low (<50),1,24.85,11.68,24.85,1
2016-12,Michigan,Office Supplies,35-44,Medium (50-500),1,296.37,80.02,296.37,1
2016-12,Michigan,Office Supplies,45-59,Medium (50-500),1,61.93,23.4,61.93,1
2016-12,Michigan,Office Supplies,60+,Very High (1500+),1,9892.74,4946.37,9892.74,1
2016-12,Michigan,Technology,25-34,High (500-1500),1,657.93,184.22,657.93,1
2016-12,Michigan,Technology,45-59,Low (<50),1,10.9,3.05,10.9,1
2016-12,Michigan,Technology,45-59,Medium (50-500),1,59.98,25.19,59.98,1
2016-12,Minnesota,Furniture,35-44,Low (<50),1,18.84,6.03,18.84,1
2016-12,Minnesota,Office Supplies,35-44,Low (<50),1,23.92,11.72,23.92,1
2016-12,Minnesota,Technology,35-44,Medium (50-500),1,114.95,2.3,114.95,1
2016-12,Mississippi,Furniture,18-24,Low (<50),1,18.92,7.38,18.92,1
2016-12,Mississippi,Furniture,60+,Medium (50-500),1,133.38,58.69,133.38,1
2016-12,Mississippi,Office Supplies,18-24,Low (<50),1,15.42,6.94,15.42,1
2016-12,Mississippi,Technology,18-24,Medium (50-500),1,66.3,8.62,66.3,1
2016-12,Nebraska,Furniture,45-59,High (500-1500),1,563.94,112.79,563.94,1
2016-12,Nebraska,Office Supplies,45-59,Low (<50),1,19.46,5.06,19.46,1
2016-12,Nebraska,Office Supplies,45-59,Medium (50-500),1,60.34,15.69,60.34,1
2016-12,Nebraska,Office Supplies,60+,Low (<50),1,33.9,15.59,33.9,1
2016-12,Nevada,Office Supplies,18-24,Low (<50),1,3.64,1.64,3.64,1
2016-12,Nevada,Office Supplies,18-24,Medium (50-500),1,159.77,53.92,159.77,1
2016-12,New Hampshire,Furniture,45-59,Low (<50),1,21.12,6.55,21.12,1
2016-12,New Jersey,Furniture,25-34,Medium (50-500),1,212.94,25.55,212.94,1
2016-12,New Jersey,Office Supplies,25-34,Low (<50),1,26.49,7.42,26.49,1
2016-12,New Jersey,Office Supplies,60+,Very High (1500+),1,1793.98,843.17,1793.98,1
2016-12,New Mexico,Office Supplies,60+,Low (<50),2,24.9,8.24,12.45,1
2016-12,New York,Furniture,35-44,High (500-1500),2,1666.21,381.21,833.1,2
2016-12,New York,Furniture,35-44,Medium (50-500),2,710.1,78.41,355.05,2
2016-12,New York,Furniture,45-59,Medium (50-500),1,113.79,20.48,113.79,1
2016-12,New York,Furniture,60+,High (500-1500),1,542.65,102.5,542.65,1
2016-12,New York,Furniture,60+,Medium (50-500),2,460.38,-133.43,230.19,2
2016-12,New York,Furniture,60+,Very High (1500+),1,2563.06,313.26,2563.06,1
2016-12,New York,Office Supplies,25-34,Low (<50),3,71.34,24.33,23.78,2
2016-12,New York,Office Supplies,25-34,Medium (50-500),2,678.06,120.95,339.03,2
2016-12,New York,Office Supplies,35-44,Low (<50),8,128.83,48.75,16.1,4
2016-12,New York,Office Supplies,35-44,Medium (50-500),2,470.14,161.86,235.07,1
2016-12,New York,Office Supplies,45-59,High (500-1500),1,679.96,220.99,679.96,1
2016-12,New York,Office Supplies,45-59,Low (<50),5,90.09,39.95,18.02,4
2016-12,New York,Office Supplies,45-59,Medium (50-500),3,439.62,44.82,146.54,2
2016-12,New York,Office Supplies,60+,High (500-1500),2,1868.82,431.85,934.41,2
2016-12,New York,Office Supplies,60+,Low (<50),6,117.44,39.95,19.57,4
2016-12,New York,Office Supplies,60+,Medium (50-500),4,847.57,347.3,211.89,3
2016-12,New York,Technology,35-44,Medium (50-500),1,197.97,53.45,197.97,1
2016-12,New York,Technology,45-59,Medium (50-500),2,168.12,53.28,84.06,2
2016-12,New York,Technology,60+,High (500-1500),1,1029.95,298.69,1029.95,1
2016-12,New York,Technology,60+,Medium (50-500),1,479.98,90.0,479.98,1
2016-12,North Carolina,Office Supplies,45-59,Low (<50),1,34.94,3.06,34.94,1
2016-12,North Carolina,Office Supplies,60+,High (500-1500),1,540.05,-47.25,540.05,1
2016-12,North Carolina,Office Supplies,60+,Low (<50),1,27.88,-20.45,27.88,1
2016-12,North Carolina,Technology,18-24,Low (<50),1,16.56,-2.48,16.56,1
2016-12,North Carolina,Technology,18-24,Medium (50-500),2,317.7,49.08,158.85,1
2016-12,North Carolina,Technology,25-34,High (500-1500),1,863.93,86.39,863.93,1
2016-12,North Carolina,Technology,60+,Medium (50-500),1,255.68,76.7,255.68,1
2016-12,Ohio,Furniture,60+,Medium (50-500),2,787.02,-285.39,393.51,1
2016-12,Ohio,Office Supplies,25-34,Low (<50),1,2.21,-1.48,2.21,1
2016-12,Ohio,Office Supplies,25-34,Medium (50-500),2,230.05,-26.02,115.02,2
2016-12,Ohio,Office Supplies,35-44,Low (<50),1,12.96,-9.5,12.96,1
2016-12,Ohio,Office Supplies,45-59,Low (<50),2,27.77,9.67,13.88,2
2016-12,Ohio,Office Supplies,60+,Low (<50),5,57.38,-13.69,11.48,4
2016-12,Ohio,Office Supplies,60+,Medium (50-500),2,452.1,20.14,226.05,1
2016-12,Ohio,Technology,45-59,Low (<50),1,40.0,0.5,40.0,1
2016-12,Ohio,Technology,60+,Medium (50-500),1,383.95,76.79,383.95,1
2016-12,Oklahoma,Technology,18-24,Medium (50-500),1,63.88,24.91,63.88,1
2016-12,Oregon,Furniture,18-24,Medium (50-500),1,377.45,-264.21,377.45,1
2016-12,Oregon,Furniture,25-34,Medium (50-500),1,403.92,25.24,403.92,1
2016-12,Oregon,Furniture,60+,High (500-1500),1,564.2,-304.67,564.2,1
2016-12,Oregon,Furniture,60+,Low (<50),2,34.62,7.95,17.31,1
2016-12,Oregon,Office Supplies,18-24,Low (<50),4,91.51,-18.86,22.88,1
2016-12,Oregon,Office Supplies,60+,Low (<50),2,59.11,-14.63,29.56,2
2016-12,Oregon,Office Supplies,60+,Medium (50-500),1,87.17,8.72,87.17,1
2016-12,Oregon,Technology,18-24,Low (<50),1,28.68,-7.17,28.68,1
2016-12,Oregon,Technology,18-24,Medium (50-500),1,112.78,-8.46,112.78,1
2016-12,Pennsylvania,Furniture,18-24,Medium (50-500),1,170.79,0.0,170.79,1
2016-12,Pennsylvania,Furniture,60+,Medium (50-500),1,303.92,-30.39,303.92,1
2016-12,Pennsylvania,Office Supplies,18-24,Low (<50),1,7.97,2.69,7.97,1
2016-12,Pennsylvania,Office Supplies,45-59,Low (<50),1,18.19,-14.55,18.19,1
2016-12,Pennsylvania,Office Supplies,45-59,Medium (50-500),1,394.82,93.77,394.82,1
2016-12,Pennsylvania,Office Supplies,60+,Low (<50),1,16.52,1.65,16.52,1
2016-12,Pennsylvania,Technology,18-24,High (500-1500),1,1499.97,-374.99,1499.97,1
2016-12,Rhode Island,Furniture,25-34,Medium (50-500),1,72.42,23.9,72.42,1
2016-12,Rhode Island,Office Supplies,25-34,Very High (1500+),1,2079.4,582.23,2079.4,1
2016-12,Rhode Island,Technology,25-34,High (500-1500),1,629.95,176.39,629.95,1
2016-12,Rhode Island,Technology,60+,Very High (1500+),1,1999.96,899.98,1999.96,1
2016-12,Tennessee,Furniture,25-34,Medium (50-500),1,79.97,-29.32,79.97,1
2016-12,Tennessee,Office Supplies,25-34,Low (<50),3,14.32,0.02,4.77,3
2016-12,Tennessee,Office Supplies,35-44,Low (<50),2,40.9,-29.9,20.45,1
2016-12,Tennessee,Technology,60+,Low (<50),1,40.68,-9.15,40.68,1
2016-12,Texas,Furniture,18-24,Medium (50-500),2,333.68,-18.96,166.84,1
2016-12,Texas,Furniture,35-44,High (500-1500),1,781.86,-137.98,781.86,1
2016-12,Texas,Furniture,45-59,Medium (50-500),1,190.92,-147.96,190.92,1
2016-12,Texas,Furniture,60+,Low (<50),1,2.33,-0.76,2.33,1
2016-12,Texas,Office Supplies,18-24,Low (<50),1,11.65,-30.87,11.65,1
2016-12,Texas,Office Supplies,18-24,Medium (50-500),1,51.84,18.14,51.84,1
2016-12,Texas,Office Supplies,35-44,Low (<50),1,30.82,9.63,30.82,1
2016-12,Texas,Office Supplies,45-59,Low (<50),5,59.69,4.75,11.94,3
2016-12,Texas,Office Supplies,60+,Low (<50),1,45.36,14.74,45.36,1
2016-12,Texas,Technology,18-24,Medium (50-500),1,165.6,-6.21,165.6,1
2016-12,Texas,Technology,45-59,High (500-1500),1,1097.54,123.47,1097.54,1
2016-12,Texas,Technology,60+,Medium (50-500),3,873.34,90.51,291.11,1
2016-12,Virginia,Furniture,35-44,High (500-1500),1,572.76,166.1,572.76,1
2016-12,Virginia,Furniture,35-44,Medium (50-500),1,286.38,83.05,286.38,1
2016-12,Virginia,Furniture,45-59,High (500-1500),1,1056.86,158.53,1056.86,1
2016-12,Virginia,Office Supplies,35-44,Low (<50),1,40.7,11.8,40.7,1
2016-12,Virginia,Office Supplies,35-44,Very High (1500+),1,2104.55,694.5,2104.55,1
2016-12,Washington,Furniture,45-59,Low (<50),1,14.8,6.07,14.8,1
2016-12,Washington,Furniture,60+,High (500-1500),1,698.35,52.38,698.35,1
2016-12,Washington,Furniture,60+,Very High (1500+),1,1747.25,629.01,1747.25,1
2016-12,Washington,Office Supplies,18-24,Low (<50),1,46.53,13.03,46.53,1
2016-12,Washington,Office Supplies,35-44,Low (<50),3,117.0,47.09,39.0,2
2016-12,Washington,Office Supplies,35-44,Medium (50-500),3,497.59,225.19,165.86,1
2016-12,Washington,Office Supplies,45-59,Medium (50-500),2,463.34,151.97,231.67,2
2016-12,Washington,Office Supplies,60+,High (500-1500),1,1117.92,55.9,1117.92,1
2016-12,Washington,Office Supplies,60+,Low (<50),6,167.36,73.25,27.89,3
2016-12,Washington,Office Supplies,60+,Medium (50-500),5,632.05,163.09,126.41,2
2016-12,Washington,Technology,35-44,Medium (50-500),2,588.77,40.72,294.38,1
2016-12,Washington,Technology,45-59,Low (<50),1,11.56,3.76,11.56,1
2016-12,Washington,Technology,45-59,Medium (50-500),2,618.38,54.28,309.19,1
2016-12,Washington,Technology,60+,Low (<50),1,44.75,8.5,44.75,1
2016-12,Wisconsin,Furniture,25-34,High (500-1500),1,680.01,176.8,680.01,1
2016-12,Wisconsin,Furniture,25-34,Medium (50-500),1,405.86,32.47,405.86,1
2016-12,Wisconsin,Furniture,35-44,High (500-1500),1,754.45,60.36,754.45,1
2016-12,Wisconsin,Furniture,60+,Very High (1500+),1,1951.84,585.55,1951.84,1
2016-12,Wisconsin,Office Supplies,60+,Medium (50-500),1,171.55,80.63,171.55,1
2016-12,Wisconsin,Technology,60+,Medium (50-500),2,534.42,109.8,267.21,1
2017-01,Alabama,Office Supplies,60+,Low (<50),3,56.37,23.13,18.79,2
2017-01,Arizona,Office Supplies,45-59,Low (<50),1,4.94,-3.62,4.94,1
2017-01,Arizona,Technology,45-59,Medium (50-500),1,95.98,12.0,95.98,1
2017-01,California,Furniture,18-24,Medium (50-500),1,474.43,199.26,474.43,1
2017-01,California,Furniture,45-59,Low (<50),2,65.66,20.93,32.83,2
2017-01,California,Furniture,45-59,Medium (50-500),1,399.67,-14.99,399.67,1
2017-01,California,Furniture,60+,Medium (50-500),1,120.78,-13.59,120.78,1
2017-01,California,Office Supplies,18-24,Low (<50),1,24.2,7.99,24.2,1
2017-01,California,Office Supplies,35-44,Low (<50),3,24.8,7.95,8.27,2
2017-01,California,Office Supplies,35-44,Medium (50-500),4,444.53,117.51,111.13,2
2017-01,California,Office Supplies,45-59,Low (<50),3,47.48,17.3,15.83,3
2017-01,California,Office Supplies,45-59,Medium (50-500),3,560.98,166.12,186.99,3
2017-01,California,Office Supplies,60+,Low (<50),5,90.96,36.08,18.19,4
2017-01,California,Office Supplies,60+,Very High (1500+),1,2022.27,682.52,2022.27,1
2017-01,California,Technology,18-24,Medium (50-500),2,520.75,140.54,260.38,2
2017-01,California,Technology,35-44,Low (<50),1,16.59,5.81,16.59,1
2017-01,California,Technology,45-59,Medium (50-500),2,350.32,34.67,175.16,2
2017-01,Colorado,Office Supplies,25-34,Medium (50-500),1,168.62,14.75,168.62,1
2017-01,Colorado,Technology,25-34,Medium (50-500),1,169.06,-14.79,169.06,1
2017-01,Connecticut,Office Supplies,35-44,Low (<50),1,3.52,1.02,3.52,1
2017-01,District of Columbia,Furniture,60+,Low (<50),1,37.68,15.83,37.68,1
2017-01,District of Columbia,Office Supplies,60+,Low (<50),1,40.08,19.24,40.08,1
2017-01,Florida,Furniture,60+,Medium (50-500),1,419.14,-68.11,419.14,1
2017-01,Florida,Office Supplies,45-59,Low (<50),1,2.81,-1.97,2.81,1
2017-01,Georgia,Furniture,60+,Medium (50-500),1,62.72,24.46,62.72,1
2017-01,Georgia,Office Supplies,60+,Low (<50),1,5.67,0.11,5.67,1
2017-01,Georgia,Technology,60+,Very High (1500+),1,2939.93,764.38,2939.93,1
2017-01,Illinois,Furniture,60+,Medium (50-500),1,69.38,-47.18,69.38,1
2017-01,Illinois,Office Supplies,18-24,Low (<50),1,12.13,-20.62,12.13,1
2017-01,Illinois,Office Supplies,60+,Low (<50),5,75.54,15.9,15.11,3
2017-01,Illinois,Office Supplies,60+,Medium (50-500),1,268.58,90.64,268.58,1
2017-01,Illinois,Technology,60+,Very High (1500+),1,2003.17,250.4,2003.17,1
2017-01,Indiana,Furniture,60+,Low (<50),1,18.96,8.53,18.96,1
2017-01,Indiana,Office Supplies,60+,Low (<50),3,32.62,10.91,10.87,1
2017-01,Indiana,Office Supplies,60+,Medium (50-500),1,67.4,17.52,67.4,1
2017-01,Indiana,Technology,60+,Low (<50),1,12.12,2.55,12.12,1
2017-01,Indiana,Technology,60+,Medium (50-500),2,227.6,71.67,113.8,1
2017-01,Iowa,Furniture,18-24,Low (<50),1,14.91,4.62,14.91,1
2017-01,Iowa,Furniture,60+,Low (<50),1,34.58,14.52,34.58,1
2017-01,Iowa,Office Supplies,18-24,Low (<50),2,26.44,9.73,13.22,1
2017-01,Iowa,Office Supplies,18-24,Medium (50-500),1,94.85,45.53,94.85,1
2017-01,Iowa,Office Supplies,60+,Low (<50),4,98.64,39.67,24.66,1
2017-01,Iowa,Technology,60+,Medium (50-500),1,207.0,51.75,207.0,1
2017-01,Kansas,Office Supplies,45-59,Medium (50-500),1,279.9,137.15,279.9,1
2017-01,Massachusetts,Office Supplies,60+,Low (<50),1,12.7,5.84,12.7,1
2017-01,Michigan,Furniture,18-24,Medium (50-500),1,210.98,21.1,210.98,1
2017-01,Michigan,Furniture,60+,Medium (50-500),1,302.67,72.64,302.67,1
2017-01,Michigan,Office Supplies,60+,Low (<50),1,14.4,7.06,14.4,1
2017-01,Michigan,Office Supplies,60+,Medium (50-500),2,145.59,67.31,72.8,2
2017-01,Michigan,Office Supplies,60+,Very High (1500+),1,5443.96,2504.22,5443.96,1
2017-01,Michigan,Technology,45-59,Very High (1500+),1,3059.98,680.0,3059.98,1
2017-01,Michigan,Technology,60+,High (500-1500),1,619.95,111.59,619.95,1
2017-01,Michigan,Technology,60+,Medium (50-500),2,515.96,201.59,257.98,1
2017-01,Missouri,Furniture,45-59,Medium (50-500),1,212.94,53.24,212.94,1
2017-01,Missouri,Office Supplies,45-59,Low (<50),1,32.4,15.55,32.4,1
2017-01,Missouri,Office Supplies,45-59,Medium (50-500),1,209.94,54.58,209.94,1
2017-01,Missouri,Office Supplies,45-59,Very High (1500+),1,4164.05,83.28,4164.05,1
2017-01,Montana,Office Supplies,45-59,High (500-1500),1,1126.02,56.3,1126.02,1
2017-01,Montana,Office Supplies,45-59,Low (<50),1,11.96,5.38,11.96,1
2017-01,Montana,Office Supplies,45-59,Medium (50-500),1,51.45,13.89,51.45,1
2017-01,Montana,Technology,45-59,Very High (1500+),1,2999.95,1379.98,2999.95,1
2017-01,New York,Furniture,60+,Medium (50-500),1,207.85,2.31,207.85,1
2017-01,New York,Office Supplies,35-44,Low (<50),1,5.22,2.4,5.22,1
2017-01,New York,Technology,35-44,Medium (50-500),1,137.94,35.86,137.94,1
2017-01,New York,Technology,45-59,Medium (50-500),1,449.91,157.47,449.91,1
2017-01,North Carolina,Office Supplies,18-24,Low (<50),2,44.51,-33.69,22.26,1
2017-01,North Carolina,Office Supplies,25-34,Low (<50),1,21.74,7.34,21.74,1
2017-01,North Carolina,Office Supplies,60+,Low (<50),1,35.78,-28.63,35.78,1
2017-01,North Carolina,Office Supplies,60+,Medium (50-500),1,348.21,30.47,348.21,1
2017-01,North Carolina,Technology,18-24,High (500-1500),1,695.7,-27.83,695.7,1
2017-01,North Carolina,Technology,25-34,Low (<50),1,7.92,0.69,7.92,1
2017-01,Ohio,Furniture,45-59,Low (<50),1,48.9,8.56,48.9,1
2017-01,Ohio,Office Supplies,35-44,Low (<50),1,14.02,1.75,14.02,1
2017-01,Ohio,Technology,35-44,Medium (50-500),2,179.96,-35.99,89.98,1
2017-01,Pennsylvania,Furniture,60+,High (500-1500),1,887.27,-63.38,887.27,1
2017-01,Pennsylvania,Furniture,60+,Low (<50),1,31.97,6.39,31.97,1
2017-01,Pennsylvania,Office Supplies,35-44,Medium (50-500),1,274.49,-228.74,274.49,1
2017-01,Pennsylvania,Office Supplies,45-59,Low (<50),1,34.38,3.87,34.38,1
2017-01,Pennsylvania,Office Supplies,45-59,Very High (1500+),1,1924.16,312.68,1924.16,1
2017-01,Pennsylvania,Office Supplies,60+,Low (<50),2,26.46,7.53,13.23,2
2017-01,Pennsylvania,Technology,60+,Medium (50-500),1,429.6,-93.08,429.6,1
2017-01,Tennessee,Office Supplies,25-34,Low (<50),4,63.1,12.93,15.78,1
2017-01,Tennessee,Technology,25-34,Medium (50-500),1,111.98,7.0,111.98,1
2017-01,Texas,Furniture,35-44,High (500-1500),1,913.43,-169.64,913.43,1
2017-01,Texas,Furniture,60+,Medium (50-500),2,452.16,-214.02,226.08,1
2017-01,Texas,Office Supplies,25-34,Low (<50),1,18.16,1.82,18.16,1
2017-01,Texas,Office Supplies,35-44,High (500-1500),1,760.98,-1141.47,760.98,1
2017-01,Texas,Office Supplies,35-44,Low (<50),2,37.18,-9.61,18.59,1
2017-01,Texas,Office Supplies,35-44,Medium (50-500),1,372.14,27.91,372.14,1
2017-01,Texas,Office Supplies,60+,Low (<50),7,91.24,-125.96,13.03,3
2017-01,Texas,Office Supplies,60+,Medium (50-500),1,454.56,-107.96,454.56,1
2017-01,Texas,Technology,60+,Low (<50),1,47.98,14.4,47.98,1
2017-01,Texas,Technology,60+,Medium (50-500),1,62.59,13.3,62.59,1
2017-01,Vermont,Office Supplies,35-44,High (500-1500),1,542.94,152.02,542.94,1
2017-01,Vermont,Office Supplies,35-44,Low (<50),2,14.32,6.73,7.16,1
2017-01,Vermont,Office Supplies,35-44,Medium (50-500),1,79.92,37.56,79.92,1
2017-01,Washington,Furniture,18-24,High (500-1500),1,892.98,80.37,892.98,1
2017-01,Washington,Furniture,45-59,Medium (50-500),1,84.98,18.7,84.98,1
2017-01,Washington,Office Supplies,45-59,Low (<50),5,98.74,38.42,19.75,2
2017-01,Washington,Office Supplies,45-59,Medium (50-500),2,342.64,43.36,171.32,1
2017-01,Washington,Technology,45-59,High (500-1500),1,604.77,60.48,604.77,1
2017-01,Washington,Technology,45-59,Medium (50-500),2,266.32,95.02,133.16,2
2017-01,Wisconsin,Office Supplies,60+,Low (<50),1,3.6,1.73,3.6,1
2017-02,Arizona,Furniture,60+,Medium (50-500),2,455.61,-169.4,227.81,1
2017-02,Arizona,Office Supplies,60+,Low (<50),1,10.64,3.86,10.64,1
2017-02,Arizona,Office Supplies,60+,Medium (50-500),1,51.17,-6.4,51.17,1
2017-02,Arizona,Technology,60+,Low (<50),1,31.99,4.8,31.99,1
2017-02,Arizona,Technology,60+,Medium (50-500),1,333.58,25.02,333.58,1
2017-02,California,Furniture,18-24,High (500-1500),1,892.22,89.22,892.22,1
2017-02,California,Furniture,18-24,Medium (50-500),1,91.96,15.63,91.96,1
2017-02,California,Furniture,25-34,Low (<50),1,21.12,6.55,21.12,1
2017-02,California,Furniture,35-44,Medium (50-500),1,210.58,12.63,210.58,1
2017-02,California,Furniture,45-59,Low (<50),1,44.67,12.06,44.67,1
2017-02,California,Furniture,60+,Low (<50),1,22.23,7.34,22.23,1
2017-02,California,Furniture,60+,Medium (50-500),2,290.24,46.13,145.12,2
2017-02,California,Office Supplies,18-24,Low (<50),3,90.16,41.5,30.05,3
2017-02,California,Office Supplies,18-24,Medium (50-500),2,305.84,131.84,152.92,1
2017-02,California,Office Supplies,18-24,Very High (1500+),1,1640.7,459.4,1640.7,1
2017-02,California,Office Supplies,35-44,Low (<50),2,60.86,23.52,30.43,2
2017-02,California,Office Supplies,45-59,Low (<50),1,12.84,3.47,12.84,1
2017-02,California,Office Supplies,45-59,Medium (50-500),2,711.69,117.65,355.84,2
2017-02,California,Office Supplies,60+,Low (<50),3,77.96,28.93,25.99,3
2017-02,California,Office Supplies,60+,Medium (50-500),1,139.04,38.93,139.04,1
2017-02,California,Technology,18-24,High (500-1500),1,889.54,66.72,889.54,1
2017-02,California,Technology,18-24,Medium (50-500),2,629.78,61.15,314.89,2
2017-02,California,Technology,35-44,Medium (50-500),1,239.98,39.0,239.98,1
2017-02,California,Technology,60+,Medium (50-500),3,493.47,76.49,164.49,2
2017-02,Colorado,Office Supplies,45-59,Low (<50),1,9.43,3.07,9.43,1
2017-02,Connecticut,Office Supplies,25-34,High (500-1500),1,579.51,81.13,579.51,1
2017-02,Connecticut,Office Supplies,25-34,Low (<50),2,17.62,8.22,8.81,1
2017-02,Connecticut,Technology,25-34,Low (<50),1,14.99,7.35,14.99,1
2017-02,Florida,Office Supplies,45-59,Low (<50),1,3.88,-2.59,3.88,1
2017-02,Florida,Office Supplies,45-59,Medium (50-500),1,115.3,40.35,115.3,1
2017-02,Georgia,Office Supplies,45-59,High (500-1500),1,1245.86,361.3,1245.86,1
2017-02,Illinois,Furniture,45-59,Low (<50),1,22.2,-26.08,22.2,1
2017-02,Illinois,Furniture,60+,High (500-1500),1,600.56,-8.58,600.56,1
2017-02,Illinois,Furniture,60+,Low (<50),1,7.69,-3.65,7.69,1
2017-02,Illinois,Furniture,60+,Medium (50-500),1,480.96,-269.34,480.96,1
2017-02,Illinois,Office Supplies,45-59,Low (<50),2,6.97,-1.23,3.49,2
2017-02,Illinois,Office Supplies,45-59,Medium (50-500),2,484.98,170.56,242.49,1
2017-02,Illinois,Office Supplies,60+,Low (<50),2,46.4,9.7,23.2,1
2017-02,Illinois,Office Supplies,60+,Medium (50-500),1,50.35,-8.18,50.35,1
2017-02,Illinois,Technology,60+,Medium (50-500),1,124.79,10.92,124.79,1
2017-02,Louisiana,Technology,60+,Low (<50),1,29.16,8.46,29.16,1
2017-02,Maryland,Office Supplies,45-59,Low (<50),1,23.12,11.33,23.12,1
2017-02,Maryland,Office Supplies,60+,Low (<50),2,35.73,9.29,17.87,1
2017-02,Minnesota,Office Supplies,60+,Medium (50-500),1,90.64,38.98,90.64,1
2017-02,New Jersey,Office Supplies,60+,Low (<50),1,11.76,5.76,11.76,1
2017-02,New Jersey,Office Supplies,60+,Medium (50-500),1,166.45,39.95,166.45,1
2017-02,New York,Furniture,60+,Medium (50-500),1,240.78,30.1,240.78,1
2017-02,New York,Office Supplies,18-24,Low (<50),1,46.24,15.61,46.24,1
2017-02,New York,Office Supplies,45-59,Low (<50),3,88.55,35.5,29.52,3
2017-02,New York,Office Supplies,60+,Low (<50),1,20.7,9.94,20.7,1
2017-02,New York,Technology,18-24,Medium (50-500),1,227.46,65.96,227.46,1
2017-02,North Carolina,Furniture,60+,Medium (50-500),2,428.7,-16.34,214.35,1
2017-02,Ohio,Furniture,25-34,High (500-1500),1,899.43,-12.85,899.43,1
2017-02,Ohio,Furniture,25-34,Low (<50),1,30.14,8.29,30.14,1
2017-02,Ohio,Furniture,25-34,Medium (50-500),1,455.97,-106.39,455.97,1
2017-02,Ohio,Furniture,35-44,Medium (50-500),1,147.57,-3.69,147.57,1
2017-02,Ohio,Office Supplies,25-34,Low (<50),1,5.72,-4.76,5.72,1
2017-02,Ohio,Office Supplies,45-59,Low (<50),1,21.46,6.97,21.46,1
2017-02,Ohio,Office Supplies,45-59,Medium (50-500),1,78.3,29.36,78.3,1
2017-02,Ohio,Office Supplies,60+,Low (<50),1,5.23,-4.18,5.23,1
2017-02,Ohio,Office Supplies,60+,Medium (50-500),1,285.55,35.69,285.55,1
2017-02,Ohio,Technology,25-34,Medium (50-500),1,57.59,-11.52,57.59,1
2017-02,Ohio,Technology,45-59,Medium (50-500),1,59.97,-11.99,59.97,1
2017-02,Oklahoma,Office Supplies,35-44,Low (<50),2,19.67,5.31,9.83,1
2017-02,Pennsylvania,Office Supplies,35-44,Low (<50),1,4.96,-3.8,4.96,1
2017-02,Pennsylvania,Office Supplies,60+,Medium (50-500),1,123.92,38.72,123.92,1
2017-02,Pennsylvania,Technology,60+,High (500-1500),1,1319.8,214.47,1319.8,1
2017-02,Texas,Furniture,25-34,Medium (50-500),1,89.07,-17.03,89.07,1
2017-02,Texas,Furniture,45-59,Low (<50),1,3.98,-2.69,3.98,1
2017-02,Texas,Office Supplies,25-34,Medium (50-500),1,175.44,52.63,175.44,1
2017-02,Texas,Office Supplies,45-59,Low (<50),2,20.11,-31.77,10.06,2
2017-02,Texas,Office Supplies,45-59,Medium (50-500),2,496.78,-844.08,248.39,2
2017-02,Texas,Technology,25-34,Medium (50-500),1,438.34,-87.67,438.34,1
2017-02,Texas,Technology,45-59,Medium (50-500),1,127.98,16.0,127.98,1
2017-02,Texas,Technology,60+,Low (<50),1,47.9,-2.99,47.9,1
2017-02,Virginia,Furniture,25-34,Medium (50-500),1,359.97,79.19,359.97,1
2017-02,Washington,Furniture,25-34,High (500-1500),1,963.14,108.35,963.14,1
2017-02,Washington,Furniture,60+,Medium (50-500),1,107.53,21.51,107.53,1
2017-02,Washington,Office Supplies,35-44,Low (<50),1,8.4,0.34,8.4,1
2017-02,Washington,Office Supplies,45-59,Low (<50),1,11.22,0.22,11.22,1
2017-02,Washington,Office Supplies,60+,Low (<50),1,6.63,1.79,6.63,1
2017-02,Washington,Technology,25-34,Medium (50-500),1,88.78,7.77,88.78,1
2017-02,Washington,Technology,35-44,Medium (50-500),1,71.96,25.19,71.96,1
2017-02,Washington,Technology,60+,High (500-1500),1,799.96,343.98,799.96,1
2017-03,Arkansas,Office Supplies,45-59,Low (<50),1,40.41,18.59,40.41,1
2017-03,California,Furniture,25-34,Low (<50),2,48.04,16.96,24.02,1
2017-03,California,Furniture,25-34,Medium (50-500),1,94.2,39.56,94.2,1
2017-03,California,Furniture,35-44,Medium (50-500),1,170.35,-17.04,170.35,1
2017-03,California,Furniture,60+,High (500-1500),1,697.16,8.71,697.16,1
2017-03,California,Furniture,60+,Low (<50),1,30.93,12.68,30.93,1
2017-03,California,Furniture,60+,Medium (50-500),2,611.51,61.27,305.76,2
2017-03,California,Office Supplies,18-24,High (500-1500),1,725.84,210.49,725.84,1
2017-03,California,Office Supplies,18-24,Low (<50),8,135.64,55.14,16.96,5
2017-03,California,Office Supplies,18-24,Medium (50-500),3,569.09,258.06,189.7,3
2017-03,California,Office Supplies,25-34,High (500-1500),1,795.48,7.95,795.48,1
2017-03,California,Office Supplies,25-34,Low (<50),6,112.7,48.75,18.78,3
2017-03,California,Office Supplies,25-34,Medium (50-500),5,1010.26,298.81,202.05,2
2017-03,California,Office Supplies,45-59,Low (<50),4,45.63,17.21,11.41,3
2017-03,California,Office Supplies,60+,Low (<50),6,136.14,42.43,22.69,5
2017-03,California,Office Supplies,60+,Medium (50-500),6,1078.09,312.51,179.68,5
2017-03,California,Technology,18-24,High (500-1500),1,657.5,-131.5,657.5,1
2017-03,California,Technology,18-24,Medium (50-500),4,705.86,190.14,176.47,3
2017-03,California,Technology,25-34,High (500-1500),1,532.72,53.27,532.72,1
2017-03,California,Technology,35-44,High (500-1500),1,1049.44,440.76,1049.44,1
2017-03,California,Technology,45-59,Medium (50-500),2,276.75,39.81,138.38,2
2017-03,California,Technology,60+,Medium (50-500),5,1847.85,203.39,369.57,3
2017-03,Colorado,Office Supplies,25-34,High (500-1500),1,1332.5,-299.81,1332.5,1
2017-03,Connecticut,Office Supplies,18-24,Medium (50-500),1,61.96,27.88,61.96,1
2017-03,Connecticut,Office Supplies,45-59,Low (<50),2,58.0,27.92,29.0,1
2017-03,Connecticut,Office Supplies,45-59,Medium (50-500),1,465.16,120.94,465.16,1
2017-03,Connecticut,Technology,18-24,Medium (50-500),1,238.0,38.08,238.0,1
2017-03,Delaware,Furniture,45-59,Medium (50-500),1,441.96,101.65,441.96,1
2017-03,Delaware,Office Supplies,45-59,Medium (50-500),3,185.52,76.06,61.84,1
2017-03,Florida,Office Supplies,35-44,Medium (50-500),1,64.38,8.05,64.38,1
2017-03,Florida,Office Supplies,45-59,Medium (50-500),1,68.74,-48.12,68.74,1
2017-03,Georgia,Office Supplies,25-34,Low (<50),1,34.54,17.27,34.54,1
2017-03,Georgia,Office Supplies,25-34,Medium (50-500),2,123.88,47.51,61.94,2
2017-03,Georgia,Office Supplies,60+,High (500-1500),1,647.84,168.44,647.84,1
2017-03,Georgia,Office Supplies,60+,Low (<50),1,20.7,9.94,20.7,1
2017-03,Georgia,Technology,25-34,Very High (1500+),1,2999.95,1439.98,2999.95,1
2017-03,Illinois,Furniture,25-34,Medium (50-500),1,89.77,-2.56,89.77,1
2017-03,Illinois,Office Supplies,25-34,Low (<50),3,64.77,9.69,21.59,1
2017-03,Illinois,Office Supplies,60+,Low (<50),1,13.47,-22.9,13.47,1
2017-03,Illinois,Technology,25-34,High (500-1500),1,959.98,335.99,959.98,1
2017-03,Illinois,Technology,25-34,Low (<50),2,42.35,-4.7,21.18,2
2017-03,Illinois,Technology,25-34,Medium (50-500),1,209.99,9.0,209.99,1
2017-03,Illinois,Technology,45-59,Low (<50),1,49.62,4.96,49.62,1
2017-03,Indiana,Furniture,35-44,Low (<50),1,2.91,1.37,2.91,1
2017-03,Indiana,Office Supplies,18-24,Medium (50-500),1,81.4,21.16,81.4,1
2017-03,Indiana,Office Supplies,45-59,Low (<50),1,5.78,2.83,5.78,1
2017-03,Indiana,Office Supplies,45-59,Medium (50-500),1,277.4,133.15,277.4,1
2017-03,Kentucky,Furniture,45-59,Medium (50-500),1,61.0,25.62,61.0,1
2017-03,Kentucky,Office Supplies,60+,Medium (50-500),1,72.8,19.66,72.8,1
2017-03,Kentucky,Technology,45-59,High (500-1500),1,671.93,188.14,671.93,1
2017-03,Maryland,Office Supplies,45-59,Medium (50-500),1,174.3,81.92,174.3,1
2017-03,Maryland,Technology,25-34,Low (<50),1,49.08,4.91,49.08,1
2017-03,Massachusetts,Furniture,45-59,Low (<50),1,26.72,11.76,26.72,1
2017-03,Massachusetts,Technology,45-59,Medium (50-500),2,133.81,57.08,66.9,2
2017-03,Michigan,Furniture,18-24,Medium (50-500),1,180.98,47.05,180.98,1
2017-03,Michigan,Furniture,60+,Medium (50-500),1,60.84,23.12,60.84,1
2017-03,Michigan,Office Supplies,35-44,High (500-1500),1,895.92,421.08,895.92,1
2017-03,Michigan,Technology,18-24,Medium (50-500),1,99.98,42.99,99.98,1
2017-03,Minnesota,Office Supplies,25-34,Low (<50),2,26.59,11.69,13.3,1
2017-03,Minnesota,Office Supplies,25-34,Medium (50-500),2,349.12,120.2,174.56,1
2017-03,Mississippi,Office Supplies,18-24,Low (<50),1,42.68,19.63,42.68,1
2017-03,Mississippi,Office Supplies,18-24,Medium (50-500),2,496.6,191.16,248.3,1
2017-03,Mississippi,Technology,18-24,Medium (50-500),1,299.97,125.99,299.97,1
2017-03,New Jersey,Office Supplies,45-59,Low (<50),1,8.94,2.41,8.94,1
2017-03,New Mexico,Office Supplies,45-59,Low (<50),1,45.36,21.77,45.36,1
2017-03,New Mexico,Office Supplies,45-59,Medium (50-500),2,379.04,163.78,189.52,1
2017-03,New Mexico,Technology,45-59,Medium (50-500),2,355.69,137.39,177.84,1
2017-03,New York,Furniture,18-24,Medium (50-500),1,257.57,-28.98,257.57,1
2017-03,New York,Furniture,25-34,Low (<50),1,29.78,8.04,29.78,1
2017-03,New York,Furniture,25-34,Medium (50-500),2,479.61,62.7,239.8,2
2017-03,New York,Furniture,35-44,Medium (50-500),1,71.97,16.55,71.97,1
2017-03,New York,Office Supplies,18-24,Medium (50-500),1,221.92,106.52,221.92,1
2017-03,New York,Office Supplies,25-34,Low (<50),2,72.93,31.17,36.47,2
2017-03,New York,Office Supplies,25-34,Medium (50-500),2,166.63,78.15,83.32,2
2017-03,New York,Office Supplies,35-44,Low (<50),2,52.06,23.69,26.03,2
2017-03,New York,Office Supplies,45-59,Low (<50),1,28.91,13.3,28.91,1
2017-03,New York,Office Supplies,60+,Low (<50),5,92.78,30.6,18.56,2
2017-03,New York,Office Supplies,60+,Medium (50-500),3,514.12,67.77,171.37,2
2017-03,New York,Technology,18-24,Low (<50),1,26.0,11.7,26.0,1
2017-03,New York,Technology,18-24,Medium (50-500),1,119.96,33.59,119.96,1
2017-03,New York,Technology,25-34,High (500-1500),1,677.58,176.17,677.58,1
2017-03,New York,Technology,25-34,Medium (50-500),2,554.94,158.38,277.47,2
2017-03,New York,Technology,45-59,Medium (50-500),1,299.9,74.97,299.9,1
2017-03,New York,Technology,60+,Medium (50-500),3,248.36,62.99,82.79,1
2017-03,North Carolina,Office Supplies,25-34,Low (<50),2,61.88,-6.38,30.94,1
2017-03,Ohio,Furniture,45-59,Medium (50-500),1,51.26,7.69,51.26,1
2017-03,Ohio,Office Supplies,45-59,Low (<50),2,23.72,-15.81,11.86,2
2017-03,Ohio,Office Supplies,45-59,Medium (50-500),1,54.22,3.39,54.22,1
2017-03,Ohio,Technology,25-34,Medium (50-500),1,445.44,-81.66,445.44,1
2017-03,Ohio,Technology,45-59,Low (<50),1,44.38,-7.4,44.38,1
2017-03,Ohio,Technology,45-59,Medium (50-500),1,159.98,44.0,159.98,1
2017-03,Oklahoma,Furniture,60+,Very High (1500+),1,1805.88,523.71,1805.88,1
2017-03,Oklahoma,Office Supplies,60+,Medium (50-500),1,325.86,149.9,325.86,1
2017-03,Pennsylvania,Furniture,35-44,Low (<50),1,15.01,1.5,15.01,1
2017-03,Pennsylvania,Furniture,35-44,Medium (50-500),1,154.76,-46.43,154.76,1
2017-03,Pennsylvania,Furniture,60+,Low (<50),2,50.57,12.02,25.28,1
2017-03,Pennsylvania,Office Supplies,35-44,Low (<50),2,55.57,-5.36,27.79,1
2017-03,Pennsylvania,Office Supplies,60+,Low (<50),3,19.82,-1.29,6.61,3
2017-03,Pennsylvania,Technology,35-44,High (500-1500),1,776.85,-181.26,776.85,1
2017-03,Pennsylvania,Technology,60+,Low (<50),1,35.91,-8.38,35.91,1
2017-03,Pennsylvania,Technology,60+,Medium (50-500),1,53.98,-10.8,53.98,1
2017-03,Tennessee,Office Supplies,18-24,Low (<50),1,4.61,1.67,4.61,1
2017-03,Texas,Furniture,18-24,Medium (50-500),1,82.52,-41.26,82.52,1
2017-03,Texas,Furniture,45-59,High (500-1500),2,1623.89,-38.68,811.94,1
2017-03,Texas,Furniture,45-59,Medium (50-500),1,211.25,-66.39,211.25,1
2017-03,Texas,Furniture,60+,High (500-1500),1,933.41,-173.35,933.41,1
2017-03,Texas,Furniture,60+,Medium (50-500),2,308.83,-113.86,154.42,2
2017-03,Texas,Office Supplies,18-24,Low (<50),1,2.69,-7.39,2.69,1
2017-03,Texas,Office Supplies,18-24,Medium (50-500),1,182.99,-320.24,182.99,1
2017-03,Texas,Office Supplies,25-34,Low (<50),2,40.47,-88.63,20.23,2
2017-03,Texas,Office Supplies,35-44,Low (<50),3,31.97,-20.6,10.66,2
2017-03,Texas,Office Supplies,35-44,Medium (50-500),1,89.57,32.47,89.57,1
2017-03,Texas,Office Supplies,45-59,Low (<50),4,55.86,-7.36,13.96,3
2017-03,Texas,Office Supplies,45-59,Medium (50-500),3,394.26,126.67,131.42,2
2017-03,Texas,Office Supplies,60+,Low (<50),5,67.8,9.54,13.56,4
2017-03,Texas,Office Supplies,60+,Medium (50-500),3,305.25,-235.74,101.75,2
2017-03,Texas,Technology,18-24,Low (<50),1,27.82,4.52,27.82,1
2017-03,Texas,Technology,25-34,Medium (50-500),1,470.38,47.04,470.38,1
2017-03,Texas,Technology,45-59,Low (<50),1,39.99,7.0,39.99,1
2017-03,Texas,Technology,60+,High (500-1500),1,537.54,47.04,537.54,1
2017-03,Texas,Technology,60+,Medium (50-500),1,143.96,1.8,143.96,1
2017-03,Texas,Technology,60+,Very High (1500+),1,2399.96,569.99,2399.96,1
2017-03,Virginia,Furniture,45-59,Medium (50-500),1,292.1,58.42,292.1,1
2017-03,Virginia,Office Supplies,45-59,Low (<50),4,47.42,22.11,11.86,2
2017-03,Virginia,Office Supplies,45-59,Medium (50-500),1,332.94,9.99,332.94,1
2017-03,Virginia,Technology,45-59,Medium (50-500),2,259.35,76.41,129.68,2
2017-03,Washington,Furniture,45-59,Low (<50),1,22.14,6.42,22.14,1
2017-03,Washington,Office Supplies,18-24,Low (<50),1,19.83,5.95,19.83,1
2017-03,Washington,Office Supplies,35-44,Low (<50),1,23.1,6.93,23.1,1
2017-03,Washington,Office Supplies,45-59,Low (<50),6,177.55,48.23,29.59,4
2017-03,Washington,Office Supplies,45-59,Medium (50-500),1,359.32,7.19,359.32,1
2017-03,Washington,Office Supplies,60+,Low (<50),2,52.52,14.49,26.26,1
2017-03,Washington,Technology,45-59,High (500-1500),1,659.98,49.5,659.98,1
2017-03,Washington,Technology,60+,Medium (50-500),1,265.93,63.82,265.93,1
2017-03,Washington,Technology,60+,Very High (1500+),1,13999.96,6719.98,13999.96,1
2017-03,Wisconsin,Furniture,35-44,Medium (50-500),2,459.96,55.15,229.98,1
2017-03,Wisconsin,Furniture,35-44,Very High (1500+),1,1526.56,427.44,1526.56,1
2017-03,Wisconsin,Office Supplies,35-44,Low (<50),1,25.06,11.78,25.06,1
2017-04,Alabama,Office Supplies,45-59,Low (<50),1,14.94,6.87,14.94,1
2017-04,Alabama,Office Supplies,60+,Medium (50-500),1,477.24,9.54,477.24,1
2017-04,Alabama,Technology,60+,Low (<50),1,25.98,1.56,25.98,1
2017-04,Arizona,Office Supplies,35-44,Low (<50),1,8.9,0.67,8.9,1
2017-04,Arizona,Technology,35-44,High (500-1500),1,552.0,34.5,552.0,1
2017-04,California,Furniture,18-24,Low (<50),1,18.28,6.22,18.28,1
2017-04,California,Furniture,35-44,Low (<50),1,25.11,6.53,25.11,1
2017-04,California,Furniture,35-44,Medium (50-500),1,218.35,-19.11,218.35,1
2017-04,California,Furniture,45-59,Low (<50),1,24.14,7.97,24.14,1
2017-04,California,Furniture,45-59,Medium (50-500),1,66.36,26.54,66.36,1
2017-04,California,Furniture,60+,Medium (50-500),5,1432.14,90.76,286.43,5
2017-04,California,Office Supplies,18-24,Low (<50),1,5.78,2.72,5.78,1
2017-04,California,Office Supplies,18-24,Medium (50-500),3,561.99,250.84,187.33,2
2017-04,California,Office Supplies,25-34,Low (<50),2,15.71,5.17,7.86,2
2017-04,California,Office Supplies,35-44,Low (<50),5,111.32,46.09,22.26,2
2017-04,California,Office Supplies,45-59,Low (<50),1,40.74,12.22,40.74,1
2017-04,California,Office Supplies,45-59,Medium (50-500),2,256.84,110.53,128.42,2
2017-04,California,Office Supplies,60+,Low (<50),6,142.32,53.3,23.72,5
2017-04,California,Office Supplies,60+,Medium (50-500),4,482.32,99.43,120.58,4
2017-04,California,Technology,18-24,Medium (50-500),1,107.97,22.67,107.97,1
2017-04,California,Technology,35-44,Medium (50-500),2,474.84,68.73,237.42,2
2017-04,California,Technology,60+,Very High (1500+),1,4799.98,360.0,4799.98,1
2017-04,Colorado,Furniture,45-59,Low (<50),1,11.66,3.35,11.66,1
2017-04,Colorado,Office Supplies,45-59,Low (<50),5,82.01,-17.37,16.4,2
2017-04,Colorado,Technology,45-59,Very High (1500+),1,2549.98,-3399.98,2549.98,1
2017-04,Connecticut,Office Supplies,35-44,Low (<50),1,11.12,2.89,11.12,1
2017-04,Connecticut,Office Supplies,35-44,Medium (50-500),1,286.15,71.54,286.15,1
2017-04,Connecticut,Office Supplies,60+,Low (<50),1,5.76,2.82,5.76,1
2017-04,Connecticut,Technology,35-44,Medium (50-500),1,99.99,42.0,99.99,1
2017-04,Florida,Furniture,25-34,Low (<50),1,12.32,1.85,12.32,1
2017-04,Florida,Furniture,25-34,Medium (50-500),1,218.35,-19.11,218.35,1
2017-04,Florida,Furniture,45-59,High (500-1500),1,620.61,-248.25,620.61,1
2017-04,Florida,Furniture,45-59,Low (<50),1,23.68,6.22,23.68,1
2017-04,Florida,Furniture,45-59,Medium (50-500),2,491.93,-102.05,245.97,1
2017-04,Florida,Furniture,60+,Medium (50-500),1,220.7,-8.28,220.7,1
2017-04,Florida,Office Supplies,18-24,Low (<50),3,32.09,10.41,10.7,1
2017-04,Florida,Office Supplies,25-34,Low (<50),3,31.49,0.76,10.5,2
2017-04,Florida,Office Supplies,25-34,Medium (50-500),1,113.57,-21.29,113.57,1
2017-04,Florida,Office Supplies,45-59,Low (<50),2,20.9,-15.49,10.45,2
2017-04,Florida,Office Supplies,60+,Low (<50),4,53.65,-10.78,13.41,3
2017-04,Florida,Office Supplies,60+,Medium (50-500),1,251.64,88.07,251.64,1
2017-04,Florida,Technology,25-34,Low (<50),1,23.98,-5.69,23.98,1
2017-04,Florida,Technology,45-59,High (500-1500),1,617.98,-7.72,617.98,1
2017-04,Florida,Technology,45-59,Low (<50),1,2.38,0.74,2.38,1
2017-04,Florida,Technology,60+,High (500-1500),1,751.98,84.6,751.98,1
2017-04,Florida,Technology,60+,Medium (50-500),1,219.18,19.18,219.18,1
2017-04,Georgia,Furniture,25-34,Medium (50-500),2,468.08,85.76,234.04,2
2017-04,Georgia,Office Supplies,25-34,High (500-1500),1,675.06,87.76,675.06,1
2017-04,Georgia,Office Supplies,25-34,Very High (1500+),1,2690.97,1264.76,2690.97,1
2017-04,Georgia,Technology,25-34,Medium (50-500),1,360.0,129.6,360.0,1
2017-04,Illinois,Furniture,45-59,Low (<50),1,44.4,-52.17,44.4,1
2017-04,Illinois,Furniture,60+,Low (<50),1,14.56,-6.19,14.56,1
2017-04,Illinois,Furniture,60+,Medium (50-500),1,317.06,-18.12,317.06,1
2017-04,Illinois,Office Supplies,25-34,Low (<50),1,43.37,-69.4,43.37,1
2017-04,Illinois,Office Supplies,35-44,Low (<50),1,16.52,2.06,16.52,1
2017-04,Illinois,Office Supplies,45-59,Low (<50),1,10.43,-18.25,10.43,1
2017-04,Illinois,Office Supplies,45-59,Medium (50-500),1,72.78,-18.2,72.78,1
2017-04,Illinois,Office Supplies,60+,Low (<50),2,22.82,5.75,11.41,2
2017-04,Illinois,Office Supplies,60+,Medium (50-500),1,195.14,-43.91,195.14,1
2017-04,Illinois,Technology,45-59,Medium (50-500),1,383.84,47.98,383.84,1
2017-04,Indiana,Technology,25-34,Medium (50-500),1,155.34,55.92,155.34,1
2017-04,Iowa,Office Supplies,60+,Medium (50-500),1,106.32,49.97,106.32,1
2017-04,Maryland,Furniture,60+,High (500-1500),1,908.82,227.2,908.82,1
2017-04,Michigan,Furniture,45-59,Medium (50-500),2,580.86,151.02,290.43,1
2017-04,Michigan,Office Supplies,60+,Low (<50),1,36.56,18.28,36.56,1
2017-04,Michigan,Office Supplies,60+,Medium (50-500),2,625.1,290.48,312.55,2
2017-04,Missouri,Office Supplies,25-34,Low (<50),1,28.4,13.35,28.4,1
2017-04,Missouri,Office Supplies,25-34,Medium (50-500),1,94.2,23.55,94.2,1
2017-04,Missouri,Office Supplies,45-59,Low (<50),1,8.76,4.2,8.76,1
2017-04,Nevada,Furniture,18-24,Medium (50-500),1,196.45,70.72,196.45,1
2017-04,New Jersey,Furniture,35-44,Medium (50-500),1,74.45,20.1,74.45,1
2017-04,New Jersey,Office Supplies,45-59,Low (<50),2,14.77,7.16,7.38,1
2017-04,New Jersey,Office Supplies,60+,Low (<50),2,46.86,12.89,23.43,2
2017-04,New Jersey,Office Supplies,60+,Very High (1500+),1,2591.56,621.97,2591.56,1
2017-04,New York,Furniture,45-59,Medium (50-500),1,242.35,9.09,242.35,1
2017-04,New York,Office Supplies,25-34,High (500-1500),1,501.81,0.0,501.81,1
2017-04,New York,Office Supplies,25-34,Low (<50),6,117.36,46.34,19.56,3
2017-04,New York,Office Supplies,25-34,Medium (50-500),1,191.6,91.97,191.6,1
2017-04,New York,Office Supplies,35-44,Medium (50-500),2,244.65,72.18,122.32,1
2017-04,New York,Office Supplies,45-59,Low (<50),1,10.78,3.5,10.78,1
2017-04,New York,Office Supplies,45-59,Medium (50-500),2,303.33,35.54,151.66,2
2017-04,New York,Office Supplies,60+,Low (<50),1,16.98,8.49,16.98,1
2017-04,New York,Office Supplies,60+,Medium (50-500),1,54.9,15.37,54.9,1
2017-04,New York,Technology,45-59,Low (<50),1,41.22,11.13,41.22,1
2017-04,New York,Technology,45-59,Medium (50-500),1,119.02,33.33,119.02,1
2017-04,North Carolina,Furniture,45-59,Medium (50-500),1,198.27,-32.22,198.27,1
2017-04,North Carolina,Office Supplies,18-24,Low (<50),1,15.55,5.44,15.55,1
2017-04,North Carolina,Office Supplies,25-34,Low (<50),1,28.08,5.26,28.08,1
2017-04,North Carolina,Office Supplies,45-59,Low (<50),2,22.74,2.51,11.37,1
2017-04,Ohio,Furniture,35-44,High (500-1500),1,1048.35,-69.89,1048.35,1
2017-04,Ohio,Office Supplies,18-24,Low (<50),2,17.1,-5.97,8.55,1
2017-04,Ohio,Office Supplies,25-34,Low (<50),4,58.94,-1.0,14.74,3
2017-04,Ohio,Office Supplies,25-34,Medium (50-500),1,89.86,21.34,89.86,1
2017-04,Ohio,Office Supplies,35-44,Low (<50),1,10.37,3.63,10.37,1
2017-04,Ohio,Office Supplies,60+,High (500-1500),1,848.54,-21.21,848.54,1
2017-04,Ohio,Office Supplies,60+,Low (<50),1,8.7,-6.38,8.7,1
2017-04,Ohio,Technology,25-34,Low (<50),1,27.12,-4.75,27.12,1
2017-04,Ohio,Technology,60+,Medium (50-500),1,122.38,-24.48,122.38,1
2017-04,Pennsylvania,Furniture,45-59,Low (<50),2,62.14,14.06,31.07,2
2017-04,Pennsylvania,Furniture,45-59,Medium (50-500),1,254.35,0.0,254.35,1
2017-04,Pennsylvania,Furniture,60+,Low (<50),1,42.41,9.54,42.41,1
2017-04,Pennsylvania,Furniture,60+,Medium (50-500),2,112.28,15.67,56.14,2
2017-04,Pennsylvania,Office Supplies,18-24,Low (<50),2,15.23,1.5,7.62,1
2017-04,Pennsylvania,Office Supplies,25-34,Low (<50),2,8.71,-6.75,4.35,1
2017-04,Pennsylvania,Office Supplies,25-34,Medium (50-500),1,99.28,12.41,99.28,1
2017-04,Pennsylvania,Office Supplies,35-44,Low (<50),1,13.9,-9.26,13.9,1
2017-04,Pennsylvania,Office Supplies,45-59,Medium (50-500),1,195.1,21.95,195.1,1
2017-04,Pennsylvania,Office Supplies,60+,Low (<50),2,45.82,-27.37,22.91,2
2017-04,Pennsylvania,Office Supplies,60+,Medium (50-500),3,449.62,62.82,149.87,2
2017-04,Pennsylvania,Technology,35-44,High (500-1500),1,677.58,-158.1,677.58,1
2017-04,Rhode Island,Office Supplies,45-59,Low (<50),2,69.66,31.35,34.83,1
2017-04,Rhode Island,Technology,45-59,Medium (50-500),1,69.98,4.9,69.98,1
2017-04,South Carolina,Furniture,45-59,Medium (50-500),1,127.95,21.75,127.95,1
2017-04,Tennessee,Furniture,45-59,Medium (50-500),2,465.09,-26.21,232.54,1
2017-04,Tennessee,Office Supplies,35-44,Low (<50),1,8.1,-5.94,8.1,1
2017-04,Tennessee,Office Supplies,45-59,Low (<50),2,45.05,6.31,22.52,1
2017-04,Tennessee,Office Supplies,45-59,Medium (50-500),1,67.92,6.79,67.92,1
2017-04,Tennessee,Technology,45-59,Low (<50),1,45.41,11.92,45.41,1
2017-04,Texas,Furniture,35-44,Low (<50),1,1.99,-1.44,1.99,1
2017-04,Texas,Furniture,60+,Medium (50-500),1,220.27,-42.11,220.27,1
2017-04,Texas,Office Supplies,18-24,Low (<50),5,67.11,-66.49,13.42,2
2017-04,Texas,Office Supplies,35-44,Low (<50),2,32.1,-9.79,16.05,2
2017-04,Texas,Office Supplies,35-44,Medium (50-500),1,97.26,-243.16,97.26,1
2017-04,Texas,Office Supplies,45-59,Low (<50),2,31.1,10.89,15.55,2
2017-04,Texas,Office Supplies,60+,Low (<50),1,33.12,11.59,33.12,1
2017-04,Texas,Technology,35-44,Low (<50),1,47.98,8.4,47.98,1
2017-04,Texas,Technology,45-59,Medium (50-500),1,95.74,20.34,95.74,1
2017-04,Virginia,Office Supplies,25-34,Low (<50),1,4.89,2.0,4.89,1
2017-04,Washington,Furniture,45-59,Medium (50-500),2,302.18,73.23,151.09,2
2017-04,Washington,Office Supplies,25-34,High (500-1500),1,895.92,302.37,895.92,1
2017-04,Washington,Office Supplies,25-34,Low (<50),1,5.28,2.38,5.28,1
2017-04,Washington,Office Supplies,45-59,Low (<50),2,59.62,28.6,29.81,1
2017-04,Washington,Technology,45-59,Low (<50),1,11.54,3.46,11.54,1
2017-05,Alabama,Office Supplies,45-59,Low (<50),1,26.16,12.82,26.16,1
2017-05,Arizona,Furniture,60+,Medium (50-500),1,209.98,-356.96,209.98,1
2017-05,Arizona,Office Supplies,35-44,Medium (50-500),1,84.42,27.44,84.42,1
2017-05,Arizona,Office Supplies,45-59,Low (<50),3,35.86,7.91,11.95,2
2017-05,Arizona,Technology,45-59,Low (<50),1,29.59,2.59,29.59,1
2017-05,Arizona,Technology,45-59,Medium (50-500),2,467.93,73.99,233.96,1
2017-05,Arkansas,Technology,45-59,Low (<50),1,48.9,18.09,48.9,1
2017-05,California,Furniture,18-24,Medium (50-500),1,300.9,11.28,300.9,1
2017-05,California,Furniture,25-34,High (500-1500),1,518.27,-97.18,518.27,1
2017-05,California,Furniture,25-34,Low (<50),1,6.98,3.35,6.98,1
2017-05,California,Furniture,25-34,Medium (50-500),1,171.29,-6.42,171.29,1
2017-05,California,Furniture,35-44,Medium (50-500),1,285.48,-10.71,285.48,1
2017-05,California,Furniture,45-59,High (500-1500),1,681.41,42.59,681.41,1
2017-05,California,Furniture,45-59,Low (<50),1,18.28,6.22,18.28,1
2017-05,California,Office Supplies,18-24,Low (<50),1,17.61,8.45,17.61,1
2017-05,California,Office Supplies,25-34,Low (<50),2,36.12,17.8,18.06,2
2017-05,California,Office Supplies,35-44,High (500-1500),1,763.44,45.81,763.44,1
2017-05,California,Office Supplies,35-44,Low (<50),5,113.34,45.68,22.67,3
2017-05,California,Office Supplies,35-44,Medium (50-500),3,461.08,65.53,153.69,3
2017-05,California,Office Supplies,45-59,Low (<50),6,71.82,28.88,11.97,3
2017-05,California,Office Supplies,45-59,Medium (50-500),1,59.52,15.48,59.52,1
2017-05,California,Office Supplies,60+,Low (<50),2,84.66,29.01,42.33,2
2017-05,California,Office Supplies,60+,Medium (50-500),4,515.84,173.06,128.96,4
2017-05,California,Technology,18-24,Medium (50-500),2,603.9,73.19,301.95,2
2017-05,California,Technology,25-34,Medium (50-500),1,343.2,38.61,343.2,1
2017-05,California,Technology,35-44,Medium (50-500),1,159.56,59.04,159.56,1
2017-05,California,Technology,45-59,High (500-1500),1,1399.93,601.97,1399.93,1
2017-05,California,Technology,45-59,Low (<50),1,36.32,10.9,36.32,1
2017-05,California,Technology,60+,Medium (50-500),2,148.45,54.13,74.22,2
2017-05,California,Technology,60+,Very High (1500+),1,3359.95,1049.98,3359.95,1
2017-05,Colorado,Furniture,35-44,Medium (50-500),1,89.99,-152.98,89.99,1
2017-05,Colorado,Office Supplies,35-44,Low (<50),2,30.79,0.11,15.4,1
2017-05,Delaware,Office Supplies,18-24,Medium (50-500),1,299.52,149.76,299.52,1
2017-05,Florida,Furniture,25-34,Medium (50-500),1,314.35,-15.72,314.35,1
2017-05,Florida,Furniture,45-59,High (500-1500),1,933.26,-458.15,933.26,1
2017-05,Florida,Furniture,45-59,Very High (1500+),1,2803.92,0.0,2803.92,1
2017-05,Florida,Office Supplies,25-34,Low (<50),1,4.61,1.5,4.61,1
2017-05,Florida,Office Supplies,45-59,Low (<50),1,3.33,0.42,3.33,1
2017-05,Georgia,Furniture,25-34,Medium (50-500),1,302.94,75.74,302.94,1
2017-05,Georgia,Furniture,45-59,Very High (1500+),1,1628.82,374.63,1628.82,1
2017-05,Georgia,Office Supplies,25-34,Low (<50),1,17.24,4.48,17.24,1
2017-05,Georgia,Office Supplies,25-34,Medium (50-500),2,309.58,146.64,154.79,2
2017-05,Georgia,Office Supplies,45-59,Medium (50-500),1,286.93,140.6,286.93,1
2017-05,Georgia,Office Supplies,60+,Low (<50),2,64.34,28.95,32.17,2
2017-05,Georgia,Technology,25-34,Low (<50),1,34.75,15.64,34.75,1
2017-05,Georgia,Technology,25-34,Medium (50-500),1,55.98,15.67,55.98,1
2017-05,Georgia,Technology,45-59,Medium (50-500),2,445.77,102.34,222.89,1
2017-05,Idaho,Furniture,25-34,Low (<50),1,35.0,14.7,35.0,1
2017-05,Idaho,Office Supplies,25-34,Medium (50-500),1,477.15,28.63,477.15,1
2017-05,Idaho,Technology,25-34,Medium (50-500),1,302.38,22.68,302.38,1
2017-05,Illinois,Furniture,18-24,Medium (50-500),1,181.99,-54.6,181.99,1
2017-05,Illinois,Furniture,45-59,Medium (50-500),1,106.87,-29.01,106.87,1
2017-05,Illinois,Furniture,60+,Low (<50),2,24.5,-11.17,12.25,1
2017-05,Illinois,Office Supplies,18-24,Low (<50),2,23.94,-0.11,11.97,1
2017-05,Illinois,Office Supplies,35-44,Low (<50),1,38.02,13.78,38.02,1
2017-05,Illinois,Office Supplies,45-59,Low (<50),1,3.56,-6.24,3.56,1
2017-05,Illinois,Office Supplies,60+,Low (<50),1,6.41,0.64,6.41,1
2017-05,Illinois,Office Supplies,60+,Medium (50-500),1,56.7,19.14,56.7,1
2017-05,Illinois,Technology,35-44,Medium (50-500),1,191.97,28.8,191.97,1
2017-05,Illinois,Technology,60+,Low (<50),1,11.12,3.48,11.12,1
2017-05,Illinois,Technology,60+,Medium (50-500),1,408.74,76.64,408.74,1
2017-05,Indiana,Furniture,60+,Low (<50),1,6.24,2.62,6.24,1
2017-05,Indiana,Office Supplies,18-24,High (500-1500),2,1445.31,507.2,722.66,1
2017-05,Indiana,Office Supplies,18-24,Low (<50),1,14.94,7.32,14.94,1
2017-05,Indiana,Office Supplies,18-24,Medium (50-500),1,180.96,81.43,180.96,1
2017-05,Indiana,Office Supplies,60+,Low (<50),2,51.39,23.96,25.7,1
2017-05,Indiana,Office Supplies,60+,Medium (50-500),1,465.16,120.94,465.16,1
2017-05,Indiana,Technology,18-24,High (500-1500),1,587.97,158.75,587.97,1
2017-05,Kentucky,Office Supplies,18-24,Low (<50),1,25.76,0.77,25.76,1
2017-05,Kentucky,Office Supplies,18-24,Medium (50-500),1,208.44,62.53,208.44,1
2017-05,Kentucky,Office Supplies,25-34,Medium (50-500),1,58.34,28.0,58.34,1
2017-05,Kentucky,Technology,25-34,High (500-1500),1,539.97,134.99,539.97,1
2017-05,Louisiana,Furniture,25-34,Low (<50),1,8.01,3.04,8.01,1
2017-05,Louisiana,Furniture,25-34,Medium (50-500),1,241.96,33.87,241.96,1
2017-05,Louisiana,Office Supplies,25-34,Low (<50),1,3.89,1.87,3.89,1
2017-05,Maryland,Furniture,45-59,Low (<50),1,27.46,9.89,27.46,1
2017-05,Maryland,Furniture,60+,Medium (50-500),1,261.96,23.58,261.96,1
2017-05,Maryland,Office Supplies,45-59,Medium (50-500),1,125.13,36.29,125.13,1
2017-05,Maryland,Office Supplies,60+,Low (<50),3,55.66,17.01,18.55,1
2017-05,Maryland,Office Supplies,60+,Medium (50-500),1,74.0,37.0,74.0,1
2017-05,Maryland,Technology,60+,Medium (50-500),1,89.97,18.89,89.97,1
2017-05,Massachusetts,Office Supplies,35-44,Medium (50-500),1,87.6,42.05,87.6,1
2017-05,Michigan,Furniture,60+,High (500-1500),1,1458.65,423.01,1458.65,1
2017-05,Michigan,Furniture,60+,Low (<50),1,26.64,7.46,26.64,1
2017-05,Michigan,Furniture,60+,Medium (50-500),1,476.8,119.2,476.8,1
2017-05,Michigan,Office Supplies,45-59,Low (<50),1,41.28,19.81,41.28,1
2017-05,Michigan,Office Supplies,60+,Medium (50-500),1,87.44,18.46,87.44,1
2017-05,Mississippi,Office Supplies,25-34,Low (<50),1,48.69,23.86,48.69,1
2017-05,Missouri,Office Supplies,60+,High (500-1500),1,706.86,197.92,706.86,1
2017-05,Missouri,Office Supplies,60+,Low (<50),1,43.19,20.73,43.19,1
2017-05,Missouri,Technology,60+,Medium (50-500),1,114.95,2.3,114.95,1
2017-05,Nebraska,Office Supplies,45-59,Low (<50),1,23.55,1.18,23.55,1
2017-05,Nevada,Office Supplies,45-59,Low (<50),1,8.29,3.0,8.29,1
2017-05,Nevada,Office Supplies,45-59,Medium (50-500),1,64.9,18.82,64.9,1
2017-05,Nevada,Technology,45-59,High (500-1500),1,1123.13,70.2,1123.13,1
2017-05,New Hampshire,Furniture,60+,Medium (50-500),1,247.44,101.45,247.44,1
2017-05,New Jersey,Furniture,25-34,Low (<50),1,42.85,15.43,42.85,1
2017-05,New Jersey,Furniture,45-59,Medium (50-500),1,129.93,12.99,129.93,1
2017-05,New Jersey,Office Supplies,25-34,Low (<50),2,23.16,7.38,11.58,1
2017-05,New Jersey,Technology,25-34,Medium (50-500),1,87.4,34.96,87.4,1
2017-05,New York,Furniture,18-24,High (500-1500),1,520.05,72.81,520.05,1
2017-05,New York,Furniture,18-24,Low (<50),1,18.84,6.03,18.84,1
2017-05,New York,Furniture,60+,Low (<50),1,14.56,6.26,14.56,1
2017-05,New York,Office Supplies,18-24,High (500-1500),1,663.92,207.48,663.92,1
2017-05,New York,Office Supplies,18-24,Low (<50),2,21.26,6.69,10.63,2
2017-05,New York,Office Supplies,25-34,Low (<50),1,6.68,3.21,6.68,1
2017-05,New York,Office Supplies,45-59,Low (<50),1,22.58,5.87,22.58,1
2017-05,New York,Office Supplies,60+,Low (<50),2,46.97,13.77,23.48,2
2017-05,New York,Office Supplies,60+,Medium (50-500),2,340.54,139.32,170.27,2
2017-05,New York,Technology,18-24,Medium (50-500),1,120.0,13.2,120.0,1
2017-05,New York,Technology,45-59,High (500-1500),1,539.97,134.99,539.97,1
2017-05,New York,Technology,60+,Medium (50-500),2,607.95,203.3,303.98,1
2017-05,North Carolina,Furniture,18-24,Medium (50-500),1,207.0,25.88,207.0,1
2017-05,North Carolina,Office Supplies,18-24,Medium (50-500),1,65.23,22.02,65.23,1
2017-05,North Carolina,Office Supplies,25-34,Medium (50-500),2,190.66,-12.86,95.33,1
2017-05,North Carolina,Office Supplies,45-59,Low (<50),1,12.06,-10.05,12.06,1
2017-05,North Carolina,Technology,25-34,High (500-1500),1,627.17,70.56,627.17,1
2017-05,North Carolina,Technology,45-59,Low (<50),1,27.19,0.34,27.19,1
2017-05,North Dakota,Office Supplies,25-34,High (500-1500),1,704.76,162.09,704.76,1
2017-05,North Dakota,Office Supplies,25-34,Low (<50),3,54.83,18.87,18.28,1
2017-05,North Dakota,Office Supplies,25-34,Medium (50-500),1,131.94,35.62,131.94,1
2017-05,Ohio,Furniture,25-34,Medium (50-500),1,115.96,-64.94,115.96,1
2017-05,Ohio,Furniture,60+,Low (<50),1,47.99,-2.06,47.99,1
2017-05,Ohio,Office Supplies,18-24,Medium (50-500),1,221.02,-55.26,221.02,1
2017-05,Ohio,Office Supplies,25-34,Low (<50),3,22.09,5.09,7.36,3
2017-05,Ohio,Office Supplies,35-44,Low (<50),3,40.1,10.66,13.37,2
2017-05,Ohio,Office Supplies,35-44,Medium (50-500),1,58.17,-46.54,58.17,1
2017-05,Oklahoma,Furniture,45-59,Medium (50-500),1,477.3,138.42,477.3,1
2017-05,Oregon,Furniture,25-34,Low (<50),1,13.59,-0.34,13.59,1
2017-05,Oregon,Technology,25-34,Low (<50),1,35.36,-3.09,35.36,1
2017-05,Oregon,Technology,25-34,Medium (50-500),1,156.79,17.64,156.79,1
2017-05,Oregon,Technology,60+,Medium (50-500),1,344.7,38.78,344.7,1
2017-05,Pennsylvania,Furniture,35-44,Low (<50),1,32.45,7.3,32.45,1
2017-05,Pennsylvania,Furniture,35-44,Medium (50-500),1,373.47,-112.04,373.47,1
2017-05,Pennsylvania,Furniture,60+,Medium (50-500),2,586.49,-148.21,293.24,2
2017-05,Pennsylvania,Office Supplies,35-44,Low (<50),4,45.99,-23.85,11.5,2
2017-05,Pennsylvania,Office Supplies,35-44,Medium (50-500),1,64.2,-44.94,64.2,1
2017-05,Pennsylvania,Technology,25-34,Low (<50),1,36.05,-0.9,36.05,1
2017-05,South Carolina,Furniture,45-59,Medium (50-500),1,301.96,33.22,301.96,1
2017-05,Tennessee,Furniture,18-24,Medium (50-500),1,314.35,-35.36,314.35,1
2017-05,Tennessee,Office Supplies,18-24,Low (<50),1,27.89,10.11,27.89,1
2017-05,Tennessee,Office Supplies,25-34,Low (<50),1,20.77,2.34,20.77,1
2017-05,Tennessee,Office Supplies,60+,Low (<50),1,25.92,9.07,25.92,1
2017-05,Texas,Furniture,35-44,High (500-1500),1,899.43,-12.85,899.43,1
2017-05,Texas,Furniture,45-59,High (500-1500),1,623.46,-119.19,623.46,1
2017-05,Texas,Furniture,45-59,Medium (50-500),1,65.42,-52.34,65.42,1
2017-05,Texas,Furniture,60+,Low (<50),1,8.0,-7.0,8.0,1
2017-05,Texas,Furniture,60+,Medium (50-500),1,204.67,-6.02,204.67,1
2017-05,Texas,Office Supplies,18-24,Low (<50),3,17.8,-13.28,5.93,1
2017-05,Texas,Office Supplies,25-34,Low (<50),1,34.24,-53.07,34.24,1
2017-05,Texas,Office Supplies,25-34,Medium (50-500),1,127.92,-15.99,127.92,1
2017-05,Texas,Office Supplies,35-44,Low (<50),3,120.07,31.35,40.02,2
2017-05,Texas,Office Supplies,35-44,Medium (50-500),2,130.29,31.58,65.14,2
2017-05,Texas,Office Supplies,45-59,High (500-1500),1,772.68,-57.95,772.68,1
2017-05,Texas,Office Supplies,45-59,Low (<50),1,11.06,-18.8,11.06,1
2017-05,Texas,Office Supplies,45-59,Medium (50-500),1,50.14,-11.28,50.14,1
2017-05,Texas,Office Supplies,60+,Low (<50),8,136.93,-38.11,17.12,4
2017-05,Texas,Office Supplies,60+,Medium (50-500),1,74.42,-14.88,74.42,1
2017-05,Texas,Technology,25-34,Medium (50-500),1,54.37,4.08,54.37,1
2017-05,Texas,Technology,35-44,Low (<50),1,7.99,0.7,7.99,1
2017-05,Texas,Technology,60+,Medium (50-500),1,95.99,9.6,95.99,1
2017-05,Virginia,Office Supplies,35-44,High (500-1500),1,571.44,165.72,571.44,1
2017-05,Virginia,Office Supplies,35-44,Low (<50),3,58.42,24.22,19.47,1
2017-05,Virginia,Office Supplies,35-44,Medium (50-500),1,54.66,18.04,54.66,1
2017-05,Virginia,Technology,60+,Low (<50),1,23.08,6.92,23.08,1
2017-05,Washington,Furniture,60+,Low (<50),2,82.58,21.45,41.29,1
2017-05,Washington,Furniture,60+,Medium (50-500),2,507.81,87.96,253.91,2
2017-05,Washington,Office Supplies,45-59,Low (<50),1,31.44,7.86,31.44,1
2017-05,Washington,Office Supplies,45-59,Medium (50-500),3,601.75,237.0,200.58,2
2017-05,Washington,Office Supplies,60+,Low (<50),3,101.06,43.95,33.69,1
2017-05,Washington,Office Supplies,60+,Medium (50-500),3,319.16,74.97,106.39,1
2017-05,Washington,Technology,45-59,Medium (50-500),1,98.16,9.82,98.16,1
2017-05,Washington,Technology,60+,Medium (50-500),1,199.98,87.99,199.98,1
2017-06,Alabama,Office Supplies,35-44,Low (<50),1,3.76,1.09,3.76,1
2017-06,Alabama,Office Supplies,45-59,Low (<50),1,12.48,5.62,12.48,1
2017-06,Arizona,Furniture,45-59,Medium (50-500),1,280.79,35.1,280.79,1
2017-06,Arizona,Office Supplies,25-34,Low (<50),2,69.26,23.84,34.63,1
2017-06,Arizona,Office Supplies,45-59,Low (<50),1,15.87,1.98,15.87,1
2017-06,Arizona,Office Supplies,45-59,Medium (50-500),3,372.08,-34.2,124.03,1
2017-06,Arizona,Office Supplies,60+,Low (<50),1,35.17,-8.35,35.17,1
2017-06,Arizona,Office Supplies,60+,Medium (50-500),1,72.59,-48.39,72.59,1
2017-06,Arizona,Technology,60+,Medium (50-500),1,89.54,12.31,89.54,1
2017-06,Arkansas,Office Supplies,25-34,Low (<50),1,9.54,4.39,9.54,1
2017-06,Arkansas,Office Supplies,25-34,Medium (50-500),1,108.08,54.04,108.08,1
2017-06,California,Furniture,18-24,High (500-1500),1,1497.67,140.96,1497.67,1
2017-06,California,Furniture,18-24,Medium (50-500),1,50.32,21.13,50.32,1
2017-06,California,Furniture,25-34,Medium (50-500),1,436.0,5.13,436.0,1
2017-06,California,Furniture,35-44,High (500-1500),1,514.16,-30.24,514.16,1
2017-06,California,Furniture,45-59,High (500-1500),1,1212.96,90.97,1212.96,1
2017-06,California,Furniture,60+,High (500-1500),1,917.92,75.59,917.92,1
2017-06,California,Furniture,60+,Low (<50),1,4.95,2.18,4.95,1
2017-06,California,Office Supplies,18-24,Low (<50),2,28.82,13.29,14.41,2
2017-06,California,Office Supplies,18-24,Medium (50-500),1,51.31,17.96,51.31,1
2017-06,California,Office Supplies,25-34,Low (<50),2,31.1,8.87,15.55,2
2017-06,California,Office Supplies,25-34,Medium (50-500),1,122.97,60.26,122.97,1
2017-06,California,Office Supplies,35-44,High (500-1500),1,895.92,302.37,895.92,1
2017-06,California,Office Supplies,35-44,Low (<50),2,41.28,17.84,20.64,2
2017-06,California,Office Supplies,35-44,Medium (50-500),1,130.71,39.21,130.71,1
2017-06,California,Office Supplies,45-59,Low (<50),4,70.23,27.19,17.56,3
2017-06,California,Office Supplies,45-59,Medium (50-500),5,939.27,257.57,187.85,5
2017-06,California,Office Supplies,60+,High (500-1500),1,1295.78,310.99,1295.78,1
2017-06,California,Office Supplies,60+,Low (<50),3,68.16,20.4,22.72,3
2017-06,California,Office Supplies,60+,Medium (50-500),1,204.95,100.43,204.95,1
2017-06,California,Technology,18-24,Low (<50),1,17.52,-3.5,17.52,1
2017-06,California,Technology,35-44,Medium (50-500),2,342.27,39.93,171.14,2
2017-06,California,Technology,45-59,Low (<50),1,44.75,8.5,44.75,1
2017-06,California,Technology,45-59,Medium (50-500),1,119.96,7.5,119.96,1
2017-06,California,Technology,60+,Low (<50),1,47.98,4.8,47.98,1
2017-06,Colorado,Office Supplies,45-59,Medium (50-500),1,146.35,-32.93,146.35,1
2017-06,Colorado,Technology,25-34,Medium (50-500),1,431.93,64.79,431.93,1
2017-06,Connecticut,Furniture,45-59,High (500-1500),1,638.82,185.26,638.82,1
2017-06,Connecticut,Furniture,45-59,Low (<50),1,25.16,8.55,25.16,1
2017-06,Connecticut,Office Supplies,45-59,Low (<50),2,41.05,13.06,20.52,2
2017-06,Florida,Furniture,45-59,Low (<50),1,17.09,1.07,17.09,1
2017-06,Florida,Furniture,45-59,Medium (50-500),2,515.12,-13.68,257.56,2
2017-06,Florida,Office Supplies,45-59,High (500-1500),1,1347.52,84.22,1347.52,1
2017-06,Florida,Office Supplies,45-59,Low (<50),7,105.72,22.08,15.1,4
2017-06,Florida,Office Supplies,60+,Low (<50),1,20.74,7.26,20.74,1
2017-06,Florida,Technology,45-59,High (500-1500),1,503.96,50.4,503.96,1
2017-06,Florida,Technology,45-59,Medium (50-500),2,316.39,-6.71,158.2,1
2017-06,Georgia,Furniture,25-34,Medium (50-500),1,452.94,67.94,452.94,1
2017-06,Georgia,Office Supplies,25-34,Medium (50-500),1,91.2,41.95,91.2,1
2017-06,Illinois,Furniture,45-59,Low (<50),2,32.83,-21.25,16.42,2
2017-06,Illinois,Furniture,45-59,Medium (50-500),2,579.23,-159.23,289.61,2
2017-06,Illinois,Furniture,60+,High (500-1500),1,569.06,-178.85,569.06,1
2017-06,Illinois,Furniture,60+,Low (<50),1,14.22,-10.31,14.22,1
2017-06,Illinois,Office Supplies,25-34,Low (<50),2,18.11,-27.78,9.06,2
2017-06,Illinois,Office Supplies,35-44,Low (<50),1,3.04,-5.01,3.04,1
2017-06,Illinois,Office Supplies,45-59,Low (<50),1,36.35,11.36,36.35,1
2017-06,Illinois,Office Supplies,45-59,Medium (50-500),1,164.74,-39.12,164.74,1
2017-06,Illinois,Office Supplies,60+,Low (<50),5,53.72,-10.6,10.74,3
2017-06,Illinois,Office Supplies,60+,Medium (50-500),1,182.99,-320.24,182.99,1
2017-06,Illinois,Technology,45-59,Low (<50),1,47.98,6.0,47.98,1
2017-06,Illinois,Technology,45-59,Medium (50-500),1,148.48,16.7,148.48,1
2017-06,Illinois,Technology,60+,High (500-1500),1,1001.58,125.2,1001.58,1
2017-06,Indiana,Furniture,60+,High (500-1500),1,526.45,31.59,526.45,1
2017-06,Indiana,Furniture,60+,Very High (1500+),1,1925.88,539.25,1925.88,1
2017-06,Indiana,Office Supplies,60+,Low (<50),1,17.38,8.69,17.38,1
2017-06,Indiana,Office Supplies,60+,Very High (1500+),1,2405.2,793.72,2405.2,1
2017-06,Indiana,Technology,60+,Low (<50),1,39.89,14.76,39.89,1
2017-06,Indiana,Technology,60+,Medium (50-500),1,83.97,15.95,83.97,1
2017-06,Kentucky,Furniture,60+,Medium (50-500),1,301.96,90.59,301.96,1
2017-06,Kentucky,Office Supplies,60+,Medium (50-500),1,180.66,50.58,180.66,1
2017-06,Kentucky,Technology,60+,Medium (50-500),2,257.97,68.99,128.98,1
2017-06,Michigan,Furniture,45-59,Medium (50-500),1,487.96,146.39,487.96,1
2017-06,Michigan,Office Supplies,45-59,Low (<50),2,20.46,7.46,10.23,1
2017-06,Michigan,Technology,25-34,Medium (50-500),1,132.52,54.33,132.52,1
2017-06,Michigan,Technology,45-59,High (500-1500),1,543.92,135.98,543.92,1
2017-06,Minnesota,Office Supplies,25-34,Low (<50),1,11.54,5.77,11.54,1
2017-06,Minnesota,Office Supplies,25-34,Medium (50-500),1,362.94,90.74,362.94,1
2017-06,Minnesota,Office Supplies,45-59,Low (<50),1,8.64,2.51,8.64,1
2017-06,Minnesota,Office Supplies,60+,Low (<50),2,62.34,30.99,31.17,1
2017-06,Minnesota,Office Supplies,60+,Medium (50-500),1,84.55,22.83,84.55,1
2017-06,Nebraska,Office Supplies,35-44,Low (<50),1,20.07,9.23,20.07,1
2017-06,Nebraska,Office Supplies,60+,Medium (50-500),1,53.9,25.87,53.9,1
2017-06,Nevada,Office Supplies,45-59,Medium (50-500),1,75.79,25.58,75.79,1
2017-06,New Jersey,Office Supplies,25-34,Low (<50),1,9.82,4.81,9.82,1
2017-06,New Jersey,Technology,25-34,Medium (50-500),1,239.97,71.99,239.97,1
2017-06,New Mexico,Office Supplies,18-24,Low (<50),2,36.12,13.67,18.06,1
2017-06,New Mexico,Office Supplies,18-24,Medium (50-500),1,192.16,92.24,192.16,1
2017-06,New York,Furniture,18-24,Medium (50-500),3,850.24,77.43,283.41,2
2017-06,New York,Furniture,25-34,Medium (50-500),1,191.65,31.94,191.65,1
2017-06,New York,Furniture,35-44,Medium (50-500),1,384.77,-115.43,384.77,1
2017-06,New York,Furniture,45-59,High (500-1500),1,858.24,143.04,858.24,1
2017-06,New York,Furniture,60+,High (500-1500),1,1044.63,-295.98,1044.63,1
2017-06,New York,Furniture,60+,Low (<50),1,22.23,9.78,22.23,1
2017-06,New York,Office Supplies,25-34,High (500-1500),1,713.88,214.16,713.88,1
2017-06,New York,Office Supplies,25-34,Low (<50),2,42.53,8.94,21.26,2
2017-06,New York,Office Supplies,25-34,Medium (50-500),3,443.83,68.63,147.94,2
2017-06,New York,Office Supplies,35-44,Low (<50),1,45.36,22.23,45.36,1
2017-06,New York,Office Supplies,35-44,Medium (50-500),1,51.31,18.6,51.31,1
2017-06,New York,Office Supplies,45-59,High (500-1500),1,1085.42,282.21,1085.42,1
2017-06,New York,Office Supplies,45-59,Low (<50),2,32.17,13.6,16.08,1
2017-06,New York,Office Supplies,45-59,Medium (50-500),2,161.96,62.65,80.98,2
2017-06,New York,Office Supplies,60+,Low (<50),2,19.97,7.96,9.98,2
2017-06,New York,Office Supplies,60+,Medium (50-500),2,377.87,73.58,188.94,2
2017-06,New York,Technology,18-24,Medium (50-500),1,239.97,67.19,239.97,1
2017-06,New York,Technology,35-44,Medium (50-500),3,329.95,59.29,109.98,3
2017-06,New York,Technology,35-44,Very High (1500+),1,3404.5,1668.2,3404.5,1
2017-06,New York,Technology,45-59,Medium (50-500),1,103.12,10.31,103.12,1
2017-06,North Carolina,Furniture,18-24,Low (<50),1,31.98,2.0,31.98,1
2017-06,North Carolina,Furniture,60+,High (500-1500),1,698.35,52.38,698.35,1
2017-06,North Carolina,Furniture,60+,Medium (50-500),1,77.73,-3.89,77.73,1
2017-06,North Carolina,Office Supplies,18-24,Low (<50),1,14.02,4.73,14.02,1
2017-06,North Carolina,Office Supplies,60+,Low (<50),2,29.92,5.38,14.96,2
2017-06,North Carolina,Technology,18-24,Medium (50-500),1,71.98,25.19,71.98,1
2017-06,Ohio,Furniture,18-24,Low (<50),1,17.92,2.46,17.92,1
2017-06,Ohio,Furniture,35-44,High (500-1500),1,760.12,-43.44,760.12,1
2017-06,Ohio,Furniture,35-44,Low (<50),1,38.78,7.27,38.78,1
2017-06,Ohio,Office Supplies,18-24,Low (<50),2,68.7,-31.98,34.35,2
2017-06,Ohio,Office Supplies,45-59,Low (<50),3,60.27,13.27,20.09,2
2017-06,Ohio,Office Supplies,60+,Low (<50),4,70.77,15.5,17.69,3
2017-06,Ohio,Technology,18-24,Low (<50),1,2.97,-0.64,2.97,1
2017-06,Ohio,Technology,35-44,Medium (50-500),1,122.33,1.53,122.33,1
2017-06,Ohio,Technology,45-59,Medium (50-500),1,479.95,107.99,479.95,1
2017-06,Ohio,Technology,60+,Medium (50-500),2,222.3,-15.14,111.15,2
2017-06,Oregon,Office Supplies,60+,Low (<50),2,16.65,-1.38,8.32,1
2017-06,Oregon,Office Supplies,60+,Medium (50-500),1,71.04,26.64,71.04,1
2017-06,Pennsylvania,Office Supplies,35-44,Low (<50),4,90.45,-15.78,22.61,2
2017-06,Pennsylvania,Office Supplies,45-59,Medium (50-500),1,324.74,-77.13,324.74,1
2017-06,Pennsylvania,Technology,60+,High (500-1500),1,545.92,72.79,545.92,1
2017-06,Pennsylvania,Technology,60+,Medium (50-500),1,358.2,41.79,358.2,1
2017-06,Rhode Island,Office Supplies,18-24,Medium (50-500),1,102.93,48.38,102.93,1
2017-06,Tennessee,Furniture,35-44,Low (<50),2,50.69,14.72,25.34,2
2017-06,Tennessee,Furniture,35-44,Medium (50-500),1,120.96,-28.22,120.96,1
2017-06,Tennessee,Furniture,60+,Low (<50),1,35.17,9.67,35.17,1
2017-06,Tennessee,Office Supplies,35-44,Medium (50-500),3,310.74,54.24,103.58,1
2017-06,Tennessee,Technology,35-44,Medium (50-500),1,239.98,27.0,239.98,1
2017-06,Tennessee,Technology,35-44,Very High (1500+),1,2239.94,223.99,2239.94,1
2017-06,Texas,Furniture,25-34,Medium (50-500),1,457.48,-84.96,457.48,1
2017-06,Texas,Furniture,45-59,Medium (50-500),2,717.31,-135.98,358.66,1
2017-06,Texas,Furniture,60+,Low (<50),1,30.34,-17.44,30.34,1
2017-06,Texas,Office Supplies,18-24,Low (<50),1,5.18,1.81,5.18,1
2017-06,Texas,Office Supplies,25-34,Low (<50),2,17.58,-7.28,8.79,2
2017-06,Texas,Office Supplies,25-34,Medium (50-500),1,74.35,23.24,74.35,1
2017-06,Texas,Office Supplies,35-44,Low (<50),1,1.62,-4.47,1.62,1
2017-06,Texas,Office Supplies,45-59,Low (<50),2,45.15,-52.47,22.58,2
2017-06,Texas,Office Supplies,45-59,Medium (50-500),1,85.06,28.71,85.06,1
2017-06,Texas,Office Supplies,60+,High (500-1500),1,720.76,54.06,720.76,1
2017-06,Texas,Office Supplies,60+,Low (<50),4,20.26,-15.03,5.07,3
2017-06,Texas,Office Supplies,60+,Medium (50-500),2,299.76,14.87,149.88,2
2017-06,Texas,Technology,45-59,Medium (50-500),1,381.58,28.62,381.58,1
2017-06,Texas,Technology,60+,Medium (50-500),1,470.38,52.92,470.38,1
2017-06,Virginia,Office Supplies,35-44,Low (<50),1,49.12,23.09,49.12,1
2017-06,Virginia,Office Supplies,60+,Low (<50),1,32.4,15.55,32.4,1
2017-06,Virginia,Office Supplies,60+,Medium (50-500),1,181.86,50.92,181.86,1
2017-06,Virginia,Technology,60+,High (500-1500),1,503.96,125.99,503.96,1
2017-06,Washington,Furniture,35-44,Medium (50-500),1,126.3,40.42,126.3,1
2017-06,Washington,Furniture,45-59,High (500-1500),1,871.4,148.14,871.4,1
2017-06,Washington,Furniture,45-59,Medium (50-500),1,174.42,41.86,174.42,1
2017-06,Washington,Furniture,60+,Medium (50-500),2,446.39,21.1,223.19,2
2017-06,Washington,Office Supplies,18-24,Low (<50),1,19.44,9.33,19.44,1
2017-06,Washington,Office Supplies,35-44,Low (<50),1,19.44,9.33,19.44,1
2017-06,Washington,Office Supplies,45-59,Low (<50),4,83.37,34.17,20.84,2
2017-06,Washington,Office Supplies,45-59,Medium (50-500),2,239.22,6.48,119.61,2
2017-06,Washington,Office Supplies,60+,Low (<50),1,14.03,4.07,14.03,1
2017-06,Washington,Technology,18-24,Medium (50-500),1,71.98,9.0,71.98,1
2017-06,Washington,Technology,35-44,High (500-1500),1,1287.45,244.62,1287.45,1
2017-06,Washington,Technology,45-59,High (500-1500),1,1099.5,362.84,1099.5,1
2017-06,Washington,Technology,45-59,Medium (50-500),2,474.58,137.98,237.29,2
2017-06,West Virginia,Office Supplies,60+,Low (<50),1,6.24,3.06,6.24,1
2017-06,West Virginia,Office Supplies,60+,Medium (50-500),2,530.24,259.82,265.12,1
2017-07,Arizona,Furniture,60+,High (500-1500),1,801.6,-448.9,801.6,1
2017-07,Arizona,Furniture,60+,Medium (50-500),2,473.54,-32.8,236.77,1
2017-07,Arizona,Office Supplies,60+,Low (<50),2,23.75,-0.89,11.88,1
2017-07,California,Furniture,25-34,Medium (50-500),1,362.35,45.29,362.35,1
2017-07,California,Furniture,35-44,High (500-1500),1,1194.16,210.74,1194.16,1
2017-07,California,Furniture,35-44,Low (<50),1,36.96,11.46,36.96,1
2017-07,California,Furniture,35-44,Medium (50-500),1,225.3,22.53,225.3,1
2017-07,California,Furniture,45-59,Medium (50-500),1,145.9,62.74,145.9,1
2017-07,California,Furniture,60+,Low (<50),1,18.84,7.91,18.84,1
2017-07,California,Furniture,60+,Medium (50-500),3,528.22,90.41,176.07,3
2017-07,California,Office Supplies,25-34,Low (<50),2,24.96,7.81,12.48,1
2017-07,California,Office Supplies,35-44,Low (<50),4,67.97,27.31,16.99,3
2017-07,California,Office Supplies,35-44,Medium (50-500),6,496.01,141.76,82.67,6
2017-07,California,Office Supplies,45-59,Low (<50),3,24.65,7.32,8.22,3
2017-07,California,Office Supplies,45-59,Medium (50-500),1,58.32,27.99,58.32,1
2017-07,California,Office Supplies,60+,Low (<50),4,65.46,25.69,16.36,3
2017-07,California,Office Supplies,60+,Medium (50-500),2,402.32,106.76,201.16,2
2017-07,California,Technology,18-24,Medium (50-500),1,479.98,90.0,479.98,1
2017-07,California,Technology,25-34,High (500-1500),1,1145.6,100.24,1145.6,1
2017-07,California,Technology,25-34,Very High (1500+),2,4049.91,1499.97,2024.96,2
2017-07,California,Technology,35-44,High (500-1500),1,1287.45,244.62,1287.45,1
2017-07,California,Technology,45-59,Very High (1500+),1,1626.19,121.96,1626.19,1
2017-07,California,Technology,60+,Medium (50-500),3,683.3,78.05,227.77,2
2017-07,Connecticut,Office Supplies,35-44,Medium (50-500),3,589.48,187.37,196.49,1
2017-07,Connecticut,Technology,35-44,Medium (50-500),1,257.98,74.81,257.98,1
2017-07,Delaware,Furniture,35-44,Medium (50-500),1,310.44,-48.78,310.44,1
2017-07,Delaware,Furniture,60+,Low (<50),1,39.98,9.2,39.98,1
2017-07,Delaware,Furniture,60+,Medium (50-500),1,83.92,5.87,83.92,1
2017-07,Delaware,Office Supplies,35-44,Low (<50),1,26.55,13.01,26.55,1
2017-07,Delaware,Office Supplies,60+,High (500-1500),1,849.95,390.98,849.95,1
2017-07,Delaware,Office Supplies,60+,Low (<50),3,51.46,19.61,17.15,2
2017-07,Delaware,Office Supplies,60+,Medium (50-500),1,174.95,45.49,174.95,1
2017-07,Delaware,Technology,60+,Medium (50-500),1,141.9,58.18,141.9,1
2017-07,Florida,Furniture,35-44,Low (<50),1,7.9,2.17,7.9,1
2017-07,Florida,Furniture,60+,Medium (50-500),2,330.27,21.65,165.14,2
2017-07,Florida,Technology,60+,Low (<50),1,41.42,8.28,41.42,1
2017-07,Georgia,Furniture,25-34,Low (<50),1,23.99,5.52,23.99,1
2017-07,Georgia,Furniture,60+,Low (<50),1,18.84,7.91,18.84,1
2017-07,Georgia,Office Supplies,60+,Low (<50),1,41.91,10.9,41.91,1
2017-07,Georgia,Technology,25-34,Medium (50-500),1,287.97,77.75,287.97,1
2017-07,Illinois,Furniture,18-24,Low (<50),1,8.79,-5.71,8.79,1
2017-07,Illinois,Furniture,45-59,High (500-1500),1,526.34,-75.19,526.34,1
2017-07,Illinois,Office Supplies,18-24,Low (<50),1,2.86,-4.58,2.86,1
2017-07,Illinois,Office Supplies,18-24,Medium (50-500),2,163.9,-156.12,81.95,2
2017-07,Illinois,Office Supplies,35-44,Medium (50-500),1,228.92,14.31,228.92,1
2017-07,Illinois,Office Supplies,45-59,Low (<50),1,2.91,0.91,2.91,1
2017-07,Illinois,Office Supplies,45-59,Medium (50-500),1,298.46,26.12,298.46,1
2017-07,Illinois,Office Supplies,60+,Low (<50),2,10.95,-0.4,5.48,2
2017-07,Illinois,Office Supplies,60+,Medium (50-500),3,243.31,-110.39,81.1,3
2017-07,Illinois,Technology,45-59,Low (<50),1,36.79,4.14,36.79,1
2017-07,Indiana,Furniture,60+,High (500-1500),1,526.45,31.59,526.45,1
2017-07,Indiana,Office Supplies,18-24,Low (<50),1,11.68,5.49,11.68,1
2017-07,Indiana,Office Supplies,60+,Low (<50),1,25.92,12.44,25.92,1
2017-07,Indiana,Office Supplies,60+,Medium (50-500),2,613.91,91.51,306.96,1
2017-07,Indiana,Technology,18-24,Medium (50-500),1,159.75,11.18,159.75,1
2017-07,Iowa,Office Supplies,35-44,Low (<50),1,30.32,11.82,30.32,1
2017-07,Kansas,Office Supplies,45-59,Low (<50),1,13.56,6.24,13.56,1
2017-07,Kansas,Office Supplies,45-59,Medium (50-500),1,360.38,93.7,360.38,1
2017-07,Maryland,Technology,45-59,Medium (50-500),1,89.95,43.18,89.95,1
2017-07,Massachusetts,Office Supplies,18-24,Low (<50),1,24.56,11.54,24.56,1
2017-07,Massachusetts,Office Supplies,60+,Low (<50),3,45.08,18.79,15.03,1
2017-07,Massachusetts,Technology,18-24,Medium (50-500),1,258.9,93.2,258.9,1
2017-07,Minnesota,Office Supplies,35-44,High (500-1500),1,735.98,331.19,735.98,1
2017-07,Nebraska,Technology,25-34,Medium (50-500),1,79.96,22.39,79.96,1
2017-07,New Hampshire,Furniture,45-59,Medium (50-500),1,102.3,26.6,102.3,1
2017-07,New Jersey,Office Supplies,60+,Low (<50),1,6.48,3.18,6.48,1
2017-07,New Mexico,Furniture,60+,High (500-1500),1,545.85,114.63,545.85,1
2017-07,New York,Furniture,45-59,Medium (50-500),2,347.68,56.74,173.84,1
2017-07,New York,Furniture,60+,High (500-1500),1,664.15,88.55,664.15,1
2017-07,New York,Furniture,60+,Low (<50),2,53.97,18.48,26.98,2
2017-07,New York,Office Supplies,18-24,Medium (50-500),1,60.12,22.24,60.12,1
2017-07,New York,Office Supplies,25-34,Low (<50),2,27.05,8.62,13.52,2
2017-07,New York,Office Supplies,45-59,Low (<50),2,30.83,12.75,15.42,2
2017-07,New York,Office Supplies,60+,Low (<50),5,82.23,34.31,16.45,3
2017-07,New York,Office Supplies,60+,Medium (50-500),1,99.9,47.95,99.9,1
2017-07,New York,Technology,35-44,Low (<50),1,29.97,14.09,29.97,1
2017-07,New York,Technology,60+,High (500-1500),1,543.92,135.98,543.92,1
2017-07,New York,Technology,60+,Low (<50),1,41.9,8.8,41.9,1
2017-07,New York,Technology,60+,Medium (50-500),2,402.58,84.73,201.29,2
2017-07,North Carolina,Furniture,45-59,Medium (50-500),1,194.85,12.18,194.85,1
2017-07,North Carolina,Furniture,60+,Medium (50-500),1,242.35,15.15,242.35,1
2017-07,North Carolina,Office Supplies,35-44,Low (<50),2,39.22,6.92,19.61,1
2017-07,North Carolina,Office Supplies,60+,Low (<50),1,9.55,1.55,9.55,1
2017-07,North Carolina,Technology,25-34,Low (<50),1,24.0,-2.7,24.0,1
2017-07,North Carolina,Technology,35-44,Low (<50),1,22.0,1.38,22.0,1
2017-07,Ohio,Furniture,45-59,Medium (50-500),1,215.15,-103.99,215.15,1
2017-07,Ohio,Furniture,60+,Medium (50-500),1,396.92,148.84,396.92,1
2017-07,Ohio,Office Supplies,25-34,Medium (50-500),1,76.78,-53.74,76.78,1
2017-07,Ohio,Office Supplies,45-59,Low (<50),3,97.79,-0.29,32.6,2
2017-07,Ohio,Office Supplies,45-59,Medium (50-500),1,222.32,25.01,222.32,1
2017-07,Ohio,Office Supplies,60+,Low (<50),3,26.18,6.68,8.73,2
2017-07,Ohio,Office Supplies,60+,Medium (50-500),2,301.5,22.61,150.75,1
2017-07,Ohio,Technology,45-59,Medium (50-500),1,210.56,-52.64,210.56,1
2017-07,Ohio,Technology,60+,Very High (1500+),1,1889.95,-377.99,1889.95,1
2017-07,Oklahoma,Furniture,25-34,Medium (50-500),1,302.67,72.64,302.67,1
2017-07,Oklahoma,Office Supplies,25-34,Low (<50),1,33.48,16.41,33.48,1
2017-07,Oklahoma,Office Supplies,25-34,Medium (50-500),1,137.62,60.55,137.62,1
2017-07,Oklahoma,Technology,25-34,Medium (50-500),1,461.97,133.97,461.97,1
2017-07,Oregon,Office Supplies,60+,Low (<50),1,1.08,-0.79,1.08,1
2017-07,Pennsylvania,Furniture,25-34,Low (<50),1,20.1,3.01,20.1,1
2017-07,Pennsylvania,Furniture,25-34,Medium (50-500),1,138.59,-34.65,138.59,1
2017-07,Pennsylvania,Furniture,35-44,Medium (50-500),1,198.74,-14.2,198.74,1
2017-07,Pennsylvania,Furniture,45-59,Medium (50-500),1,71.37,-1.02,71.37,1
2017-07,Pennsylvania,Furniture,60+,Medium (50-500),2,178.22,-26.01,89.11,2
2017-07,Pennsylvania,Office Supplies,25-34,Low (<50),2,58.49,11.5,29.24,1
2017-07,Pennsylvania,Office Supplies,25-34,Medium (50-500),1,259.92,-25.99,259.92,1
2017-07,Pennsylvania,Office Supplies,35-44,Low (<50),3,28.19,4.71,9.4,2
2017-07,Pennsylvania,Office Supplies,45-59,Low (<50),1,3.3,1.07,3.3,1
2017-07,Pennsylvania,Office Supplies,60+,Low (<50),2,28.94,6.45,14.47,1
2017-07,Pennsylvania,Office Supplies,60+,Medium (50-500),1,54.82,17.82,54.82,1
2017-07,Pennsylvania,Technology,35-44,High (500-1500),1,599.97,70.0,599.97,1
2017-07,Pennsylvania,Technology,35-44,Medium (50-500),1,285.58,-57.12,285.58,1
2017-07,Pennsylvania,Technology,60+,High (500-1500),2,1211.91,-28.21,605.95,1
2017-07,Pennsylvania,Technology,60+,Low (<50),2,56.37,-2.44,28.18,2
2017-07,Rhode Island,Technology,35-44,Medium (50-500),1,252.0,93.24,252.0,1
2017-07,South Dakota,Furniture,35-44,Medium (50-500),1,182.94,27.44,182.94,1
2017-07,South Dakota,Office Supplies,35-44,Low (<50),2,57.62,27.08,28.81,1
2017-07,South Dakota,Office Supplies,35-44,Medium (50-500),2,477.15,142.82,238.58,1
2017-07,South Dakota,Office Supplies,60+,Low (<50),1,20.23,9.51,20.23,1
2017-07,South Dakota,Technology,35-44,Medium (50-500),1,389.97,132.59,389.97,1
2017-07,Texas,Furniture,45-59,Medium (50-500),2,630.14,-352.89,315.07,2
2017-07,Texas,Furniture,60+,Medium (50-500),1,124.4,-21.33,124.4,1
2017-07,Texas,Office Supplies,18-24,Low (<50),1,5.23,-8.11,5.23,1
2017-07,Texas,Office Supplies,18-24,Medium (50-500),1,163.96,59.44,163.96,1
2017-07,Texas,Office Supplies,25-34,Medium (50-500),1,273.9,92.44,273.9,1
2017-07,Texas,Office Supplies,45-59,Low (<50),4,64.37,-11.17,16.09,1
2017-07,Texas,Office Supplies,60+,Low (<50),1,2.9,0.47,2.9,1
2017-07,Texas,Technology,25-34,High (500-1500),1,597.13,49.76,597.13,1
2017-07,Texas,Technology,35-44,Medium (50-500),1,167.97,62.99,167.97,1
2017-07,Texas,Technology,60+,Medium (50-500),1,124.79,15.6,124.79,1
2017-07,Utah,Office Supplies,18-24,Low (<50),1,25.99,7.54,25.99,1
2017-07,Utah,Technology,18-24,Medium (50-500),1,71.93,6.29,71.93,1
2017-07,Virginia,Furniture,18-24,High (500-1500),1,872.94,157.13,872.94,1
2017-07,Virginia,Furniture,45-59,Low (<50),1,8.8,3.87,8.8,1
2017-07,Virginia,Furniture,45-59,Medium (50-500),1,302.94,69.68,302.94,1
2017-07,Virginia,Office Supplies,18-24,Low (<50),1,12.96,6.22,12.96,1
2017-07,Virginia,Office Supplies,18-24,Medium (50-500),1,179.94,50.38,179.94,1
2017-07,Virginia,Office Supplies,45-59,Low (<50),2,34.62,12.88,17.31,1
2017-07,Virginia,Office Supplies,45-59,Medium (50-500),2,333.66,41.15,166.83,1
2017-07,Virginia,Technology,45-59,Medium (50-500),1,271.96,67.99,271.96,1
2017-07,Washington,Furniture,35-44,Low (<50),1,23.88,10.51,23.88,1
2017-07,Washington,Furniture,35-44,Medium (50-500),1,115.96,25.51,115.96,1
2017-07,Washington,Furniture,45-59,Low (<50),1,15.84,4.91,15.84,1
2017-07,Washington,Furniture,60+,Medium (50-500),1,198.46,99.23,198.46,1
2017-07,Washington,Office Supplies,35-44,Low (<50),2,39.16,18.27,19.58,1
2017-07,Washington,Office Supplies,45-59,Low (<50),2,31.36,10.53,15.68,1
2017-07,Washington,Office Supplies,45-59,Medium (50-500),2,139.14,54.5,69.57,2
2017-07,Washington,Office Supplies,60+,High (500-1500),1,786.48,385.38,786.48,1
2017-07,Washington,Office Supplies,60+,Low (<50),1,23.17,7.82,23.17,1
2017-07,Washington,Technology,35-44,Medium (50-500),2,325.52,44.67,162.76,2
2017-07,Washington,Technology,60+,Low (<50),1,7.99,2.7,7.99,1
2017-07,Washington,Technology,60+,Medium (50-500),2,109.98,36.89,54.99,2
2017-07,Washington,Technology,60+,Very High (1500+),2,4083.0,952.21,2041.5,1
2017-07,Wisconsin,Office Supplies,60+,Low (<50),1,17.52,8.41,17.52,1
2017-07,Wisconsin,Office Supplies,60+,Medium (50-500),1,155.88,54.56,155.88,1
2017-07,Wisconsin,Technology,45-59,Medium (50-500),1,399.95,143.98,399.95,1
2017-08,Arizona,Furniture,18-24,Medium (50-500),1,120.58,33.16,120.58,1
2017-08,Arizona,Office Supplies,35-44,Low (<50),2,19.12,3.53,9.56,1
2017-08,Arizona,Office Supplies,45-59,Medium (50-500),1,83.88,29.36,83.88,1
2017-08,California,Furniture,25-34,Medium (50-500),2,178.88,30.93,89.44,2
2017-08,California,Furniture,45-59,Medium (50-500),4,687.67,163.68,171.92,2
2017-08,California,Furniture,60+,High (500-1500),1,568.73,28.44,568.73,1
2017-08,California,Furniture,60+,Medium (50-500),4,906.24,59.69,226.56,4
2017-08,California,Office Supplies,18-24,Low (<50),1,6.67,2.17,6.67,1
2017-08,California,Office Supplies,18-24,Medium (50-500),1,99.87,23.97,99.87,1
2017-08,California,Office Supplies,25-34,High (500-1500),1,542.94,152.02,542.94,1
2017-08,California,Office Supplies,25-34,Low (<50),3,58.46,18.87,19.49,2
2017-08,California,Office Supplies,25-34,Medium (50-500),1,51.75,24.84,51.75,1
2017-08,California,Office Supplies,35-44,Medium (50-500),1,193.95,9.7,193.95,1
2017-08,California,Office Supplies,45-59,High (500-1500),2,2314.67,707.02,1157.33,2
2017-08,California,Office Supplies,45-59,Low (<50),7,173.16,58.02,24.74,3
2017-08,California,Office Supplies,45-59,Medium (50-500),5,936.41,209.4,187.28,2
2017-08,California,Office Supplies,60+,High (500-1500),1,540.57,140.55,540.57,1
2017-08,California,Office Supplies,60+,Low (<50),6,106.1,42.98,17.68,4
2017-08,California,Office Supplies,60+,Medium (50-500),9,1545.14,524.61,171.68,7
2017-08,California,Office Supplies,60+,Very High (1500+),1,2518.29,654.76,2518.29,1
2017-08,California,Technology,18-24,High (500-1500),1,689.41,77.56,689.41,1
2017-08,California,Technology,45-59,High (500-1500),2,1587.86,374.24,793.93,2
2017-08,California,Technology,45-59,Medium (50-500),2,215.72,25.8,107.86,2
2017-08,California,Technology,60+,Medium (50-500),3,611.82,57.58,203.94,3
2017-08,Colorado,Furniture,35-44,Low (<50),1,22.75,7.11,22.75,1
2017-08,Colorado,Office Supplies,35-44,Low (<50),3,23.42,8.16,7.81,2
2017-08,Colorado,Office Supplies,35-44,Medium (50-500),1,237.1,20.75,237.1,1
2017-08,Florida,Furniture,60+,Low (<50),1,2.78,0.42,2.78,1
2017-08,Florida,Office Supplies,45-59,Low (<50),2,35.07,8.15,17.54,2
2017-08,Florida,Office Supplies,60+,Low (<50),3,61.18,19.41,20.39,2
2017-08,Florida,Office Supplies,60+,Medium (50-500),1,161.38,12.1,161.38,1
2017-08,Florida,Technology,60+,Very High (1500+),1,4367.9,327.59,4367.9,1
2017-08,Georgia,Technology,18-24,Medium (50-500),1,71.98,15.12,71.98,1
2017-08,Illinois,Furniture,35-44,Medium (50-500),1,64.96,-43.85,64.96,1
2017-08,Illinois,Furniture,60+,Medium (50-500),1,183.37,-36.67,183.37,1
2017-08,Illinois,Office Supplies,18-24,Low (<50),1,2.3,-3.9,2.3,1
2017-08,Illinois,Office Supplies,25-34,Low (<50),2,52.06,17.27,26.03,1
2017-08,Illinois,Office Supplies,45-59,Low (<50),3,78.04,14.98,26.01,1
2017-08,Illinois,Technology,45-59,Medium (50-500),1,95.98,6.0,95.98,1
2017-08,Illinois,Technology,60+,Low (<50),1,39.82,7.47,39.82,1
2017-08,Indiana,Furniture,60+,Medium (50-500),1,121.3,25.47,121.3,1
2017-08,Indiana,Office Supplies,18-24,High (500-1500),1,638.73,166.07,638.73,1
2017-08,Indiana,Office Supplies,25-34,Medium (50-500),1,177.2,83.28,177.2,1
2017-08,Indiana,Office Supplies,45-59,Medium (50-500),2,259.08,127.02,129.54,1
2017-08,Indiana,Office Supplies,60+,Medium (50-500),1,70.08,35.04,70.08,1
2017-08,Indiana,Technology,45-59,Medium (50-500),1,79.78,29.52,79.78,1
2017-08,Indiana,Technology,60+,High (500-1500),1,1454.49,378.17,1454.49,1
2017-08,Kentucky,Office Supplies,18-24,Medium (50-500),1,102.93,48.38,102.93,1
2017-08,Kentucky,Office Supplies,35-44,Low (<50),1,13.76,6.33,13.76,1
2017-08,Kentucky,Technology,18-24,Medium (50-500),1,98.16,9.82,98.16,1
2017-08,Louisiana,Furniture,35-44,Low (<50),1,15.4,7.39,15.4,1
2017-08,Louisiana,Furniture,35-44,Medium (50-500),1,145.74,23.32,145.74,1
2017-08,Louisiana,Office Supplies,35-44,Medium (50-500),1,477.51,219.65,477.51,1
2017-08,Louisiana,Technology,45-59,High (500-1500),1,659.9,217.77,659.9,1
2017-08,Maryland,Furniture,25-34,Very High (1500+),1,1779.9,373.78,1779.9,1
2017-08,Maryland,Furniture,45-59,Low (<50),1,25.16,8.55,25.16,1
2017-08,Maryland,Furniture,45-59,Medium (50-500),1,91.92,31.25,91.92,1
2017-08,Maryland,Office Supplies,25-34,Low (<50),1,17.52,5.26,17.52,1
2017-08,Maryland,Office Supplies,25-34,Medium (50-500),1,219.9,59.37,219.9,1
2017-08,Maryland,Office Supplies,45-59,Medium (50-500),1,277.4,133.15,277.4,1
2017-08,Massachusetts,Furniture,45-59,High (500-1500),1,1488.42,-297.68,1488.42,1
2017-08,Massachusetts,Office Supplies,35-44,Low (<50),1,19.44,9.33,19.44,1
2017-08,Massachusetts,Office Supplies,35-44,Medium (50-500),1,387.99,182.36,387.99,1
2017-08,Massachusetts,Office Supplies,45-59,Low (<50),1,40.29,10.48,40.29,1
2017-08,Massachusetts,Technology,25-34,Low (<50),1,23.18,7.65,23.18,1
2017-08,Michigan,Office Supplies,60+,Medium (50-500),1,53.72,13.97,53.72,1
2017-08,Minnesota,Office Supplies,35-44,Low (<50),3,87.52,35.09,29.17,1
2017-08,Minnesota,Office Supplies,35-44,Medium (50-500),1,50.4,23.18,50.4,1
2017-08,Minnesota,Technology,60+,Medium (50-500),1,63.96,19.83,63.96,1
2017-08,Mississippi,Furniture,60+,High (500-1500),1,866.4,225.26,866.4,1
2017-08,New Hampshire,Office Supplies,45-59,Low (<50),1,24.64,11.83,24.64,1
2017-08,New Hampshire,Office Supplies,45-59,Medium (50-500),1,227.88,68.36,227.88,1
2017-08,New Hampshire,Technology,45-59,High (500-1500),1,824.95,247.48,824.95,1
2017-08,New Jersey,Office Supplies,25-34,Medium (50-500),1,97.84,25.44,97.84,1
2017-08,New York,Furniture,25-34,Low (<50),2,50.42,18.87,25.21,1
2017-08,New York,Furniture,25-34,Medium (50-500),1,88.02,27.29,88.02,1
2017-08,New York,Furniture,60+,Medium (50-500),1,462.56,97.65,462.56,1
2017-08,New York,Office Supplies,25-34,Medium (50-500),2,177.54,54.61,88.77,2
2017-08,New York,Office Supplies,35-44,Low (<50),3,60.5,20.25,20.17,2
2017-08,New York,Office Supplies,35-44,Very High (1500+),1,4305.55,1453.12,4305.55,1
2017-08,New York,Office Supplies,45-59,Low (<50),3,74.61,29.5,24.87,3
2017-08,New York,Office Supplies,45-59,Medium (50-500),2,168.64,42.8,84.32,2
2017-08,New York,Office Supplies,60+,High (500-1500),1,895.92,302.37,895.92,1
2017-08,New York,Technology,25-34,Low (<50),1,37.91,10.99,37.91,1
2017-08,New York,Technology,45-59,Medium (50-500),1,347.97,100.91,347.97,1
2017-08,North Carolina,Office Supplies,45-59,Medium (50-500),1,192.16,67.26,192.16,1
2017-08,North Carolina,Office Supplies,60+,Medium (50-500),1,229.54,83.21,229.54,1
2017-08,North Carolina,Technology,35-44,Medium (50-500),1,271.96,17.0,271.96,1
2017-08,North Carolina,Technology,45-59,Medium (50-500),1,79.99,22.0,79.99,1
2017-08,North Carolina,Technology,60+,Low (<50),1,35.96,3.6,35.96,1
2017-08,Ohio,Office Supplies,35-44,Low (<50),1,10.78,-7.91,10.78,1
2017-08,Ohio,Office Supplies,45-59,Low (<50),1,9.91,1.24,9.91,1
2017-08,Ohio,Office Supplies,60+,High (500-1500),1,646.27,64.63,646.27,1
2017-08,Ohio,Office Supplies,60+,Low (<50),3,52.58,11.05,17.53,3
2017-08,Oregon,Office Supplies,25-34,Low (<50),1,6.21,0.7,6.21,1
2017-08,Pennsylvania,Furniture,35-44,Medium (50-500),1,130.98,-89.07,130.98,1
2017-08,Pennsylvania,Furniture,45-59,Very High (1500+),1,4416.17,-630.88,4416.17,1
2017-08,Pennsylvania,Furniture,60+,Medium (50-500),1,314.53,-83.88,314.53,1
2017-08,Pennsylvania,Office Supplies,18-24,Low (<50),1,12.67,3.96,12.67,1
2017-08,Pennsylvania,Office Supplies,45-59,Low (<50),2,26.95,6.63,13.48,2
2017-08,Pennsylvania,Office Supplies,45-59,Very High (1500+),1,1801.63,-337.81,1801.63,1
2017-08,Pennsylvania,Technology,18-24,High (500-1500),1,1119.89,209.98,1119.89,1
2017-08,Tennessee,Furniture,45-59,Low (<50),1,31.98,0.0,31.98,1
2017-08,Tennessee,Furniture,45-59,Medium (50-500),1,423.65,47.66,423.65,1
2017-08,Tennessee,Office Supplies,25-34,Low (<50),1,5.18,1.81,5.18,1
2017-08,Tennessee,Office Supplies,45-59,Low (<50),4,52.23,16.69,13.06,2
2017-08,Tennessee,Office Supplies,45-59,Medium (50-500),1,272.05,30.61,272.05,1
2017-08,Tennessee,Office Supplies,45-59,Very High (1500+),1,1614.58,-1237.85,1614.58,1
2017-08,Tennessee,Office Supplies,60+,Low (<50),1,13.43,-11.19,13.43,1
2017-08,Tennessee,Office Supplies,60+,Medium (50-500),1,67.14,-0.84,67.14,1
2017-08,Tennessee,Technology,45-59,Low (<50),1,1.58,0.48,1.58,1
2017-08,Texas,Furniture,45-59,Low (<50),1,16.78,-22.24,16.78,1
2017-08,Texas,Furniture,45-59,Medium (50-500),1,74.59,-2.13,74.59,1
2017-08,Texas,Office Supplies,18-24,Low (<50),1,36.29,12.7,36.29,1
2017-08,Texas,Office Supplies,25-34,Low (<50),1,5.95,0.37,5.95,1
2017-08,Texas,Office Supplies,25-34,Medium (50-500),1,115.3,40.35,115.3,1
2017-08,Texas,Office Supplies,35-44,Low (<50),3,31.44,-50.24,10.48,2
2017-08,Texas,Office Supplies,35-44,Medium (50-500),2,318.22,-12.61,159.11,2
2017-08,Texas,Office Supplies,45-59,Low (<50),6,104.14,-108.77,17.36,2
2017-08,Texas,Office Supplies,60+,Medium (50-500),1,151.06,7.55,151.06,1
2017-08,Texas,Technology,18-24,High (500-1500),1,1439.98,-264.0,1439.98,1
2017-08,Texas,Technology,35-44,Medium (50-500),1,119.45,-13.44,119.45,1
2017-08,Texas,Technology,45-59,Medium (50-500),1,153.58,13.44,153.58,1
2017-08,Utah,Office Supplies,25-34,Medium (50-500),1,102.72,37.24,102.72,1
2017-08,Washington,Furniture,35-44,High (500-1500),1,1137.75,250.3,1137.75,1
2017-08,Washington,Furniture,45-59,High (500-1500),1,569.57,7.12,569.57,1
2017-08,Washington,Furniture,45-59,Medium (50-500),1,388.7,38.87,388.7,1
2017-08,Washington,Furniture,60+,Medium (50-500),1,65.94,22.42,65.94,1
2017-08,Washington,Office Supplies,25-34,Low (<50),1,46.74,11.68,46.74,1
2017-08,Washington,Office Supplies,25-34,Medium (50-500),2,292.86,130.0,146.43,1
2017-08,Washington,Office Supplies,35-44,Low (<50),2,21.62,5.62,10.81,2
2017-08,Washington,Office Supplies,35-44,Medium (50-500),1,99.68,32.4,99.68,1
2017-08,Washington,Office Supplies,45-59,High (500-1500),1,572.58,34.35,572.58,1
2017-08,Washington,Office Supplies,45-59,Medium (50-500),1,149.73,43.42,149.73,1
2017-08,Washington,Office Supplies,60+,High (500-1500),1,1000.02,290.01,1000.02,1
2017-08,Washington,Office Supplies,60+,Medium (50-500),1,323.1,61.39,323.1,1
2017-08,Washington,Office Supplies,60+,Very High (1500+),1,2793.53,942.82,2793.53,1
2017-08,Washington,Technology,25-34,Medium (50-500),3,717.56,129.54,239.19,1
2017-08,Washington,Technology,35-44,Low (<50),1,35.17,11.43,35.17,1
2017-08,Washington,Technology,45-59,Low (<50),1,33.18,11.61,33.18,1
2017-08,Washington,Technology,60+,High (500-1500),2,2340.06,595.74,1170.03,1
2017-08,Wisconsin,Office Supplies,25-34,Low (<50),1,21.81,5.89,21.81,1
2017-08,Wisconsin,Office Supplies,25-34,Medium (50-500),1,91.6,26.56,91.6,1
2017-09,Arizona,Office Supplies,25-34,Low (<50),1,6.37,2.39,6.37,1
2017-09,Arizona,Office Supplies,60+,Low (<50),3,38.66,-22.49,12.89,2
2017-09,Arizona,Technology,60+,Medium (50-500),2,561.5,33.97,280.75,1
2017-09,Arkansas,Office Supplies,35-44,Low (<50),1,12.96,6.22,12.96,1
2017-09,Arkansas,Office Supplies,60+,High (500-1500),1,691.96,318.3,691.96,1
2017-09,Arkansas,Technology,35-44,Medium (50-500),1,199.95,63.98,199.95,1
2017-09,Arkansas,Technology,60+,Low (<50),1,34.95,15.38,34.95,1
2017-09,California,Furniture,18-24,High (500-1500),1,1322.35,-99.18,1322.35,1
2017-09,California,Furniture,18-24,Medium (50-500),1,243.92,-15.24,243.92,1
2017-09,California,Furniture,25-34,High (500-1500),1,594.82,59.48,594.82,1
2017-09,California,Furniture,25-34,Low (<50),2,29.0,12.73,14.5,2
2017-09,California,Furniture,25-34,Medium (50-500),1,362.35,27.18,362.35,1
2017-09,California,Furniture,35-44,High (500-1500),2,1989.77,225.38,994.89,2
2017-09,California,Furniture,35-44,Low (<50),3,65.54,8.36,21.85,3
2017-09,California,Furniture,35-44,Medium (50-500),2,424.42,-6.69,212.21,2
2017-09,California,Furniture,45-59,High (500-1500),1,529.9,105.98,529.9,1
2017-09,California,Furniture,45-59,Low (<50),1,32.36,11.65,32.36,1
2017-09,California,Furniture,45-59,Medium (50-500),5,805.36,-1.47,161.07,4
2017-09,California,Furniture,60+,Medium (50-500),1,236.53,-2.96,236.53,1
2017-09,California,Furniture,60+,Very High (1500+),1,2054.27,256.78,2054.27,1
2017-09,California,Office Supplies,18-24,Low (<50),4,79.48,35.71,19.87,3
2017-09,California,Office Supplies,18-24,Medium (50-500),2,265.64,105.68,132.82,2
2017-09,California,Office Supplies,25-34,Low (<50),4,58.52,25.88,14.63,3
2017-09,California,Office Supplies,25-34,Medium (50-500),3,705.1,226.07,235.03,2
2017-09,California,Office Supplies,35-44,High (500-1500),1,931.18,314.27,931.18,1
2017-09,California,Office Supplies,35-44,Low (<50),5,118.76,39.95,23.75,4
2017-09,California,Office Supplies,35-44,Medium (50-500),6,529.52,201.33,88.25,6
2017-09,California,Office Supplies,35-44,Very High (1500+),1,2357.49,884.06,2357.49,1
2017-09,California,Office Supplies,45-59,Low (<50),5,116.75,44.79,23.35,4
2017-09,California,Office Supplies,45-59,Medium (50-500),8,1084.55,310.38,135.57,7
2017-09,California,Office Supplies,60+,Low (<50),13,195.58,70.59,15.04,9
2017-09,California,Office Supplies,60+,Medium (50-500),3,849.53,286.83,283.18,2
2017-09,California,Technology,18-24,Medium (50-500),3,463.89,117.18,154.63,3
2017-09,California,Technology,25-34,Low (<50),1,43.18,15.11,43.18,1
2017-09,California,Technology,35-44,High (500-1500),2,1365.48,252.38,682.74,1
2017-09,California,Technology,35-44,Medium (50-500),3,856.1,130.43,285.37,3
2017-09,California,Technology,60+,Low (<50),1,5.56,1.74,5.56,1
2017-09,California,Technology,60+,Medium (50-500),1,149.95,31.49,149.95,1
2017-09,Colorado,Furniture,35-44,Low (<50),1,29.33,3.67,29.33,1
2017-09,Colorado,Furniture,45-59,Low (<50),1,32.78,3.28,32.78,1
2017-09,Colorado,Furniture,60+,Medium (50-500),1,180.59,-240.78,180.59,1
2017-09,Colorado,Office Supplies,35-44,Low (<50),2,26.05,9.15,13.02,2
2017-09,Colorado,Office Supplies,45-59,Low (<50),1,14.35,5.2,14.35,1
2017-09,Colorado,Office Supplies,45-59,Medium (50-500),3,433.75,-62.07,144.58,1
2017-09,Colorado,Technology,45-59,Medium (50-500),1,54.38,1.36,54.38,1
2017-09,Colorado,Technology,60+,Low (<50),1,47.98,0.6,47.98,1
2017-09,Connecticut,Office Supplies,60+,Low (<50),2,49.52,13.65,24.76,2
2017-09,Connecticut,Office Supplies,60+,Medium (50-500),2,226.74,110.97,113.37,1
2017-09,Connecticut,Technology,60+,Medium (50-500),1,59.98,10.8,59.98,1
2017-09,Delaware,Technology,60+,Medium (50-500),1,391.98,113.67,391.98,1
2017-09,Florida,Furniture,35-44,Medium (50-500),1,97.18,6.07,97.18,1
2017-09,Florida,Furniture,45-59,Low (<50),1,34.5,6.04,34.5,1
2017-09,Florida,Furniture,45-59,Medium (50-500),1,419.14,-57.63,419.14,1
2017-09,Florida,Office Supplies,18-24,Medium (50-500),2,297.62,90.93,148.81,2
2017-09,Florida,Office Supplies,35-44,Low (<50),1,10.37,3.63,10.37,1
2017-09,Florida,Office Supplies,35-44,Medium (50-500),1,147.18,-29.44,147.18,1
2017-09,Florida,Office Supplies,45-59,Low (<50),1,10.37,3.63,10.37,1
2017-09,Florida,Office Supplies,60+,Low (<50),3,52.31,-11.16,17.44,3
2017-09,Florida,Office Supplies,60+,Medium (50-500),2,347.26,97.64,173.63,2
2017-09,Florida,Technology,18-24,Low (<50),1,17.88,2.46,17.88,1
2017-09,Florida,Technology,18-24,Medium (50-500),1,158.38,13.86,158.38,1
2017-09,Florida,Technology,60+,Medium (50-500),1,383.96,38.4,383.96,1
2017-09,Georgia,Furniture,45-59,High (500-1500),1,723.92,188.22,723.92,1
2017-09,Georgia,Furniture,45-59,Low (<50),1,20.32,6.91,20.32,1
2017-09,Georgia,Office Supplies,35-44,Low (<50),6,148.08,55.37,24.68,4
2017-09,Georgia,Office Supplies,45-59,Low (<50),2,60.4,22.44,30.2,1
2017-09,Georgia,Office Supplies,45-59,Medium (50-500),5,700.43,308.5,140.09,3
2017-09,Georgia,Office Supplies,60+,Low (<50),4,58.26,20.11,14.56,1
2017-09,Georgia,Office Supplies,60+,Medium (50-500),1,80.48,24.14,80.48,1
2017-09,Georgia,Technology,45-59,Medium (50-500),2,507.66,146.26,253.83,1
2017-09,Georgia,Technology,60+,Medium (50-500),1,89.9,25.17,89.9,1
2017-09,Idaho,Technology,45-59,Medium (50-500),1,89.97,37.79,89.97,1
2017-09,Illinois,Furniture,18-24,High (500-1500),1,520.46,-14.87,520.46,1
2017-09,Illinois,Furniture,60+,High (500-1500),2,1590.8,-684.44,795.4,2
2017-09,Illinois,Office Supplies,18-24,Low (<50),4,75.63,-73.96,18.91,3
2017-09,Illinois,Office Supplies,18-24,Medium (50-500),1,235.92,-44.24,235.92,1
2017-09,Illinois,Office Supplies,35-44,High (500-1500),1,762.59,-1143.89,762.59,1
2017-09,Illinois,Office Supplies,35-44,Low (<50),3,39.98,13.05,13.33,2
2017-09,Illinois,Office Supplies,45-59,Low (<50),1,20.74,7.26,20.74,1
2017-09,Illinois,Office Supplies,45-59,Medium (50-500),1,73.18,-197.58,73.18,1
2017-09,Illinois,Office Supplies,60+,Low (<50),2,24.67,6.41,12.34,1
2017-09,Illinois,Office Supplies,60+,Medium (50-500),1,73.01,26.47,73.01,1
2017-09,Illinois,Technology,18-24,Medium (50-500),1,323.98,20.25,323.98,1
2017-09,Illinois,Technology,35-44,Medium (50-500),1,100.8,21.42,100.8,1
2017-09,Illinois,Technology,45-59,Low (<50),2,80.66,-16.12,40.33,2
2017-09,Illinois,Technology,60+,Medium (50-500),1,147.17,16.56,147.17,1
2017-09,Kentucky,Office Supplies,18-24,Very High (1500+),1,1577.94,757.41,1577.94,1
2017-09,Kentucky,Office Supplies,35-44,Low (<50),1,14.2,6.67,14.2,1
2017-09,Kentucky,Office Supplies,35-44,Medium (50-500),1,195.68,50.88,195.68,1
2017-09,Kentucky,Technology,45-59,Low (<50),1,18.0,3.24,18.0,1
2017-09,Maryland,Office Supplies,45-59,Low (<50),1,39.9,19.95,39.9,1
2017-09,Maryland,Office Supplies,45-59,Medium (50-500),2,185.71,71.88,92.85,1
2017-09,Maryland,Office Supplies,60+,Medium (50-500),1,164.88,80.79,164.88,1
2017-09,Massachusetts,Furniture,35-44,High (500-1500),1,782.94,203.56,782.94,1
2017-09,Massachusetts,Office Supplies,35-44,Low (<50),1,16.28,6.51,16.28,1
2017-09,Massachusetts,Office Supplies,35-44,Medium (50-500),1,242.48,116.39,242.48,1
2017-09,Massachusetts,Office Supplies,60+,Low (<50),1,14.88,3.72,14.88,1
2017-09,Massachusetts,Technology,35-44,Low (<50),1,39.99,11.6,39.99,1
2017-09,Massachusetts,Technology,45-59,Medium (50-500),2,829.83,241.11,414.92,1
2017-09,Michigan,Furniture,25-34,Medium (50-500),2,740.22,175.66,370.11,2
2017-09,Michigan,Office Supplies,25-34,Low (<50),1,27.72,13.31,27.72,1
2017-09,Michigan,Office Supplies,45-59,Low (<50),2,36.53,16.98,18.26,2
2017-09,Michigan,Office Supplies,60+,Medium (50-500),1,352.38,81.05,352.38,1
2017-09,Michigan,Technology,60+,High (500-1500),1,1199.8,323.95,1199.8,1
2017-09,Michigan,Technology,60+,Very High (1500+),1,1928.78,829.38,1928.78,1
2017-09,Minnesota,Furniture,35-44,High (500-1500),1,603.92,181.18,603.92,1
2017-09,Minnesota,Furniture,45-59,Medium (50-500),1,269.97,51.29,269.97,1
2017-09,Minnesota,Office Supplies,45-59,Low (<50),2,28.42,13.76,14.21,2
2017-09,Minnesota,Technology,35-44,High (500-1500),1,655.9,275.48,655.9,1
2017-09,Minnesota,Technology,35-44,Medium (50-500),1,72.0,12.96,72.0,1
2017-09,Missouri,Furniture,25-34,Medium (50-500),1,135.3,37.88,135.3,1
2017-09,Missouri,Office Supplies,18-24,Very High (1500+),1,1577.94,757.41,1577.94,1
2017-09,Missouri,Office Supplies,45-59,Low (<50),5,112.98,47.93,22.6,1
2017-09,Missouri,Office Supplies,45-59,Medium (50-500),1,286.29,17.18,286.29,1
2017-09,Missouri,Technology,25-34,Medium (50-500),1,113.52,46.54,113.52,1
2017-09,Missouri,Technology,45-59,Medium (50-500),2,409.65,60.2,204.82,1
2017-09,Montana,Office Supplies,60+,Low (<50),1,39.9,10.37,39.9,1
2017-09,Nebraska,Office Supplies,18-24,Low (<50),1,15.96,7.98,15.96,1
2017-09,New Hampshire,Office Supplies,25-34,Medium (50-500),1,67.4,17.52,67.4,1
2017-09,New Hampshire,Office Supplies,60+,Low (<50),1,14.82,6.97,14.82,1
2017-09,New Jersey,Furniture,60+,High (500-1500),1,512.96,143.63,512.96,1
2017-09,New Jersey,Furniture,60+,Low (<50),1,47.4,18.96,47.4,1
2017-09,New Jersey,Office Supplies,35-44,Low (<50),1,34.05,9.53,34.05,1
2017-09,New Jersey,Office Supplies,35-44,Medium (50-500),1,70.95,18.45,70.95,1
2017-09,New Jersey,Office Supplies,60+,Medium (50-500),1,81.96,0.0,81.96,1
2017-09,New Jersey,Technology,35-44,Medium (50-500),1,480.0,225.6,480.0,1
2017-09,New Jersey,Technology,60+,Medium (50-500),1,395.94,102.94,395.94,1
2017-09,New Mexico,Office Supplies,35-44,Low (<50),1,27.18,12.23,27.18,1
2017-09,New Mexico,Office Supplies,45-59,Low (<50),1,10.08,3.53,10.08,1
2017-09,New Mexico,Technology,45-59,Medium (50-500),1,101.34,8.11,101.34,1
2017-09,New York,Furniture,25-34,Low (<50),1,9.82,3.24,9.82,1
2017-09,New York,Furniture,25-34,Medium (50-500),2,272.56,6.05,136.28,1
2017-09,New York,Furniture,35-44,High (500-1500),1,1282.41,213.74,1282.41,1
2017-09,New York,Furniture,35-44,Low (<50),2,23.61,7.45,11.8,2
2017-09,New York,Furniture,35-44,Medium (50-500),3,608.16,-67.05,202.72,2
2017-09,New York,Furniture,35-44,Very High (1500+),2,5142.54,985.45,2571.27,1
2017-09,New York,Furniture,45-59,Low (<50),2,82.68,32.82,41.34,2
2017-09,New York,Furniture,45-59,Medium (50-500),1,488.65,86.87,488.65,1
2017-09,New York,Furniture,60+,High (500-1500),1,589.41,-6.55,589.41,1
2017-09,New York,Furniture,60+,Medium (50-500),1,114.9,39.07,114.9,1
2017-09,New York,Office Supplies,25-34,Low (<50),4,83.94,35.12,20.98,4
2017-09,New York,Office Supplies,25-34,Medium (50-500),1,419.4,201.31,419.4,1
2017-09,New York,Office Supplies,35-44,Low (<50),13,257.66,100.52,19.82,4
2017-09,New York,Office Supplies,45-59,Low (<50),5,69.72,31.87,13.94,3
2017-09,New York,Office Supplies,45-59,Medium (50-500),2,116.67,41.16,58.34,2
2017-09,New York,Office Supplies,60+,Low (<50),1,29.95,8.69,29.95,1
2017-09,New York,Office Supplies,60+,Medium (50-500),2,549.06,137.41,274.53,2
2017-09,New York,Technology,25-34,Medium (50-500),1,91.96,39.54,91.96,1
2017-09,New York,Technology,35-44,High (500-1500),2,2370.66,522.27,1185.33,2
2017-09,New York,Technology,35-44,Medium (50-500),7,1054.2,302.06,150.6,2
2017-09,New York,Technology,60+,High (500-1500),1,1079.85,323.96,1079.85,1
2017-09,North Carolina,Office Supplies,18-24,Low (<50),1,15.92,2.79,15.92,1
2017-09,North Carolina,Office Supplies,45-59,High (500-1500),1,942.78,94.28,942.78,1
2017-09,North Carolina,Office Supplies,45-59,Medium (50-500),1,74.35,23.24,74.35,1
2017-09,Ohio,Furniture,18-24,Low (<50),1,21.25,7.44,21.25,1
2017-09,Ohio,Furniture,18-24,Medium (50-500),2,407.91,-204.79,203.95,1
2017-09,Ohio,Furniture,25-34,Medium (50-500),1,103.06,24.48,103.06,1
2017-09,Ohio,Furniture,35-44,Low (<50),1,15.07,4.14,15.07,1
2017-09,Ohio,Furniture,35-44,Medium (50-500),1,66.11,-9.09,66.11,1
2017-09,Ohio,Office Supplies,18-24,Low (<50),2,24.0,8.08,12.0,1
2017-09,Ohio,Office Supplies,18-24,Medium (50-500),1,85.06,28.71,85.06,1
2017-09,Ohio,Office Supplies,35-44,Low (<50),1,25.92,3.89,25.92,1
2017-09,Ohio,Office Supplies,60+,Low (<50),9,113.59,-12.15,12.62,4
2017-09,Ohio,Office Supplies,60+,Medium (50-500),1,51.17,-6.4,51.17,1
2017-09,Ohio,Technology,18-24,Medium (50-500),1,239.98,65.99,239.98,1
2017-09,Ohio,Technology,35-44,Low (<50),1,37.06,8.8,37.06,1
2017-09,Ohio,Technology,35-44,Medium (50-500),1,259.9,-56.31,259.9,1
2017-09,Ohio,Technology,45-59,Low (<50),1,9.1,1.71,9.1,1
2017-09,Ohio,Technology,60+,High (500-1500),2,2065.64,-63.05,1032.82,2
2017-09,Ohio,Technology,60+,Medium (50-500),2,236.79,69.58,118.4,2
2017-09,Oklahoma,Technology,45-59,Medium (50-500),1,291.96,102.19,291.96,1
2017-09,Oregon,Furniture,60+,Medium (50-500),2,481.8,-66.86,240.9,1
2017-09,Oregon,Office Supplies,18-24,Medium (50-500),1,88.07,-58.72,88.07,1
2017-09,Oregon,Office Supplies,25-34,Low (<50),2,42.28,12.11,21.14,1
2017-09,Oregon,Office Supplies,35-44,Low (<50),1,2.22,0.56,2.22,1
2017-09,Oregon,Office Supplies,45-59,Low (<50),1,37.68,2.36,37.68,1
2017-09,Oregon,Office Supplies,60+,Low (<50),1,23.83,6.55,23.83,1
2017-09,Oregon,Technology,45-59,Medium (50-500),1,279.94,80.48,279.94,1
2017-09,Oregon,Technology,60+,Medium (50-500),1,191.98,19.2,191.98,1
2017-09,Pennsylvania,Furniture,25-34,Low (<50),1,22.51,2.25,22.51,1
2017-09,Pennsylvania,Furniture,35-44,Medium (50-500),2,241.31,-24.36,120.65,1
2017-09,Pennsylvania,Furniture,60+,Low (<50),1,17.02,1.7,17.02,1
2017-09,Pennsylvania,Furniture,60+,Medium (50-500),1,141.37,-48.47,141.37,1
2017-09,Pennsylvania,Office Supplies,18-24,Low (<50),1,8.6,-6.3,8.6,1
2017-09,Pennsylvania,Office Supplies,18-24,Medium (50-500),1,190.9,-42.95,190.9,1
2017-09,Pennsylvania,Office Supplies,25-34,High (500-1500),1,538.19,-412.62,538.19,1
2017-09,Pennsylvania,Office Supplies,25-34,Low (<50),1,3.44,-2.76,3.44,1
2017-09,Pennsylvania,Office Supplies,35-44,Low (<50),2,22.19,-14.8,11.1,1
2017-09,Pennsylvania,Office Supplies,45-59,Low (<50),9,116.19,24.93,12.91,7
2017-09,Pennsylvania,Office Supplies,45-59,Very High (1500+),1,4663.74,-1049.34,4663.74,1
2017-09,Pennsylvania,Office Supplies,60+,Low (<50),5,34.85,1.38,6.97,3
2017-09,Pennsylvania,Technology,25-34,Low (<50),1,47.98,14.4,47.98,1
2017-09,Pennsylvania,Technology,25-34,Medium (50-500),1,71.98,19.79,71.98,1
2017-09,Pennsylvania,Technology,35-44,Low (<50),1,12.58,-18.04,12.58,1
2017-09,Pennsylvania,Technology,35-44,Medium (50-500),1,241.17,-168.82,241.17,1
2017-09,Pennsylvania,Technology,45-59,Low (<50),1,19.04,-1.43,19.04,1
2017-09,Pennsylvania,Technology,45-59,Medium (50-500),1,79.98,23.0,79.98,1
2017-09,Pennsylvania,Technology,60+,Medium (50-500),3,613.1,46.04,204.37,2
2017-09,Pennsylvania,Technology,60+,Very High (1500+),1,1931.96,-386.39,1931.96,1
2017-09,Rhode Island,Office Supplies,18-24,Low (<50),2,56.86,26.56,28.43,1
2017-09,Rhode Island,Office Supplies,60+,Low (<50),2,91.14,44.66,45.57,1
2017-09,South Carolina,Office Supplies,25-34,High (500-1500),1,628.81,12.58,628.81,1
2017-09,South Carolina,Office Supplies,25-34,Medium (50-500),1,56.45,14.68,56.45,1
2017-09,Tennessee,Furniture,45-59,Low (<50),1,14.14,4.24,14.14,1
2017-09,Tennessee,Office Supplies,18-24,Medium (50-500),1,243.92,-54.88,243.92,1
2017-09,Tennessee,Office Supplies,25-34,Medium (50-500),1,163.96,59.44,163.96,1
2017-09,Tennessee,Office Supplies,35-44,Medium (50-500),1,81.57,7.14,81.57,1
2017-09,Tennessee,Office Supplies,45-59,Low (<50),1,8.83,-1.99,8.83,1
2017-09,Tennessee,Office Supplies,45-59,Medium (50-500),2,436.02,58.91,218.01,1
2017-09,Tennessee,Office Supplies,60+,Low (<50),1,15.55,5.44,15.55,1
2017-09,Tennessee,Office Supplies,60+,Medium (50-500),1,71.96,7.2,71.96,1
2017-09,Tennessee,Technology,60+,Medium (50-500),1,89.57,-1.12,89.57,1
2017-09,Texas,Furniture,25-34,Low (<50),1,21.18,-11.65,21.18,1
2017-09,Texas,Furniture,25-34,Medium (50-500),2,321.83,-145.33,160.92,2
2017-09,Texas,Furniture,45-59,Medium (50-500),1,318.43,-77.33,318.43,1
2017-09,Texas,Furniture,60+,High (500-1500),1,512.19,-65.85,512.19,1
2017-09,Texas,Office Supplies,18-24,Low (<50),2,35.94,12.03,17.97,1
2017-09,Texas,Office Supplies,25-34,Low (<50),8,182.98,-27.48,22.87,4
2017-09,Texas,Office Supplies,35-44,Low (<50),1,11.65,-17.47,11.65,1
2017-09,Texas,Office Supplies,45-59,Low (<50),6,99.04,0.38,16.51,4
2017-09,Texas,Office Supplies,45-59,Medium (50-500),1,114.85,35.89,114.85,1
2017-09,Texas,Office Supplies,60+,Low (<50),7,108.43,1.09,15.49,5
2017-09,Texas,Technology,18-24,Medium (50-500),1,336.51,44.87,336.51,1
2017-09,Texas,Technology,25-34,Medium (50-500),1,319.98,107.99,319.98,1
2017-09,Texas,Technology,45-59,High (500-1500),1,1415.76,88.48,1415.76,1
2017-09,Texas,Technology,45-59,Medium (50-500),1,55.99,5.6,55.99,1
2017-09,Texas,Technology,60+,Medium (50-500),1,85.2,20.24,85.2,1
2017-09,Utah,Furniture,18-24,High (500-1500),1,1292.94,77.58,1292.94,1
2017-09,Utah,Furniture,25-34,Low (<50),1,25.16,10.57,25.16,1
2017-09,Utah,Office Supplies,18-24,Low (<50),4,62.54,23.78,15.64,1
2017-09,Utah,Office Supplies,18-24,Medium (50-500),2,426.62,146.23,213.31,1
2017-09,Utah,Office Supplies,35-44,Medium (50-500),1,295.06,106.96,295.06,1
2017-09,Utah,Technology,25-34,Medium (50-500),1,126.56,47.46,126.56,1
2017-09,Virginia,Office Supplies,25-34,Medium (50-500),1,177.55,47.94,177.55,1
2017-09,Virginia,Office Supplies,45-59,Medium (50-500),1,67.9,20.37,67.9,1
2017-09,Washington,Furniture,25-34,Medium (50-500),1,215.98,-2.7,215.98,1
2017-09,Washington,Furniture,45-59,Medium (50-500),1,80.96,34.81,80.96,1
2017-09,Washington,Furniture,60+,Medium (50-500),3,660.93,126.18,220.31,3
2017-09,Washington,Office Supplies,25-34,Low (<50),3,23.23,9.73,7.74,2
2017-09,Washington,Office Supplies,25-34,Medium (50-500),1,167.94,82.29,167.94,1
2017-09,Washington,Office Supplies,35-44,Low (<50),1,22.92,8.02,22.92,1
2017-09,Washington,Office Supplies,45-59,Low (<50),5,80.04,25.16,16.01,4
2017-09,Washington,Office Supplies,45-59,Medium (50-500),1,119.96,33.59,119.96,1
2017-09,Washington,Office Supplies,60+,High (500-1500),1,1471.96,459.99,1471.96,1
2017-09,Washington,Office Supplies,60+,Low (<50),2,31.86,14.55,15.93,2
2017-09,Washington,Office Supplies,60+,Medium (50-500),2,385.88,138.03,192.94,2
2017-09,Washington,Technology,35-44,Low (<50),1,19.99,6.8,19.99,1
2017-09,Washington,Technology,45-59,Medium (50-500),1,455.71,34.18,455.71,1
2017-09,Washington,Technology,60+,Medium (50-500),3,231.92,23.52,77.31,2
2017-09,Wisconsin,Office Supplies,25-34,Low (<50),2,55.76,25.75,27.88,2
2017-09,Wisconsin,Office Supplies,25-34,Medium (50-500),1,219.84,107.72,219.84,1
2017-09,Wisconsin,Technology,25-34,Medium (50-500),2,185.13,35.04,92.56,1
2017-09,Wisconsin,Technology,35-44,Low (<50),1,13.48,1.89,13.48,1
2017-10,Alabama,Furniture,35-44,Low (<50),1,10.16,3.45,10.16,1
2017-10,Arizona,Office Supplies,18-24,Low (<50),2,17.9,-4.69,8.95,2
2017-10,Arizona,Office Supplies,60+,Low (<50),1,44.78,16.23,44.78,1
2017-10,Arizona,Office Supplies,60+,Medium (50-500),1,307.78,111.57,307.78,1
2017-10,Arizona,Technology,60+,High (500-1500),1,599.98,-479.99,599.98,1
2017-10,Arkansas,Office Supplies,60+,Low (<50),2,53.32,22.92,26.66,1
2017-10,Arkansas,Office Supplies,60+,Medium (50-500),1,145.85,70.01,145.85,1
2017-10,California,Furniture,18-24,Medium (50-500),4,885.71,-34.13,221.43,2
2017-10,California,Furniture,25-34,Low (<50),1,17.46,5.94,17.46,1
2017-10,California,Furniture,25-34,Medium (50-500),1,71.99,-0.9,71.99,1
2017-10,California,Furniture,45-59,High (500-1500),1,556.66,6.55,556.66,1
2017-10,California,Furniture,45-59,Low (<50),4,87.11,20.04,21.78,3
2017-10,California,Furniture,60+,High (500-1500),1,510.24,6.38,510.24,1
2017-10,California,Furniture,60+,Medium (50-500),3,605.85,4.5,201.95,3
2017-10,California,Office Supplies,18-24,Low (<50),3,45.43,18.18,15.14,2
2017-10,California,Office Supplies,25-34,Low (<50),4,106.38,47.44,26.6,2
2017-10,California,Office Supplies,25-34,Medium (50-500),1,101.84,36.92,101.84,1
2017-10,California,Office Supplies,25-34,Very High (1500+),1,1702.12,510.64,1702.12,1
2017-10,California,Office Supplies,35-44,Low (<50),1,10.64,2.77,10.64,1
2017-10,California,Office Supplies,35-44,Very High (1500+),1,5083.96,1906.48,5083.96,1
2017-10,California,Office Supplies,45-59,Low (<50),4,87.02,21.42,21.76,3
2017-10,California,Office Supplies,45-59,Medium (50-500),3,352.69,138.64,117.56,3
2017-10,California,Office Supplies,45-59,Very High (1500+),1,1575.14,204.77,1575.14,1
2017-10,California,Office Supplies,60+,Low (<50),6,125.6,44.46,20.93,4
2017-10,California,Office Supplies,60+,Medium (50-500),4,570.65,209.65,142.66,3
2017-10,California,Technology,18-24,Low (<50),1,7.99,2.7,7.99,1
2017-10,California,Technology,25-34,Low (<50),1,0.99,0.44,0.99,1
2017-10,California,Technology,25-34,Medium (50-500),3,570.43,53.62,190.14,3
2017-10,California,Technology,35-44,Low (<50),1,31.98,-8.0,31.98,1
2017-10,California,Technology,35-44,Medium (50-500),2,314.69,61.89,157.34,2
2017-10,California,Technology,45-59,Low (<50),1,36.0,6.48,36.0,1
2017-10,California,Technology,45-59,Medium (50-500),4,874.83,292.28,218.71,3
2017-10,California,Technology,60+,High (500-1500),1,1115.91,200.86,1115.91,1
2017-10,California,Technology,60+,Low (<50),1,46.36,15.3,46.36,1
2017-10,California,Technology,60+,Medium (50-500),3,280.62,5.2,93.54,2
2017-10,Colorado,Furniture,35-44,High (500-1500),1,579.14,-28.96,579.14,1
2017-10,Colorado,Office Supplies,35-44,Low (<50),1,3.17,-2.53,3.17,1
2017-10,Colorado,Technology,60+,Medium (50-500),1,63.82,13.56,63.82,1
2017-10,Connecticut,Office Supplies,18-24,Low (<50),1,13.05,6.0,13.05,1
2017-10,Florida,Furniture,60+,High (500-1500),1,683.95,42.75,683.95,1
2017-10,Florida,Furniture,60+,Low (<50),2,89.63,11.18,44.82,2
2017-10,Florida,Office Supplies,25-34,Low (<50),1,17.86,2.01,17.86,1
2017-10,Florida,Office Supplies,35-44,Low (<50),2,12.18,-3.35,6.09,1
2017-10,Florida,Office Supplies,35-44,Medium (50-500),1,56.78,20.58,56.78,1
2017-10,Florida,Office Supplies,60+,Low (<50),5,49.36,9.4,9.87,2
2017-10,Florida,Technology,60+,High (500-1500),1,863.88,107.98,863.88,1
2017-10,Idaho,Furniture,60+,Low (<50),1,41.96,2.94,41.96,1
2017-10,Idaho,Office Supplies,60+,Low (<50),1,37.94,18.21,37.94,1
2017-10,Idaho,Office Supplies,60+,Medium (50-500),1,227.84,66.07,227.84,1
2017-10,Illinois,Furniture,35-44,Medium (50-500),1,254.6,-18.19,254.6,1
2017-10,Illinois,Furniture,45-59,High (500-1500),1,652.45,-430.62,652.45,1
2017-10,Illinois,Furniture,45-59,Low (<50),1,10.48,-6.81,10.48,1
2017-10,Illinois,Furniture,45-59,Medium (50-500),1,66.64,-42.65,66.64,1
2017-10,Illinois,Furniture,60+,Medium (50-500),2,330.63,-115.42,165.32,2
2017-10,Illinois,Office Supplies,45-59,Low (<50),2,31.05,-60.17,15.52,2
2017-10,Illinois,Office Supplies,45-59,Medium (50-500),2,160.1,-124.6,80.05,1
2017-10,Illinois,Office Supplies,60+,Low (<50),4,69.92,-61.59,17.48,3
2017-10,Illinois,Office Supplies,60+,Medium (50-500),1,290.34,32.66,290.34,1
2017-10,Illinois,Technology,45-59,Low (<50),1,27.18,2.04,27.18,1
2017-10,Illinois,Technology,60+,High (500-1500),1,508.77,38.16,508.77,1
2017-10,Indiana,Office Supplies,45-59,High (500-1500),1,909.12,9.09,909.12,1
2017-10,Kentucky,Furniture,45-59,Low (<50),1,33.94,9.16,33.94,1
2017-10,Kentucky,Office Supplies,18-24,Medium (50-500),2,473.31,161.95,236.66,2
2017-10,Kentucky,Office Supplies,45-59,Low (<50),2,65.06,24.92,32.53,1
2017-10,Kentucky,Office Supplies,45-59,Medium (50-500),1,105.98,4.24,105.98,1
2017-10,Louisiana,Furniture,45-59,Very High (1500+),1,1504.52,346.04,1504.52,1
2017-10,Louisiana,Office Supplies,45-59,Low (<50),2,36.99,17.64,18.5,1
2017-10,Maryland,Furniture,45-59,Low (<50),1,19.98,8.59,19.98,1
2017-10,Maryland,Office Supplies,18-24,Low (<50),1,37.66,18.45,37.66,1
2017-10,Massachusetts,Furniture,35-44,Medium (50-500),1,56.56,14.71,56.56,1
2017-10,Massachusetts,Office Supplies,35-44,Low (<50),1,32.7,8.5,32.7,1
2017-10,Massachusetts,Office Supplies,60+,Low (<50),1,21.93,10.31,21.93,1
2017-10,Michigan,Furniture,25-34,Medium (50-500),1,157.74,56.79,157.74,1
2017-10,Michigan,Office Supplies,25-34,Low (<50),1,2.88,1.41,2.88,1
2017-10,Michigan,Office Supplies,25-34,Medium (50-500),2,115.03,49.5,57.52,1
2017-10,Michigan,Office Supplies,60+,Medium (50-500),1,85.52,22.24,85.52,1
2017-10,Minnesota,Office Supplies,45-59,Very High (1500+),1,1793.98,843.17,1793.98,1
2017-10,Minnesota,Office Supplies,60+,Low (<50),1,6.16,2.96,6.16,1
2017-10,Minnesota,Technology,60+,Low (<50),1,19.99,6.8,19.99,1
2017-10,Mississippi,Office Supplies,18-24,Low (<50),1,11.68,5.26,11.68,1
2017-10,Nebraska,Office Supplies,60+,Medium (50-500),1,104.85,50.33,104.85,1
2017-10,New Jersey,Furniture,45-59,Low (<50),1,40.48,17.41,40.48,1
2017-10,New Jersey,Furniture,45-59,Very High (1500+),1,2154.9,129.29,2154.9,1
2017-10,New Jersey,Office Supplies,25-34,Low (<50),1,6.48,3.11,6.48,1
2017-10,New Jersey,Office Supplies,25-34,Medium (50-500),1,143.7,68.98,143.7,1
2017-10,New Jersey,Office Supplies,45-59,Low (<50),1,17.9,8.77,17.9,1
2017-10,New Jersey,Technology,45-59,Low (<50),1,45.0,4.95,45.0,1
2017-10,New Mexico,Office Supplies,60+,Medium (50-500),1,79.87,29.95,79.87,1
2017-10,New Mexico,Technology,60+,High (500-1500),1,595.0,95.2,595.0,1
2017-10,New York,Furniture,18-24,Medium (50-500),1,145.76,3.24,145.76,1
2017-10,New York,Furniture,25-34,Medium (50-500),1,83.92,21.82,83.92,1
2017-10,New York,Furniture,45-59,Medium (50-500),2,383.43,13.3,191.72,2
2017-10,New York,Furniture,60+,High (500-1500),1,547.3,175.14,547.3,1
2017-10,New York,Furniture,60+,Medium (50-500),1,221.38,2.46,221.38,1
2017-10,New York,Office Supplies,18-24,High (500-1500),1,904.9,253.37,904.9,1
2017-10,New York,Office Supplies,25-34,Low (<50),3,64.66,30.87,21.55,3
2017-10,New York,Office Supplies,25-34,Medium (50-500),2,408.81,39.1,204.4,2
2017-10,New York,Office Supplies,45-59,Low (<50),8,182.09,77.39,22.76,5
2017-10,New York,Office Supplies,45-59,Medium (50-500),1,75.79,25.58,75.79,1
2017-10,New York,Office Supplies,60+,Low (<50),3,107.06,51.76,35.69,3
2017-10,New York,Technology,18-24,Very High (1500+),1,1704.89,767.2,1704.89,1
2017-10,New York,Technology,25-34,Medium (50-500),4,810.91,199.83,202.73,4
2017-10,New York,Technology,25-34,Very High (1500+),2,13599.57,4567.88,6799.78,1
2017-10,New York,Technology,45-59,Low (<50),1,35.88,10.05,35.88,1
2017-10,New York,Technology,45-59,Medium (50-500),1,160.93,3.22,160.93,1
2017-10,New York,Technology,60+,Medium (50-500),1,87.8,43.9,87.8,1
2017-10,New York,Technology,60+,Very High (1500+),1,5199.96,1351.99,5199.96,1
2017-10,North Carolina,Furniture,60+,Medium (50-500),2,232.72,-20.52,116.36,2
2017-10,North Carolina,Office Supplies,35-44,Low (<50),2,25.17,8.0,12.58,2
2017-10,North Carolina,Office Supplies,45-59,Very High (1500+),1,1633.19,-1306.55,1633.19,1
2017-10,North Carolina,Office Supplies,60+,High (500-1500),1,580.67,65.33,580.67,1
2017-10,North Carolina,Office Supplies,60+,Low (<50),3,74.86,24.79,24.95,3
2017-10,North Carolina,Office Supplies,60+,Medium (50-500),2,197.64,-63.07,98.82,2
2017-10,North Carolina,Technology,35-44,Low (<50),1,15.98,1.4,15.98,1
2017-10,North Carolina,Technology,60+,Medium (50-500),1,222.38,16.68,222.38,1
2017-10,Ohio,Furniture,45-59,Low (<50),1,45.89,9.18,45.89,1
2017-10,Ohio,Furniture,60+,Medium (50-500),1,284.36,-75.83,284.36,1
2017-10,Ohio,Office Supplies,18-24,Low (<50),2,10.28,-3.6,5.14,1
2017-10,Ohio,Office Supplies,18-24,Medium (50-500),1,161.57,16.16,161.57,1
2017-10,Ohio,Office Supplies,60+,High (500-1500),1,665.41,66.54,665.41,1
2017-10,Oklahoma,Furniture,25-34,Medium (50-500),1,248.98,54.78,248.98,1
2017-10,Oklahoma,Furniture,35-44,Medium (50-500),1,262.11,62.91,262.11,1
2017-10,Oklahoma,Office Supplies,25-34,Medium (50-500),1,333.09,23.32,333.09,1
2017-10,Oklahoma,Office Supplies,45-59,Low (<50),1,36.44,12.03,36.44,1
2017-10,Oklahoma,Technology,35-44,High (500-1500),1,1439.92,374.38,1439.92,1
2017-10,Oregon,Furniture,25-34,Medium (50-500),1,478.48,47.85,478.48,1
2017-10,Oregon,Furniture,35-44,Medium (50-500),2,394.99,-505.23,197.49,2
2017-10,Oregon,Office Supplies,25-34,Low (<50),1,5.18,1.81,5.18,1
2017-10,Oregon,Office Supplies,35-44,Low (<50),2,61.71,-12.21,30.86,1
2017-10,Oregon,Office Supplies,35-44,Medium (50-500),1,95.14,10.7,95.14,1
2017-10,Oregon,Technology,25-34,Low (<50),1,28.4,6.74,28.4,1
2017-10,Pennsylvania,Furniture,45-59,Low (<50),1,7.17,0.99,7.17,1
2017-10,Pennsylvania,Office Supplies,25-34,Low (<50),1,31.68,11.09,31.68,1
2017-10,Pennsylvania,Office Supplies,25-34,Medium (50-500),2,152.81,-69.61,76.41,2
2017-10,Pennsylvania,Office Supplies,35-44,Low (<50),6,126.39,3.32,21.06,3
2017-10,Pennsylvania,Office Supplies,35-44,Medium (50-500),2,182.97,15.22,91.48,2
2017-10,Pennsylvania,Office Supplies,45-59,Low (<50),3,77.43,20.68,25.81,2
2017-10,Pennsylvania,Technology,25-34,Low (<50),1,32.7,-6.54,32.7,1
2017-10,Pennsylvania,Technology,25-34,Medium (50-500),2,391.53,-90.33,195.76,2
2017-10,Pennsylvania,Technology,35-44,Medium (50-500),2,428.23,-36.98,214.11,2
2017-10,Pennsylvania,Technology,45-59,Medium (50-500),1,442.4,-55.3,442.4,1
2017-10,Rhode Island,Furniture,18-24,High (500-1500),1,637.9,-127.58,637.9,1
2017-10,Rhode Island,Furniture,18-24,Low (<50),1,35.0,14.7,35.0,1
2017-10,Rhode Island,Furniture,18-24,Medium (50-500),2,451.42,36.81,225.71,1
2017-10,Rhode Island,Office Supplies,18-24,Low (<50),2,45.66,21.95,22.83,1
2017-10,Rhode Island,Office Supplies,25-34,Low (<50),1,42.76,11.12,42.76,1
2017-10,Rhode Island,Office Supplies,45-59,Low (<50),2,62.92,15.71,31.46,1
2017-10,Tennessee,Furniture,60+,Low (<50),3,41.22,8.83,13.74,1
2017-10,Tennessee,Furniture,60+,Very High (1500+),2,4189.37,-1971.67,2094.69,2
2017-10,Tennessee,Office Supplies,60+,Low (<50),3,82.33,-40.88,27.44,1
2017-10,Tennessee,Technology,60+,Low (<50),1,18.53,4.4,18.53,1
2017-10,Texas,Furniture,45-59,Low (<50),1,16.19,-8.5,16.19,1
2017-10,Texas,Furniture,45-59,Medium (50-500),1,251.01,-68.13,251.01,1
2017-10,Texas,Furniture,60+,High (500-1500),1,517.4,-81.31,517.4,1
2017-10,Texas,Furniture,60+,Medium (50-500),2,582.46,-124.42,291.23,2
2017-10,Texas,Office Supplies,18-24,Low (<50),2,11.92,1.09,5.96,2
2017-10,Texas,Office Supplies,25-34,Low (<50),5,71.06,-105.05,14.21,3
2017-10,Texas,Office Supplies,25-34,Medium (50-500),1,259.14,-58.31,259.14,1
2017-10,Texas,Office Supplies,35-44,Low (<50),2,19.79,-0.92,9.9,2
2017-10,Texas,Office Supplies,45-59,Low (<50),2,50.11,12.27,25.06,2
2017-10,Texas,Office Supplies,45-59,Medium (50-500),2,109.81,9.63,54.9,2
2017-10,Texas,Office Supplies,60+,Low (<50),5,40.2,-0.68,8.04,3
2017-10,Texas,Office Supplies,60+,Medium (50-500),1,67.14,5.88,67.14,1
2017-10,Texas,Technology,25-34,High (500-1500),1,791.88,128.68,791.88,1
2017-10,Texas,Technology,25-34,Medium (50-500),2,424.74,25.65,212.37,2
2017-10,Texas,Technology,35-44,Low (<50),2,50.18,-5.97,25.09,1
2017-10,Texas,Technology,45-59,Low (<50),2,56.66,3.71,28.33,2
2017-10,Texas,Technology,60+,High (500-1500),1,823.96,51.5,823.96,1
2017-10,Utah,Office Supplies,60+,Low (<50),1,11.68,4.2,11.68,1
2017-10,Virginia,Furniture,45-59,Medium (50-500),1,356.85,60.66,356.85,1
2017-10,Virginia,Office Supplies,45-59,Medium (50-500),1,251.58,113.21,251.58,1
2017-10,Washington,Furniture,25-34,Medium (50-500),1,451.15,0.0,451.15,1
2017-10,Washington,Furniture,35-44,Low (<50),1,9.64,3.66,9.64,1
2017-10,Washington,Furniture,60+,High (500-1500),1,614.27,-23.04,614.27,1
2017-10,Washington,Furniture,60+,Medium (50-500),2,297.55,31.9,148.77,1
2017-10,Washington,Office Supplies,25-34,Low (<50),1,19.44,9.33,19.44,1
2017-10,Washington,Office Supplies,25-34,Medium (50-500),2,172.93,72.37,86.46,1
2017-10,Washington,Office Supplies,45-59,Low (<50),1,8.94,4.11,8.94,1
2017-10,Washington,Office Supplies,60+,Low (<50),1,13.9,5.21,13.9,1
2017-10,Washington,Office Supplies,60+,Medium (50-500),1,88.75,27.74,88.75,1
2017-10,Washington,Technology,45-59,Medium (50-500),1,84.78,-20.14,84.78,1
2017-10,West Virginia,Furniture,60+,High (500-1500),1,673.34,-76.95,673.34,1
2017-10,Wisconsin,Office Supplies,35-44,Low (<50),2,60.72,29.92,30.36,1
2017-11,Alabama,Technology,45-59,Medium (50-500),1,239.92,23.99,239.92,1
2017-11,Arizona,Furniture,60+,High (500-1500),1,899.14,-146.11,899.14,1
2017-11,Arizona,Furniture,60+,Medium (50-500),2,227.46,4.29,113.73,1
2017-11,Arizona,Office Supplies,25-34,Low (<50),1,20.72,-15.2,20.72,1
2017-11,Arizona,Office Supplies,25-34,Medium (50-500),1,415.87,-41.59,415.87,1
2017-11,Arizona,Office Supplies,45-59,Low (<50),1,2.39,-1.83,2.39,1
2017-11,Arizona,Office Supplies,45-59,Medium (50-500),1,243.99,30.5,243.99,1
2017-11,Arizona,Office Supplies,60+,Low (<50),2,61.51,-17.21,30.75,2
2017-11,Arizona,Technology,60+,High (500-1500),1,671.98,50.4,671.98,1
2017-11,Arizona,Technology,60+,Low (<50),2,49.52,13.69,24.76,1
2017-11,Arizona,Technology,60+,Medium (50-500),4,599.88,-95.78,149.97,2
2017-11,Arkansas,Office Supplies,60+,Low (<50),1,4.3,1.42,4.3,1
2017-11,California,Furniture,18-24,Low (<50),2,60.75,21.43,30.38,2
2017-11,California,Furniture,18-24,Medium (50-500),1,321.57,28.14,321.57,1
2017-11,California,Furniture,25-34,High (500-1500),1,523.39,52.34,523.39,1
2017-11,California,Furniture,25-34,Low (<50),1,17.31,5.19,17.31,1
2017-11,California,Furniture,25-34,Medium (50-500),1,241.42,-36.21,241.42,1
2017-11,California,Furniture,35-44,Low (<50),1,25.02,10.51,25.02,1
2017-11,California,Furniture,35-44,Medium (50-500),3,651.14,4.63,217.05,2
2017-11,California,Furniture,45-59,Low (<50),3,49.96,17.61,16.65,3
2017-11,California,Furniture,45-59,Medium (50-500),1,119.94,23.99,119.94,1
2017-11,California,Furniture,45-59,Very High (1500+),1,1673.18,20.91,1673.18,1
2017-11,California,Furniture,60+,Low (<50),3,98.45,40.32,32.82,3
2017-11,California,Furniture,60+,Medium (50-500),3,1129.79,-39.27,376.6,3
2017-11,California,Office Supplies,18-24,Low (<50),5,132.52,62.54,26.5,3
2017-11,California,Office Supplies,18-24,Medium (50-500),3,367.14,172.56,122.38,3
2017-11,California,Office Supplies,25-34,Low (<50),4,37.22,12.11,9.3,2
2017-11,California,Office Supplies,25-34,Medium (50-500),1,56.56,15.27,56.56,1
2017-11,California,Office Supplies,35-44,High (500-1500),1,590.35,206.62,590.35,1
2017-11,California,Office Supplies,35-44,Low (<50),5,77.44,27.09,15.49,3
2017-11,California,Office Supplies,35-44,Medium (50-500),4,760.79,107.8,190.2,3
2017-11,California,Office Supplies,45-59,High (500-1500),1,811.28,24.34,811.28,1
2017-11,California,Office Supplies,45-59,Low (<50),7,146.86,38.32,20.98,6
2017-11,California,Office Supplies,45-59,Medium (50-500),3,544.1,156.89,181.37,3
2017-11,California,Office Supplies,60+,Low (<50),8,166.78,64.5,20.85,7
2017-11,California,Office Supplies,60+,Medium (50-500),1,84.06,27.32,84.06,1
2017-11,California,Technology,18-24,Low (<50),2,48.92,3.41,24.46,2
2017-11,California,Technology,18-24,Medium (50-500),1,166.16,59.82,166.16,1
2017-11,California,Technology,25-34,High (500-1500),2,1421.52,116.13,710.76,2
2017-11,California,Technology,25-34,Medium (50-500),2,142.92,42.83,71.46,2
2017-11,California,Technology,35-44,Medium (50-500),2,157.56,49.75,78.78,2
2017-11,California,Technology,45-59,Medium (50-500),3,751.34,276.62,250.45,3
2017-11,California,Technology,60+,Low (<50),2,61.96,4.87,30.98,2
2017-11,California,Technology,60+,Medium (50-500),1,223.58,87.2,223.58,1
2017-11,California,Technology,60+,Very High (1500+),1,1919.98,216.0,1919.98,1
2017-11,Colorado,Office Supplies,45-59,Medium (50-500),1,88.77,31.07,88.77,1
2017-11,Delaware,Office Supplies,35-44,Medium (50-500),1,100.94,33.31,100.94,1
2017-11,Delaware,Office Supplies,45-59,Medium (50-500),1,155.94,45.22,155.94,1
2017-11,Delaware,Technology,45-59,Very High (1500+),1,10499.97,5039.99,10499.97,1
2017-11,Florida,Furniture,25-34,Medium (50-500),2,559.2,55.02,279.6,1
2017-11,Florida,Furniture,45-59,High (500-1500),1,723.92,-81.44,723.92,1
2017-11,Florida,Office Supplies,25-34,High (500-1500),1,1158.12,130.29,1158.12,1
2017-11,Florida,Office Supplies,35-44,Low (<50),2,38.24,1.67,19.12,2
2017-11,Florida,Office Supplies,45-59,Low (<50),2,47.33,14.87,23.66,1
2017-11,Florida,Office Supplies,60+,Low (<50),6,99.28,6.49,16.55,3
2017-11,Florida,Office Supplies,60+,Medium (50-500),3,526.4,33.51,175.47,2
2017-11,Florida,Technology,18-24,Medium (50-500),2,691.14,69.59,345.57,1
2017-11,Florida,Technology,45-59,Medium (50-500),1,71.98,9.0,71.98,1
2017-11,Florida,Technology,60+,High (500-1500),1,959.98,311.99,959.98,1
2017-11,Florida,Technology,60+,Medium (50-500),1,361.38,27.1,361.38,1
2017-11,Georgia,Office Supplies,18-24,Low (<50),1,12.84,3.72,12.84,1
2017-11,Georgia,Office Supplies,45-59,Low (<50),1,12.39,5.7,12.39,1
2017-11,Georgia,Office Supplies,60+,Low (<50),1,48.87,23.95,48.87,1
2017-11,Georgia,Technology,35-44,Medium (50-500),2,286.09,84.44,143.04,1
2017-11,Illinois,Furniture,25-34,Medium (50-500),1,219.08,-131.44,219.08,1
2017-11,Illinois,Furniture,45-59,Medium (50-500),1,127.39,-25.48,127.39,1
2017-11,Illinois,Furniture,60+,Low (<50),1,6.46,-4.04,6.46,1
2017-11,Illinois,Office Supplies,18-24,Medium (50-500),1,54.34,5.43,54.34,1
2017-11,Illinois,Office Supplies,35-44,Low (<50),2,49.6,-79.36,24.8,2
2017-11,Illinois,Office Supplies,45-59,Low (<50),1,10.69,3.74,10.69,1
2017-11,Illinois,Office Supplies,45-59,Medium (50-500),2,285.96,-28.11,142.98,2
2017-11,Illinois,Office Supplies,60+,Low (<50),1,11.52,4.18,11.52,1
2017-11,Illinois,Technology,60+,Medium (50-500),2,462.34,100.66,231.17,2
2017-11,Indiana,Furniture,60+,High (500-1500),1,828.6,240.29,828.6,1
2017-11,Indiana,Furniture,60+,Low (<50),1,27.46,9.89,27.46,1
2017-11,Indiana,Furniture,60+,Medium (50-500),1,257.94,67.06,257.94,1
2017-11,Indiana,Office Supplies,60+,Low (<50),1,4.41,2.03,4.41,1
2017-11,Indiana,Office Supplies,60+,Medium (50-500),4,891.96,410.36,222.99,2
2017-11,Indiana,Technology,60+,Medium (50-500),1,89.98,43.19,89.98,1
2017-11,Indiana,Technology,60+,Very High (1500+),1,1879.96,545.19,1879.96,1
2017-11,Iowa,Office Supplies,35-44,Low (<50),1,45.92,21.58,45.92,1
2017-11,Kansas,Office Supplies,25-34,Low (<50),2,46.02,18.29,23.01,1
2017-11,Kansas,Office Supplies,35-44,Low (<50),1,33.29,7.99,33.29,1
2017-11,Kentucky,Furniture,25-34,High (500-1500),1,701.96,168.47,701.96,1
2017-11,Kentucky,Furniture,35-44,Low (<50),1,27.58,11.58,27.58,1
2017-11,Kentucky,Furniture,60+,High (500-1500),2,1797.8,506.46,898.9,2
2017-11,Kentucky,Office Supplies,18-24,High (500-1500),1,1443.96,375.43,1443.96,1
2017-11,Kentucky,Office Supplies,18-24,Low (<50),1,2.88,1.41,2.88,1
2017-11,Kentucky,Office Supplies,35-44,Low (<50),1,26.4,11.88,26.4,1
2017-11,Kentucky,Office Supplies,60+,Low (<50),3,33.06,16.2,11.02,3
2017-11,Kentucky,Office Supplies,60+,Medium (50-500),1,59.92,16.78,59.92,1
2017-11,Kentucky,Technology,60+,Very High (1500+),1,2249.91,517.48,2249.91,1
2017-11,Maryland,Furniture,25-34,Medium (50-500),1,274.2,112.42,274.2,1
2017-11,Maryland,Furniture,35-44,Medium (50-500),1,272.97,43.68,272.97,1
2017-11,Maryland,Furniture,45-59,High (500-1500),1,1049.2,272.79,1049.2,1
2017-11,Maryland,Furniture,45-59,Low (<50),1,20.9,7.52,20.9,1
2017-11,Maryland,Office Supplies,18-24,High (500-1500),1,544.38,157.87,544.38,1
2017-11,Maryland,Office Supplies,18-24,Low (<50),2,53.44,25.02,26.72,2
2017-11,Maryland,Office Supplies,18-24,Very High (1500+),1,1633.14,473.61,1633.14,1
2017-11,Maryland,Office Supplies,45-59,Low (<50),1,1.64,0.74,1.64,1
2017-11,Maryland,Technology,18-24,High (500-1500),1,826.62,355.45,826.62,1
2017-11,Massachusetts,Office Supplies,25-34,Medium (50-500),1,50.94,14.26,50.94,1
2017-11,Massachusetts,Office Supplies,45-59,Low (<50),1,40.99,20.09,40.99,1
2017-11,Massachusetts,Office Supplies,45-59,Medium (50-500),1,189.7,91.06,189.7,1
2017-11,Michigan,Furniture,25-34,Low (<50),1,19.76,8.3,19.76,1
2017-11,Michigan,Furniture,60+,Low (<50),1,28.4,11.08,28.4,1
2017-11,Michigan,Office Supplies,18-24,Medium (50-500),1,181.86,50.92,181.86,1
2017-11,Michigan,Office Supplies,45-59,High (500-1500),1,501.81,0.0,501.81,1
2017-11,Michigan,Office Supplies,45-59,Low (<50),1,4.36,0.17,4.36,1
2017-11,Michigan,Office Supplies,60+,Medium (50-500),1,287.92,138.2,287.92,1
2017-11,Minnesota,Office Supplies,18-24,Low (<50),1,15.28,7.49,15.28,1
2017-11,Minnesota,Office Supplies,25-34,Low (<50),4,63.78,26.47,15.94,2
2017-11,Minnesota,Office Supplies,25-34,Medium (50-500),1,52.4,14.15,52.4,1
2017-11,Minnesota,Office Supplies,60+,Low (<50),1,22.0,9.68,22.0,1
2017-11,Mississippi,Office Supplies,45-59,Medium (50-500),1,173.8,43.45,173.8,1
2017-11,Missouri,Furniture,25-34,Medium (50-500),1,126.3,40.42,126.3,1
2017-11,Missouri,Office Supplies,45-59,Low (<50),1,11.76,5.76,11.76,1
2017-11,Missouri,Office Supplies,45-59,Medium (50-500),1,83.9,20.98,83.9,1
2017-11,Missouri,Technology,25-34,Low (<50),1,38.04,12.17,38.04,1
2017-11,New Jersey,Office Supplies,45-59,Low (<50),1,46.26,12.03,46.26,1
2017-11,New Mexico,Furniture,45-59,Low (<50),1,41.37,17.38,41.37,1
2017-11,New Mexico,Technology,35-44,Medium (50-500),1,159.99,54.4,159.99,1
2017-11,New York,Furniture,25-34,Medium (50-500),1,183.97,-25.3,183.97,1
2017-11,New York,Furniture,35-44,Medium (50-500),1,50.97,9.17,50.97,1
2017-11,New York,Furniture,45-59,High (500-1500),1,1242.9,262.39,1242.9,1
2017-11,New York,Furniture,45-59,Low (<50),1,27.42,11.24,27.42,1
2017-11,New York,Furniture,45-59,Medium (50-500),6,707.83,45.24,117.97,4
2017-11,New York,Furniture,60+,High (500-1500),1,977.29,173.74,977.29,1
2017-11,New York,Furniture,60+,Medium (50-500),3,664.28,91.89,221.43,3
2017-11,New York,Office Supplies,18-24,Low (<50),1,6.99,2.03,6.99,1
2017-11,New York,Office Supplies,18-24,Medium (50-500),2,426.38,186.17,213.19,2
2017-11,New York,Office Supplies,25-34,High (500-1500),1,931.18,314.27,931.18,1
2017-11,New York,Office Supplies,25-34,Low (<50),1,46.76,22.44,46.76,1
2017-11,New York,Office Supplies,25-34,Medium (50-500),2,148.93,55.29,74.46,2
2017-11,New York,Office Supplies,35-44,Low (<50),1,16.74,8.37,16.74,1
2017-11,New York,Office Supplies,35-44,Medium (50-500),2,243.18,98.46,121.59,2
2017-11,New York,Office Supplies,35-44,Very High (1500+),1,2504.74,626.18,2504.74,1
2017-11,New York,Office Supplies,45-59,Low (<50),5,114.5,30.28,22.9,3
2017-11,New York,Office Supplies,45-59,Medium (50-500),9,1017.55,237.59,113.06,6
2017-11,New York,Office Supplies,60+,High (500-1500),1,1247.64,349.34,1247.64,1
2017-11,New York,Office Supplies,60+,Low (<50),7,109.87,46.9,15.7,6
2017-11,New York,Office Supplies,60+,Medium (50-500),1,167.96,78.94,167.96,1
2017-11,New York,Technology,25-34,High (500-1500),1,1259.97,327.59,1259.97,1
2017-11,New York,Technology,25-34,Medium (50-500),1,430.88,124.96,430.88,1
2017-11,New York,Technology,25-34,Very High (1500+),1,1979.89,494.97,1979.89,1
2017-11,New York,Technology,35-44,High (500-1500),1,569.99,171.0,569.99,1
2017-11,New York,Technology,35-44,Low (<50),2,10.85,3.86,5.42,2
2017-11,New York,Technology,35-44,Medium (50-500),1,390.75,171.93,390.75,1
2017-11,New York,Technology,45-59,High (500-1500),2,1526.01,428.4,763.0,2
2017-11,New York,Technology,45-59,Medium (50-500),2,263.94,74.5,131.97,2
2017-11,New York,Technology,60+,High (500-1500),1,629.95,163.79,629.95,1
2017-11,New York,Technology,60+,Low (<50),1,43.6,12.21,43.6,1
2017-11,New York,Technology,60+,Medium (50-500),3,247.33,66.84,82.44,3
2017-11,North Carolina,Furniture,18-24,High (500-1500),1,523.76,-192.05,523.76,1
2017-11,North Carolina,Furniture,35-44,Low (<50),1,28.27,6.36,28.27,1
2017-11,North Carolina,Furniture,45-59,Very High (1500+),1,1781.68,-653.28,1781.68,1
2017-11,North Carolina,Office Supplies,18-24,Low (<50),2,52.7,4.49,26.35,1
2017-11,North Carolina,Office Supplies,18-24,Medium (50-500),1,268.24,93.88,268.24,1
2017-11,North Carolina,Office Supplies,25-34,Low (<50),1,16.27,5.29,16.27,1
2017-11,North Carolina,Office Supplies,35-44,Low (<50),4,96.72,5.39,24.18,2
2017-11,North Carolina,Office Supplies,35-44,Medium (50-500),3,926.16,6.54,308.72,2
2017-11,North Carolina,Office Supplies,45-59,Low (<50),1,19.01,-12.67,19.01,1
2017-11,North Carolina,Office Supplies,60+,Low (<50),1,3.3,1.07,3.3,1
2017-11,North Carolina,Technology,18-24,High (500-1500),1,1359.96,119.0,1359.96,1
2017-11,North Carolina,Technology,18-24,Medium (50-500),1,431.16,107.79,431.16,1
2017-11,North Carolina,Technology,35-44,Very High (1500+),1,7999.98,-3839.99,7999.98,1
2017-11,North Carolina,Technology,45-59,Medium (50-500),1,383.98,81.59,383.98,1
2017-11,North Carolina,Technology,60+,Low (<50),1,27.99,2.1,27.99,1
2017-11,North Carolina,Technology,60+,Medium (50-500),1,74.11,17.6,74.11,1
2017-11,Ohio,Furniture,45-59,Medium (50-500),1,155.37,-35.51,155.37,1
2017-11,Ohio,Furniture,60+,Low (<50),1,4.66,1.57,4.66,1
2017-11,Ohio,Furniture,60+,Medium (50-500),1,77.6,28.13,77.6,1
2017-11,Ohio,Office Supplies,18-24,Low (<50),2,5.47,-4.2,2.74,2
2017-11,Ohio,Office Supplies,18-24,Medium (50-500),1,59.91,-45.93,59.91,1
2017-11,Ohio,Office Supplies,25-34,Low (<50),1,11.22,-7.48,11.22,1
2017-11,Ohio,Office Supplies,35-44,Low (<50),1,38.86,7.77,38.86,1
2017-11,Ohio,Office Supplies,35-44,Medium (50-500),2,265.41,33.78,132.7,1
2017-11,Ohio,Office Supplies,45-59,Low (<50),1,10.85,3.53,10.85,1
2017-11,Ohio,Office Supplies,45-59,Medium (50-500),1,384.59,-81.73,384.59,1
2017-11,Ohio,Office Supplies,60+,High (500-1500),1,663.94,82.99,663.94,1
2017-11,Ohio,Office Supplies,60+,Low (<50),1,10.37,3.63,10.37,1
2017-11,Ohio,Office Supplies,60+,Medium (50-500),2,280.7,-38.33,140.35,2
2017-11,Ohio,Technology,18-24,Medium (50-500),1,119.94,15.99,119.94,1
2017-11,Ohio,Technology,25-34,High (500-1500),1,653.0,-935.96,653.0,1
2017-11,Ohio,Technology,25-34,Medium (50-500),2,431.65,-83.57,215.82,2
2017-11,Ohio,Technology,35-44,Medium (50-500),1,220.75,-40.47,220.75,1
2017-11,Ohio,Technology,45-59,Low (<50),1,18.54,3.01,18.54,1
2017-11,Ohio,Technology,60+,High (500-1500),1,899.98,75.0,899.98,1
2017-11,Ohio,Technology,60+,Medium (50-500),2,210.68,-7.94,105.34,2
2017-11,Oklahoma,Office Supplies,35-44,Low (<50),1,38.16,19.08,38.16,1
2017-11,Oregon,Office Supplies,35-44,Low (<50),2,23.77,3.15,11.88,1
2017-11,Oregon,Office Supplies,60+,Low (<50),1,5.68,-3.79,5.68,1
2017-11,Pennsylvania,Furniture,18-24,High (500-1500),1,1079.32,-15.42,1079.32,1
2017-11,Pennsylvania,Furniture,18-24,Medium (50-500),1,350.35,-140.14,350.35,1
2017-11,Pennsylvania,Furniture,25-34,Low (<50),1,3.31,0.66,3.31,1
2017-11,Pennsylvania,Furniture,60+,High (500-1500),2,1523.72,62.63,761.86,1
2017-11,Pennsylvania,Furniture,60+,Low (<50),1,24.05,7.21,24.05,1
2017-11,Pennsylvania,Furniture,60+,Medium (50-500),1,127.37,-30.93,127.37,1
2017-11,Pennsylvania,Furniture,60+,Very High (1500+),1,2065.32,-619.6,2065.32,1
2017-11,Pennsylvania,Office Supplies,25-34,Low (<50),3,36.47,-1.84,12.16,2
2017-11,Pennsylvania,Office Supplies,25-34,Medium (50-500),1,229.54,83.21,229.54,1
2017-11,Pennsylvania,Office Supplies,35-44,Medium (50-500),1,221.02,-55.26,221.02,1
2017-11,Pennsylvania,Office Supplies,60+,Low (<50),6,148.26,28.33,24.71,4
2017-11,Pennsylvania,Technology,18-24,Medium (50-500),1,359.97,-71.99,359.97,1
2017-11,Pennsylvania,Technology,25-34,High (500-1500),1,859.2,-186.16,859.2,1
2017-11,Pennsylvania,Technology,25-34,Medium (50-500),1,89.99,-15.0,89.99,1
2017-11,Pennsylvania,Technology,35-44,Low (<50),1,40.78,0.51,40.78,1
2017-11,South Carolina,Office Supplies,60+,Medium (50-500),1,327.84,157.36,327.84,1
2017-11,South Carolina,Technology,60+,Medium (50-500),1,79.1,39.55,79.1,1
2017-11,South Dakota,Office Supplies,45-59,Low (<50),1,25.5,6.63,25.5,1
2017-11,Tennessee,Furniture,35-44,Medium (50-500),1,209.57,-23.58,209.57,1
2017-11,Tennessee,Furniture,45-59,Medium (50-500),3,580.81,82.28,193.6,2
2017-11,Tennessee,Furniture,60+,Low (<50),1,15.99,1.0,15.99,1
2017-11,Tennessee,Office Supplies,35-44,Low (<50),1,9.66,3.26,9.66,1
2017-11,Tennessee,Office Supplies,45-59,High (500-1500),1,720.06,-63.01,720.06,1
2017-11,Tennessee,Office Supplies,45-59,Low (<50),1,8.9,3.34,8.9,1
2017-11,Tennessee,Office Supplies,60+,Low (<50),3,20.16,-9.03,6.72,2
2017-11,Tennessee,Office Supplies,60+,Medium (50-500),1,64.85,24.32,64.85,1
2017-11,Tennessee,Technology,60+,Medium (50-500),2,239.9,-16.79,119.95,1
2017-11,Texas,Furniture,18-24,High (500-1500),1,853.93,-24.4,853.93,1
2017-11,Texas,Furniture,18-24,Low (<50),1,30.56,-19.86,30.56,1
2017-11,Texas,Furniture,25-34,Low (<50),1,15.99,-13.99,15.99,1
2017-11,Texas,Furniture,35-44,High (500-1500),1,718.12,-71.81,718.12,1
2017-11,Texas,Furniture,45-59,Low (<50),1,22.85,-17.71,22.85,1
2017-11,Texas,Furniture,45-59,Medium (50-500),3,688.58,-98.76,229.53,3
2017-11,Texas,Furniture,60+,Medium (50-500),4,1044.33,-509.84,261.08,4
2017-11,Texas,Office Supplies,18-24,Low (<50),5,34.14,-17.37,6.83,3
2017-11,Texas,Office Supplies,18-24,Medium (50-500),2,120.59,-192.3,60.3,2
2017-11,Texas,Office Supplies,25-34,Low (<50),4,77.93,-14.42,19.48,3
2017-11,Texas,Office Supplies,25-34,Medium (50-500),1,99.14,8.67,99.14,1
2017-11,Texas,Office Supplies,35-44,Low (<50),2,42.6,11.31,21.3,2
2017-11,Texas,Office Supplies,45-59,High (500-1500),1,540.05,-47.25,540.05,1
2017-11,Texas,Office Supplies,45-59,Low (<50),8,156.83,-46.12,19.6,6
2017-11,Texas,Office Supplies,45-59,Medium (50-500),3,379.31,83.48,126.44,3
2017-11,Texas,Office Supplies,60+,Low (<50),6,100.77,-57.47,16.79,5
2017-11,Texas,Office Supplies,60+,Medium (50-500),1,61.79,6.18,61.79,1
2017-11,Texas,Office Supplies,60+,Very High (1500+),1,1525.19,-2287.78,1525.19,1
2017-11,Texas,Technology,18-24,Medium (50-500),2,495.92,57.09,247.96,2
2017-11,Texas,Technology,25-34,Medium (50-500),1,167.95,-27.29,167.95,1
2017-11,Texas,Technology,35-44,Medium (50-500),1,492.77,55.44,492.77,1
2017-11,Texas,Technology,45-59,Low (<50),2,79.97,11.75,39.98,2
2017-11,Texas,Technology,45-59,Medium (50-500),3,219.14,-14.71,73.05,3
2017-11,Utah,Office Supplies,45-59,Low (<50),1,19.44,9.33,19.44,1
2017-11,Virginia,Office Supplies,18-24,Low (<50),1,22.96,6.66,22.96,1
2017-11,Virginia,Office Supplies,45-59,Low (<50),3,65.66,26.24,21.89,3
2017-11,Washington,Furniture,18-24,Medium (50-500),1,307.14,26.87,307.14,1
2017-11,Washington,Furniture,18-24,Very High (1500+),1,2665.62,239.91,2665.62,1
2017-11,Washington,Furniture,45-59,Very High (1500+),1,2404.7,150.29,2404.7,1
2017-11,Washington,Furniture,60+,Medium (50-500),3,660.47,-28.68,220.16,3
2017-11,Washington,Furniture,60+,Very High (1500+),1,2036.86,366.63,2036.86,1
2017-11,Washington,Office Supplies,18-24,Low (<50),3,62.87,23.1,20.96,3
2017-11,Washington,Office Supplies,18-24,Medium (50-500),1,139.86,65.73,139.86,1
2017-11,Washington,Office Supplies,35-44,Medium (50-500),2,202.64,81.43,101.32,1
2017-11,Washington,Office Supplies,45-59,High (500-1500),1,563.02,190.02,563.02,1
2017-11,Washington,Office Supplies,45-59,Low (<50),7,85.52,29.56,12.22,4
2017-11,Washington,Office Supplies,45-59,Medium (50-500),3,610.53,65.75,203.51,2
2017-11,Washington,Office Supplies,60+,Low (<50),4,106.67,36.74,26.67,4
2017-11,Washington,Office Supplies,60+,Medium (50-500),3,550.6,168.93,183.53,3
2017-11,Washington,Technology,25-34,Low (<50),1,43.5,10.88,43.5,1
2017-11,Washington,Technology,35-44,High (500-1500),1,1039.99,104.0,1039.99,1
2017-11,Washington,Technology,45-59,Medium (50-500),1,132.52,54.33,132.52,1
2017-11,Washington,Technology,60+,Medium (50-500),2,216.84,43.48,108.42,2
2017-11,Wisconsin,Furniture,18-24,Low (<50),1,46.94,19.25,46.94,1
2017-11,Wisconsin,Furniture,35-44,Low (<50),1,5.82,2.74,5.82,1
2017-11,Wisconsin,Office Supplies,35-44,Low (<50),2,45.14,14.04,22.57,1
2017-11,Wisconsin,Office Supplies,35-44,Medium (50-500),1,92.52,24.98,92.52,1
2017-11,Wisconsin,Office Supplies,45-59,Low (<50),1,18.24,8.57,18.24,1
2017-11,Wisconsin,Technology,18-24,Medium (50-500),1,143.73,56.05,143.73,1
2017-12,Alabama,Furniture,45-59,Medium (50-500),1,141.96,35.49,141.96,1
2017-12,Alabama,Office Supplies,60+,High (500-1500),1,629.1,301.97,629.1,1
2017-12,Alabama,Office Supplies,60+,Low (<50),1,3.62,1.19,3.62,1
2017-12,Alabama,Office Supplies,60+,Medium (50-500),1,96.08,46.12,96.08,1
2017-12,Alabama,Technology,60+,Medium (50-500),1,90.48,23.52,90.48,1
2017-12,Arizona,Furniture,25-34,Medium (50-500),1,182.55,-135.09,182.55,1
2017-12,Arizona,Furniture,35-44,High (500-1500),1,842.38,105.3,842.38,1
2017-12,Arizona,Furniture,35-44,Low (<50),1,8.54,1.92,8.54,1
2017-12,Arizona,Office Supplies,35-44,Medium (50-500),1,67.86,-45.24,67.86,1
2017-12,Arizona,Office Supplies,60+,Low (<50),1,13.0,-9.97,13.0,1
2017-12,Arizona,Office Supplies,60+,Medium (50-500),1,419.4,146.79,419.4,1
2017-12,Arkansas,Office Supplies,60+,Low (<50),1,44.96,20.68,44.96,1
2017-12,Arkansas,Office Supplies,60+,Medium (50-500),3,612.94,118.07,204.31,1
2017-12,Arkansas,Technology,18-24,Low (<50),1,44.75,8.5,44.75,1
2017-12,Arkansas,Technology,18-24,Medium (50-500),1,159.8,70.31,159.8,1
2017-12,Arkansas,Technology,60+,Medium (50-500),1,494.97,148.49,494.97,1
2017-12,California,Furniture,18-24,Medium (50-500),2,302.16,91.7,151.08,2
2017-12,California,Furniture,25-34,High (500-1500),1,1159.06,43.46,1159.06,1
2017-12,California,Furniture,25-34,Medium (50-500),1,393.57,-44.28,393.57,1
2017-12,California,Furniture,35-44,High (500-1500),3,3237.18,-59.09,1079.06,2
2017-12,California,Furniture,35-44,Medium (50-500),2,233.4,-31.14,116.7,2
2017-12,California,Furniture,45-59,Medium (50-500),3,617.86,-2.9,205.95,3
2017-12,California,Furniture,60+,High (500-1500),1,629.64,107.04,629.64,1
2017-12,California,Furniture,60+,Low (<50),2,45.21,18.61,22.6,2
2017-12,California,Furniture,60+,Medium (50-500),2,178.75,15.25,89.38,1
2017-12,California,Office Supplies,18-24,Low (<50),7,132.41,60.04,18.92,2
2017-12,California,Office Supplies,18-24,Medium (50-500),2,135.05,43.79,67.52,2
2017-12,California,Office Supplies,25-34,Low (<50),9,188.44,72.4,20.94,4
2017-12,California,Office Supplies,25-34,Medium (50-500),6,631.59,197.75,105.26,4
2017-12,California,Office Supplies,35-44,Low (<50),9,178.94,71.48,19.88,6
2017-12,California,Office Supplies,35-44,Medium (50-500),5,1150.47,275.14,230.09,4
2017-12,California,Office Supplies,45-59,High (500-1500),1,725.84,210.49,725.84,1
2017-12,California,Office Supplies,45-59,Low (<50),6,125.09,45.89,20.85,6
2017-12,California,Office Supplies,45-59,Medium (50-500),5,413.86,112.05,82.77,5
2017-12,California,Office Supplies,60+,High (500-1500),2,1559.64,441.1,779.82,2
2017-12,California,Office Supplies,60+,Low (<50),11,196.77,78.48,17.89,8
2017-12,California,Office Supplies,60+,Medium (50-500),4,434.26,198.31,108.56,4
2017-12,California,Technology,18-24,Medium (50-500),1,444.77,44.48,444.77,1
2017-12,California,Technology,25-34,Low (<50),1,39.99,-8.0,39.99,1
2017-12,California,Technology,25-34,Medium (50-500),5,1213.07,276.98,242.61,4
2017-12,California,Technology,35-44,High (500-1500),1,1199.98,434.99,1199.98,1
2017-12,California,Technology,35-44,Medium (50-500),3,674.31,142.18,224.77,3
2017-12,California,Technology,45-59,Medium (50-500),1,196.78,14.76,196.78,1
2017-12,California,Technology,45-59,Very High (1500+),1,2879.95,1007.98,2879.95,1
2017-12,Colorado,Furniture,45-59,Low (<50),4,69.65,19.02,17.41,2
2017-12,Colorado,Furniture,45-59,Medium (50-500),1,102.02,-183.63,102.02,1
2017-12,Colorado,Furniture,60+,High (500-1500),2,1415.38,68.0,707.69,1
2017-12,Colorado,Furniture,60+,Medium (50-500),1,242.35,-363.53,242.35,1
2017-12,Colorado,Office Supplies,18-24,Low (<50),1,3.02,-0.6,3.02,1
2017-12,Colorado,Office Supplies,25-34,Low (<50),2,37.94,-1.24,18.97,1
2017-12,Colorado,Office Supplies,45-59,Low (<50),4,72.17,9.67,18.04,2
2017-12,Colorado,Office Supplies,45-59,Medium (50-500),1,78.26,-17.61,78.26,1
2017-12,Colorado,Office Supplies,60+,Low (<50),1,36.62,-24.42,36.62,1
2017-12,Colorado,Office Supplies,60+,Medium (50-500),1,114.29,12.86,114.29,1
2017-12,Colorado,Technology,25-34,Medium (50-500),3,982.33,92.63,327.44,1
2017-12,Colorado,Technology,45-59,Medium (50-500),2,179.09,24.62,89.54,1
2017-12,Colorado,Technology,60+,Low (<50),1,49.62,4.96,49.62,1
2017-12,Colorado,Technology,60+,Medium (50-500),1,57.36,-14.34,57.36,1
2017-12,Connecticut,Furniture,35-44,Medium (50-500),1,181.95,38.21,181.95,1
2017-12,Connecticut,Furniture,45-59,High (500-1500),1,897.15,251.2,897.15,1
2017-12,Connecticut,Furniture,45-59,Low (<50),1,27.46,9.89,27.46,1
2017-12,Connecticut,Office Supplies,45-59,Low (<50),1,19.44,9.33,19.44,1
2017-12,Connecticut,Office Supplies,60+,Low (<50),1,10.86,5.1,10.86,1
2017-12,Connecticut,Office Supplies,60+,Medium (50-500),1,426.79,123.77,426.79,1
2017-12,Florida,Furniture,18-24,Low (<50),1,21.0,5.78,21.0,1
2017-12,Florida,Furniture,35-44,High (500-1500),1,721.88,-420.0,721.88,1
2017-12,Florida,Furniture,35-44,Medium (50-500),1,64.78,-12.15,64.78,1
2017-12,Florida,Furniture,60+,Low (<50),1,19.1,5.73,19.1,1
2017-12,Florida,Office Supplies,25-34,Low (<50),1,47.96,4.2,47.96,1
2017-12,Florida,Office Supplies,35-44,Low (<50),2,21.41,4.29,10.7,2
2017-12,Florida,Office Supplies,45-59,Low (<50),1,45.66,-33.48,45.66,1
2017-12,Florida,Technology,18-24,Low (<50),1,47.99,7.2,47.99,1
2017-12,Florida,Technology,18-24,Medium (50-500),1,120.0,-7.2,120.0,1
2017-12,Florida,Technology,35-44,Medium (50-500),1,73.57,-16.55,73.57,1
2017-12,Idaho,Office Supplies,60+,Low (<50),1,21.31,7.99,21.31,1
2017-12,Illinois,Furniture,18-24,Medium (50-500),2,322.68,-319.74,161.34,1
2017-12,Illinois,Furniture,25-34,High (500-1500),1,520.46,-14.87,520.46,1
2017-12,Illinois,Furniture,25-34,Medium (50-500),1,77.72,-66.06,77.72,1
2017-12,Illinois,Furniture,45-59,Low (<50),1,2.03,-1.32,2.03,1
2017-12,Illinois,Furniture,60+,Low (<50),2,10.93,-3.8,5.46,1
2017-12,Illinois,Furniture,60+,Medium (50-500),1,113.37,-3.24,113.37,1
2017-12,Illinois,Office Supplies,18-24,Medium (50-500),2,239.09,73.55,119.54,2
2017-12,Illinois,Office Supplies,25-34,Low (<50),1,10.37,3.63,10.37,1
2017-12,Illinois,Office Supplies,35-44,Low (<50),1,13.84,-22.14,13.84,1
2017-12,Illinois,Office Supplies,35-44,Medium (50-500),2,237.44,68.37,118.72,2
2017-12,Illinois,Office Supplies,45-59,Low (<50),1,10.19,1.02,10.19,1
2017-12,Illinois,Office Supplies,60+,Low (<50),2,17.66,2.31,8.83,2
2017-12,Illinois,Office Supplies,60+,Very High (1500+),1,1889.99,-2929.48,1889.99,1
2017-12,Illinois,Technology,18-24,Low (<50),1,39.26,-4.91,39.26,1
2017-12,Illinois,Technology,25-34,Medium (50-500),1,116.31,23.26,116.31,1
2017-12,Illinois,Technology,45-59,Medium (50-500),2,280.66,48.25,140.33,1
2017-12,Indiana,Office Supplies,25-34,Low (<50),1,38.9,17.5,38.9,1
2017-12,Indiana,Office Supplies,25-34,Medium (50-500),2,270.74,73.1,135.37,2
2017-12,Indiana,Office Supplies,45-59,Low (<50),1,28.16,13.24,28.16,1
2017-12,Indiana,Office Supplies,60+,Low (<50),2,43.85,20.48,21.92,1
2017-12,Indiana,Office Supplies,60+,Medium (50-500),1,375.34,18.77,375.34,1
2017-12,Indiana,Technology,25-34,Medium (50-500),1,99.39,40.75,99.39,1
2017-12,Iowa,Office Supplies,45-59,Low (<50),2,12.68,6.09,6.34,1
2017-12,Iowa,Office Supplies,60+,Low (<50),1,44.75,20.58,44.75,1
2017-12,Kentucky,Furniture,45-59,High (500-1500),1,1207.84,314.04,1207.84,1
2017-12,Kentucky,Furniture,45-59,Medium (50-500),3,864.18,241.02,288.06,2
2017-12,Kentucky,Office Supplies,45-59,Low (<50),2,47.11,15.92,23.56,1
2017-12,Kentucky,Office Supplies,45-59,Medium (50-500),1,95.94,9.59,95.94,1
2017-12,Kentucky,Office Supplies,60+,Low (<50),4,66.18,24.24,16.55,1
2017-12,Kentucky,Office Supplies,60+,Medium (50-500),1,214.9,62.32,214.9,1
2017-12,Kentucky,Technology,60+,High (500-1500),1,1399.98,629.99,1399.98,1
2017-12,Kentucky,Technology,60+,Medium (50-500),2,217.45,76.02,108.72,2
2017-12,Louisiana,Furniture,45-59,Medium (50-500),1,232.88,60.55,232.88,1
2017-12,Louisiana,Office Supplies,45-59,Very High (1500+),1,1665.62,33.31,1665.62,1
2017-12,Louisiana,Technology,45-59,Medium (50-500),1,479.97,239.98,479.97,1
2017-12,Massachusetts,Furniture,45-59,High (500-1500),1,526.58,-52.66,526.58,1
2017-12,Massachusetts,Office Supplies,35-44,Low (<50),1,4.36,0.17,4.36,1
2017-12,Massachusetts,Office Supplies,35-44,Medium (50-500),1,286.86,80.32,286.86,1
2017-12,Massachusetts,Office Supplies,45-59,Low (<50),2,42.99,14.81,21.5,1
2017-12,Massachusetts,Office Supplies,45-59,Medium (50-500),1,73.85,2.22,73.85,1
2017-12,Massachusetts,Office Supplies,60+,Low (<50),2,31.74,15.48,15.87,1
2017-12,Massachusetts,Technology,35-44,High (500-1500),1,979.95,284.19,979.95,1
2017-12,Massachusetts,Technology,35-44,Medium (50-500),1,128.85,3.87,128.85,1
2017-12,Massachusetts,Technology,45-59,High (500-1500),1,1199.98,467.99,1199.98,1
2017-12,Michigan,Furniture,25-34,High (500-1500),1,872.94,226.96,872.94,1
2017-12,Michigan,Furniture,60+,Medium (50-500),1,411.8,70.01,411.8,1
2017-12,Michigan,Furniture,60+,Very High (1500+),1,1586.69,412.54,1586.69,1
2017-12,Michigan,Office Supplies,25-34,Low (<50),2,54.5,25.74,27.25,1
2017-12,Michigan,Office Supplies,35-44,Medium (50-500),1,54.9,26.9,54.9,1
2017-12,Michigan,Office Supplies,45-59,Low (<50),1,15.92,7.48,15.92,1
2017-12,Michigan,Office Supplies,45-59,Medium (50-500),3,228.2,25.76,76.07,1
2017-12,Michigan,Office Supplies,60+,Low (<50),3,83.36,35.02,27.79,1
2017-12,Michigan,Office Supplies,60+,Medium (50-500),1,209.7,100.66,209.7,1
2017-12,Michigan,Technology,45-59,Medium (50-500),1,131.98,35.63,131.98,1
2017-12,Michigan,Technology,60+,Medium (50-500),3,389.82,136.53,129.94,2
2017-12,Minnesota,Furniture,60+,High (500-1500),1,607.52,97.2,607.52,1
2017-12,Minnesota,Office Supplies,60+,Low (<50),2,39.96,10.34,19.98,2
2017-12,Minnesota,Technology,60+,Medium (50-500),2,542.75,173.97,271.38,1
2017-12,Mississippi,Office Supplies,25-34,Low (<50),1,45.84,22.0,45.84,1
2017-12,Mississippi,Office Supplies,25-34,Medium (50-500),1,320.64,89.78,320.64,1
2017-12,Mississippi,Technology,25-34,High (500-1500),1,599.97,257.99,599.97,1
2017-12,Mississippi,Technology,25-34,Low (<50),1,38.97,0.78,38.97,1
2017-12,Mississippi,Technology,25-34,Medium (50-500),1,52.0,23.4,52.0,1
2017-12,Missouri,Office Supplies,45-59,High (500-1500),1,839.43,218.25,839.43,1
2017-12,Nebraska,Furniture,45-59,Low (<50),1,15.92,7.0,15.92,1
2017-12,Nebraska,Office Supplies,45-59,High (500-1500),1,750.68,37.53,750.68,1
2017-12,Nebraska,Office Supplies,45-59,Low (<50),1,34.5,15.52,34.5,1
2017-12,Nebraska,Technology,35-44,Very High (1500+),1,2479.96,743.99,2479.96,1
2017-12,Nevada,Furniture,60+,Very High (1500+),1,1669.6,116.87,1669.6,1
2017-12,New Jersey,Furniture,35-44,Low (<50),1,12.99,1.56,12.99,1
2017-12,New Jersey,Furniture,35-44,Medium (50-500),2,485.16,63.73,242.58,1
2017-12,New Jersey,Office Supplies,18-24,High (500-1500),1,735.98,331.19,735.98,1
2017-12,New Jersey,Office Supplies,18-24,Low (<50),2,62.95,24.69,31.48,1
2017-12,New Jersey,Office Supplies,35-44,Low (<50),1,6.54,2.16,6.54,1
2017-12,New Jersey,Office Supplies,60+,Medium (50-500),2,235.94,100.05,117.97,1
2017-12,New Jersey,Technology,45-59,Low (<50),1,31.8,13.67,31.8,1
2017-12,New Jersey,Technology,60+,Medium (50-500),1,281.97,78.95,281.97,1
2017-12,New Mexico,Office Supplies,35-44,Low (<50),1,4.28,1.93,4.28,1
2017-12,New Mexico,Office Supplies,35-44,Medium (50-500),1,118.25,34.29,118.25,1
2017-12,New Mexico,Office Supplies,60+,Low (<50),3,59.94,20.21,19.98,1
2017-12,New Mexico,Technology,60+,Medium (50-500),1,67.04,6.7,67.04,1
2017-12,New York,Furniture,18-24,Low (<50),1,41.96,10.91,41.96,1
2017-12,New York,Furniture,25-34,Low (<50),1,18.96,8.53,18.96,1
2017-12,New York,Furniture,35-44,Low (<50),2,58.87,12.9,29.44,2
2017-12,New York,Furniture,35-44,Medium (50-500),1,58.68,18.19,58.68,1
2017-12,New York,Furniture,45-59,Medium (50-500),3,735.47,46.68,245.16,3
2017-12,New York,Furniture,60+,High (500-1500),1,1141.94,139.57,1141.94,1
2017-12,New York,Furniture,60+,Low (<50),1,41.96,10.91,41.96,1
2017-12,New York,Furniture,60+,Medium (50-500),3,573.23,87.05,191.08,3
2017-12,New York,Office Supplies,18-24,Low (<50),3,42.34,17.66,14.11,2
2017-12,New York,Office Supplies,25-34,Low (<50),4,77.04,24.21,19.26,3
2017-12,New York,Office Supplies,25-34,Medium (50-500),1,83.92,29.37,83.92,1
2017-12,New York,Office Supplies,35-44,Low (<50),1,34.02,16.67,34.02,1
2017-12,New York,Office Supplies,35-44,Medium (50-500),3,585.15,223.6,195.05,2
2017-12,New York,Office Supplies,45-59,Low (<50),4,90.86,33.94,22.72,3
2017-12,New York,Office Supplies,45-59,Medium (50-500),2,219.5,61.47,109.75,2
2017-12,New York,Office Supplies,60+,Low (<50),12,209.87,79.12,17.49,8
2017-12,New York,Office Supplies,60+,Medium (50-500),3,566.94,41.42,188.98,3
2017-12,New York,Office Supplies,60+,Very High (1500+),1,1704.56,511.37,1704.56,1
2017-12,New York,Technology,18-24,Medium (50-500),1,116.98,29.24,116.98,1
2017-12,New York,Technology,25-34,Low (<50),1,39.98,13.59,39.98,1
2017-12,New York,Technology,25-34,Medium (50-500),1,136.99,36.99,136.99,1
2017-12,New York,Technology,45-59,Medium (50-500),1,90.93,2.73,90.93,1
2017-12,New York,Technology,60+,Low (<50),2,35.22,10.94,17.61,2
2017-12,North Carolina,Office Supplies,25-34,Low (<50),1,12.67,1.43,12.67,1
2017-12,North Carolina,Office Supplies,45-59,Low (<50),1,32.78,2.46,32.78,1
2017-12,North Carolina,Office Supplies,60+,Low (<50),3,98.45,-7.72,32.82,1
2017-12,North Dakota,Office Supplies,45-59,Low (<50),2,28.38,13.56,14.19,1
2017-12,Ohio,Furniture,25-34,Low (<50),1,7.71,1.74,7.71,1
2017-12,Ohio,Furniture,35-44,Medium (50-500),1,273.06,-104.67,273.06,1
2017-12,Ohio,Office Supplies,18-24,Medium (50-500),1,74.35,23.24,74.35,1
2017-12,Ohio,Office Supplies,35-44,Low (<50),6,103.24,-10.68,17.21,4
2017-12,Ohio,Office Supplies,35-44,Medium (50-500),3,279.05,64.29,93.02,2
2017-12,Ohio,Office Supplies,45-59,Low (<50),2,16.38,1.03,8.19,2
2017-12,Ohio,Office Supplies,60+,Low (<50),1,19.73,1.73,19.73,1
2017-12,Ohio,Technology,25-34,Medium (50-500),1,127.98,25.6,127.98,1
2017-12,Ohio,Technology,35-44,High (500-1500),1,629.96,94.49,629.96,1
2017-12,Ohio,Technology,35-44,Medium (50-500),1,158.93,41.72,158.93,1
2017-12,Ohio,Technology,45-59,Medium (50-500),1,164.39,-35.62,164.39,1
2017-12,Ohio,Technology,60+,Medium (50-500),1,151.19,-25.2,151.19,1
2017-12,Oklahoma,Office Supplies,45-59,Low (<50),1,10.8,5.18,10.8,1
2017-12,Pennsylvania,Furniture,25-34,Medium (50-500),2,462.66,-37.6,231.33,2
2017-12,Pennsylvania,Furniture,35-44,Medium (50-500),3,587.35,36.01,195.78,3
2017-12,Pennsylvania,Furniture,60+,Low (<50),1,11.35,2.7,11.35,1
2017-12,Pennsylvania,Furniture,60+,Medium (50-500),4,589.39,-48.1,147.35,3
2017-12,Pennsylvania,Office Supplies,18-24,Low (<50),1,11.09,-8.13,11.09,1
2017-12,Pennsylvania,Office Supplies,25-34,Low (<50),4,31.91,-4.45,7.98,3
2017-12,Pennsylvania,Office Supplies,25-34,Medium (50-500),1,104.68,35.33,104.68,1
2017-12,Pennsylvania,Office Supplies,35-44,High (500-1500),1,631.18,-462.86,631.18,1
2017-12,Pennsylvania,Office Supplies,35-44,Low (<50),4,45.59,7.1,11.4,4
2017-12,Pennsylvania,Office Supplies,60+,Low (<50),3,74.7,14.19,24.9,2
2017-12,Pennsylvania,Technology,25-34,Medium (50-500),1,62.96,9.44,62.96,1
2017-12,Pennsylvania,Technology,35-44,Low (<50),1,14.2,3.37,14.2,1
2017-12,Pennsylvania,Technology,35-44,Medium (50-500),1,83.99,-21.0,83.99,1
2017-12,Pennsylvania,Technology,60+,Medium (50-500),1,255.97,-28.8,255.97,1
2017-12,Rhode Island,Furniture,45-59,Medium (50-500),1,220.98,50.83,220.98,1
2017-12,Rhode Island,Office Supplies,18-24,High (500-1500),1,592.74,160.04,592.74,1
2017-12,Rhode Island,Office Supplies,45-59,High (500-1500),1,695.16,34.76,695.16,1
2017-12,South Carolina,Furniture,60+,Low (<50),1,14.76,4.28,14.76,1
2017-12,South Carolina,Office Supplies,35-44,Low (<50),1,23.88,11.22,23.88,1
2017-12,Tennessee,Furniture,25-34,High (500-1500),1,934.96,-249.32,934.96,1
2017-12,Tennessee,Furniture,25-34,Medium (50-500),1,72.7,19.08,72.7,1
2017-12,Tennessee,Office Supplies,25-34,Low (<50),3,61.55,5.93,20.52,2
2017-12,Tennessee,Office Supplies,25-34,Medium (50-500),3,342.38,-51.25,114.13,3
2017-12,Tennessee,Technology,18-24,High (500-1500),1,649.0,-272.58,649.0,1
2017-12,Tennessee,Technology,25-34,Low (<50),1,46.86,7.62,46.86,1
2017-12,Texas,Furniture,25-34,Low (<50),1,13.59,-14.27,13.59,1
2017-12,Texas,Furniture,45-59,High (500-1500),1,974.99,-97.5,974.99,1
2017-12,Texas,Furniture,45-59,Medium (50-500),1,78.85,-11.6,78.85,1
2017-12,Texas,Furniture,60+,Low (<50),2,18.46,-9.54,9.23,2
2017-12,Texas,Furniture,60+,Medium (50-500),1,317.06,-18.12,317.06,1
2017-12,Texas,Office Supplies,25-34,Low (<50),2,32.25,-0.74,16.12,1
2017-12,Texas,Office Supplies,25-34,Medium (50-500),1,75.88,26.56,75.88,1
2017-12,Texas,Office Supplies,35-44,Low (<50),2,17.42,1.85,8.71,2
2017-12,Texas,Office Supplies,35-44,Medium (50-500),1,66.28,-178.97,66.28,1
2017-12,Texas,Office Supplies,45-59,Low (<50),9,257.47,-182.11,28.61,4
2017-12,Texas,Office Supplies,60+,Low (<50),6,68.33,14.73,11.39,4
2017-12,Texas,Office Supplies,60+,Medium (50-500),2,558.94,-746.19,279.47,2
2017-12,Texas,Technology,60+,Medium (50-500),1,219.8,24.73,219.8,1
2017-12,Vermont,Technology,35-44,Medium (50-500),1,205.03,67.66,205.03,1
2017-12,Virginia,Furniture,25-34,High (500-1500),1,504.9,80.78,504.9,1
2017-12,Virginia,Furniture,45-59,High (500-1500),1,701.96,168.47,701.96,1
2017-12,Virginia,Furniture,60+,Medium (50-500),1,82.38,25.54,82.38,1
2017-12,Virginia,Office Supplies,25-34,Low (<50),1,34.65,10.4,34.65,1
2017-12,Virginia,Office Supplies,45-59,High (500-1500),1,544.38,157.87,544.38,1
2017-12,Washington,Furniture,18-24,High (500-1500),1,521.96,88.73,521.96,1
2017-12,Washington,Furniture,35-44,Low (<50),2,30.17,12.83,15.08,2
2017-12,Washington,Furniture,45-59,Medium (50-500),2,210.42,61.71,105.21,2
2017-12,Washington,Furniture,60+,Medium (50-500),2,270.58,71.08,135.29,2
2017-12,Washington,Office Supplies,18-24,High (500-1500),1,1003.62,0.0,1003.62,1
2017-12,Washington,Office Supplies,18-24,Low (<50),1,18.24,5.29,18.24,1
2017-12,Washington,Office Supplies,18-24,Medium (50-500),1,324.9,38.99,324.9,1
2017-12,Washington,Office Supplies,25-34,Low (<50),2,39.79,13.8,19.9,1
2017-12,Washington,Office Supplies,45-59,Low (<50),4,96.76,38.33,24.19,4
2017-12,Washington,Office Supplies,60+,High (500-1500),1,541.24,5.41,541.24,1
2017-12,Washington,Office Supplies,60+,Low (<50),2,25.22,8.39,12.61,2
2017-12,Washington,Office Supplies,60+,Medium (50-500),2,256.67,89.84,128.34,1
2017-12,Washington,Technology,18-24,Low (<50),1,49.08,4.91,49.08,1
2017-12,Washington,Technology,60+,Low (<50),1,31.18,-7.01,31.18,1
2017-12,Wisconsin,Furniture,35-44,Medium (50-500),1,459.92,41.39,459.92,1
2017-12,Wisconsin,Furniture,60+,Medium (50-500),1,99.95,22.99,99.95,1
2017-12,Wisconsin,Office Supplies,35-44,High (500-1500),1,1089.75,305.13,1089.75,1
2017-12,Wisconsin,Office Supplies,35-44,Low (<50),1,27.52,12.66,27.52,1
2017-12,Wisconsin,Office Supplies,35-44,Medium (50-500),1,61.06,28.09,61.06,1
2017-12,Wisconsin,Office Supplies,60+,Low (<50),1,32.56,8.47,32.56,1
2017-12,Wisconsin,Technology,35-44,Medium (50-500),1,178.11,32.06,178.11,1
2017-12,Wisconsin,Technology,60+,Low (<50),1,29.34,10.86,29.34,1
